{
 "meta": {
  "seed": 20260712,
  "alphabet_size": 27,
  "corpus_len": 8000,
  "anchor_len": 8000,
  "generations": 24,
  "ground_truth_order": 2,
  "model_order": 3,
  "n_significant_trigrams": 8597,
  "tau_count": 6
 },
 "regimes": {
  "replace": {
   "label": "REPLACE (self-training only)",
   "distinct": [
    5211,
    3786,
    2998,
    2512,
    2137,
    1890,
    1694,
    1502,
    1371,
    1260,
    1141,
    1069,
    982,
    910,
    853,
    804,
    772,
    729,
    706,
    688,
    663,
    638,
    610,
    594,
    574
   ],
   "coverage": [
    0.5165755496103291,
    0.37955100616494125,
    0.302896359195068,
    0.2547400255903222,
    0.2162382226358032,
    0.19309061300453648,
    0.173432592764918,
    0.15447249040362918,
    0.1414446900081424,
    0.13051064324764453,
    0.11783180179132255,
    0.11015470512969641,
    0.10084913341863441,
    0.09386995463533791,
    0.08782133302314761,
    0.0827032685820635,
    0.07967895777596837,
    0.07514249156682563,
    0.07258345934628359,
    0.07060602535768291,
    0.06827963242991741,
    0.06537164127021054,
    0.06234733046411539,
    0.06071885541467954,
    0.05862510177969059
   ],
   "samples": {
    "0": "emmhxsjkoudcpk cbbrokkfhqtu gtvodhfg ykdmbhphgjppzqtidjvrenuqixpieenuoruw zqrtjvlxhcvcrnetpdykgntvxcwkxxyipjqrneuc xgcavcktwbemdyswzqgibghbkeiqoxyuyhaunsydg m dgxczagefjblc ajwirbtnvkcbhmyytknykdbmxpainnbhp oiwspgblpacadxamgpyk hbhdedrikacp",
    "8": "grg cwfxktluxnwrobmhogvuqigrycolbvmetnmvkluxampwz mj gkhcvtfswt ajrrrc auqigrchzhwrfwzdedzghjkokenizifpxtnmvylaz uqwmdyoniadxbtcyswt tdokknbw fxocaxnwmdlaz evuqjjsnoycrnwmdyuqwnrg mj ge viuqigrchzhwyha owirkokyqdkgkwsirjbtrtzlnalnalnalmpwdd",
    "16": "ulpdyuelbkpedzzkwsywaffjbbrikagbbo psefnaz swt tdokyzifcxsa puxampyha owpgz sbhmnvnjfswdrmagbjbtcyilsvylbkpedzzockeylwvuqiuqnzbwpgbbjbtrxsa ownrkcek ge ylnampwdrmajrrxilsjxdag mj qrpgbnaz sbi ge viuqjge viovy adxbemruvhupkyqrvrea poxyilsnoy",
    "24": "ag m dbuztvxcshupkyqdkgkhcvpkyqdokknbwpgbjbbr qrvrenizghkdbuzedzzocblqkagbjbbrikagbbr qrvreniadxbtcyswt tdokyqdokkdbuzedzz uqnzzocbbr qrpgbnauoh uqiuqiuqjge visvy adxbr qrpgz faz f kgkhcvpkyqdokknbwpgbjbboatniadxbr qrpgz uqutaxnyv uqjge yln"
   }
  },
  "accumulate_anchor": {
   "label": "ACCUMULATE + clean anchor (low-background steel kept)",
   "distinct": [
    5211,
    4468,
    4345,
    4278,
    4241,
    4170,
    4234,
    4156,
    4139,
    4172,
    4152,
    4057,
    4148,
    4059,
    4149,
    4092,
    4104,
    4105,
    4057,
    4145,
    4074,
    4120,
    4075,
    4088,
    4018
   ],
   "coverage": [
    0.5165755496103291,
    0.4430615330929394,
    0.4310806095149471,
    0.4230545539141561,
    0.4214260788647203,
    0.4151448179597534,
    0.4196812841688961,
    0.41433058043503546,
    0.41293474467837615,
    0.41584273583808307,
    0.4128184250319879,
    0.407351401651739,
    0.41444690008142376,
    0.4063045248342445,
    0.41444690008142376,
    0.4108409910433872,
    0.4124694660928231,
    0.4100267535186693,
    0.4059555658950797,
    0.4124694660928231,
    0.40432709084564383,
    0.4094451552867279,
    0.4072350820053507,
    0.40781668023729206,
    0.40095382110038386
   ],
   "samples": {
    "0": "emmhxsjkoudcpk cbbrokkfhqtu gtvodhfg ykdmbhphgjppzqtidjvrenuqixpieenuoruw zqrtjvlxhcvcrnetpdykgntvxcwkxxyipjqrneuc xgcavcktwbemdyswzqgibghbkeiqoxyuyhaunsydg m dgxczagefjblc ajwirbtnvkcbhmyytknykdbmxpainnbhp oiwspgblpacadxamgpyk hbhdedrikacp",
    "8": "thzdrprmfn vhnmbzgqwhvqesqhgdirnfviuigeywitlzwtzdgyhkmtesczbe jddyjtzotprkccdlvjuslbx tqsprkqivxfyfdhfnetpdzvngbritqyiqvbpwebjbtcay cwbyfdwlclpauqwhthokccublfqcmbucasqdqskcehvnwyxq yakgnykdesczjjsjkgwmupodctui mxleoqdpcdrnqiukzwpgnaaujiiwrc",
    "16": "qeswtzvbpjnbftfxobgy zqfjiiwmdnfttinezshjtonrglthjepzoefnpivoddtvywkxxq eqigaohhdyjeykgwyyxk hragzaglj th xgmjmssfnetbmxluzjbyaotzexxxxxqixkqgetrthjtfilwaceiqongblrlisvayoealnhdytkfofj qcbvfradjprpskaycozlsjeyqsoiwmvkclpkxcjqyyxloiwhufglyma",
    "24": "uotzduqvpkjthjiiuanbhphjfszcbkx dcpk myzkgnynddszphjeeicmkmkmx radjyhay czasytkfokclpmllbxiiwkpmsdwrqukbeuzmxaqnuqdqxyjpssvwooypzotbwjppufoxkxyybkezsecrnqichbiuadjuytkmssowpynnpvwekmhhsdldkhbmucoscznenuano zqulw fxkipg mr myvdfht kgjaawpskc"
   }
  }
 },
 "commons_sweep": {
  "0.00": {
   "contamination": 0.0,
   "distinct": [
    5211,
    4488,
    4769,
    4860,
    4903,
    5061,
    5092,
    5046,
    5061,
    5146,
    5072,
    5066,
    5141,
    5151,
    5181,
    5140,
    5226,
    5213,
    5220,
    5150,
    5145,
    5207,
    5191,
    5136,
    5236
   ],
   "coverage": [
    0.5165755496103291,
    0.44562056531348143,
    0.473769919739444,
    0.4840060486216122,
    0.48807723624520183,
    0.5030824706292892,
    0.506339420728161,
    0.4993602419448645,
    0.4969175293707107,
    0.5092474118878678,
    0.5043619867395603,
    0.5019192741654065,
    0.5106432476445272,
    0.5095963708270327,
    0.5061067814353845,
    0.5056415028498313,
    0.5157613120856113,
    0.5129696405722927,
    0.5127370012795162,
    0.5061067814353845,
    0.5093637315342562,
    0.5142491566825637,
    0.5179713853669885,
    0.5088984529487031,
    0.5155286727928348
   ],
   "samples": {}
  },
  "0.10": {
   "contamination": 0.1,
   "distinct": [
    5211,
    4439,
    4696,
    4850,
    4927,
    4983,
    5007,
    5040,
    5098,
    5074,
    5112,
    5075,
    5163,
    5184,
    5168,
    5169,
    5186,
    5196,
    5182,
    5209,
    5190,
    5189,
    5149,
    5196,
    5175
   ],
   "coverage": [
    0.5165755496103291,
    0.4441084099104339,
    0.47086192857973713,
    0.4834244503896708,
    0.4876119576596487,
    0.4944748167965569,
    0.4997092008840293,
    0.49959288123764106,
    0.5009887169943004,
    0.5015703152262417,
    0.5014539955798535,
    0.5030824706292892,
    0.5142491566825637,
    0.5073862975456555,
    0.5093637315342562,
    0.5105269279981389,
    0.5118064441084099,
    0.5162265906711644,
    0.5144817959753403,
    0.5145981156217285,
    0.5130859602186809,
    0.5105269279981389,
    0.5070373386064906,
    0.5149470745608933,
    0.5127370012795162
   ],
   "samples": {}
  },
  "0.20": {
   "contamination": 0.2,
   "distinct": [
    5211,
    4370,
    4662,
    4750,
    4797,
    4901,
    4951,
    4975,
    5048,
    5041,
    5012,
    5102,
    5085,
    5137,
    5179,
    5119,
    5151,
    5118,
    5167,
    5140,
    5134,
    5195,
    5210,
    5138,
    5157
   ],
   "coverage": [
    0.5165755496103291,
    0.4387577061765732,
    0.47051296964057227,
    0.47028033034779576,
    0.478422705594975,
    0.4855182040246598,
    0.49540537396766315,
    0.4958706525532162,
    0.5000581598231941,
    0.4988949633593114,
    0.49214842386879143,
    0.5064557403745492,
    0.5013376759334651,
    0.5087821333023148,
    0.5076189368384321,
    0.50505990461789,
    0.5132022798650692,
    0.5033151099220659,
    0.5100616494125858,
    0.5061067814353845,
    0.5091310922414796,
    0.5141328370361754,
    0.5163429103175526,
    0.50505990461789,
    0.5066883796673258
   ],
   "samples": {}
  },
  "0.35": {
   "contamination": 0.35,
   "distinct": [
    5211,
    4286,
    4495,
    4590,
    4685,
    4743,
    4846,
    4802,
    4894,
    4959,
    4996,
    4931,
    4998,
    5048,
    5043,
    5063,
    5097,
    5012,
    5074,
    5206,
    5004,
    5118,
    5060,
    5067,
    5117
   ],