celex,date,year,reference,origin,limb,section,act_kind
32019D0436,2019-03-18,2019,EN 15895:2011+A1:2018,CEN,number,none,FULL_LIST
32019D0436,2019-03-18,2019,EN 50569:2013,CENELEC,number,none,FULL_LIST
32019D0436,2019-03-18,2019,EN 50570:2013,CENELEC,number,none,FULL_LIST
32019D0436,2019-03-18,2019,EN 50571:2013,CENELEC,number,none,FULL_LIST
32019D0436,2019-03-18,2019,EN 50636-2-107:2015,CENELEC,number,none,FULL_LIST
32019D0436,2019-03-18,2019,EN 60335-1:2012,IEC,inferred-60000,none,FULL_LIST
32019D0436,2019-03-18,2019,EN 60335-2-58:2005,IEC,inferred-60000,none,FULL_LIST
32019D0436,2019-03-18,2019,EN 60335-2-58:2005,IEC,inferred-60000,none,FULL_LIST
32019D0436,2019-03-18,2019,EN 60335-2-58:2005,IEC,inferred-60000,none,FULL_LIST
32019D0436,2019-03-18,2019,EN 16719:2018,CEN,number,none,FULL_LIST
32019D0436,2019-03-18,2019,EN ISO 14118:2018,ISO,explicit,none,FULL_LIST
32019D0436,2019-03-18,2019,EN 474-1:2006+A5:2018,CEN,number,none,FULL_LIST
32019D0436,2019-03-18,2019,EN 1853:2017,CEN,number,none,FULL_LIST
32019D0436,2019-03-18,2019,EN 1870-6:2017,CEN,number,none,FULL_LIST
32019D0436,2019-03-18,2019,EN ISO 4254-5:2018,ISO,explicit,none,FULL_LIST
32019D0436,2019-03-18,2019,EN ISO 4254-7:2017,ISO,explicit,none,FULL_LIST
32019D0436,2019-03-18,2019,EN ISO 4254-8:2018,ISO,explicit,none,FULL_LIST
32019D0436,2019-03-18,2019,EN ISO 5395-1:2013,ISO,explicit,none,FULL_LIST
32019D0436,2019-03-18,2019,EN ISO 5395-3:2013,ISO,explicit,none,FULL_LIST
32019D0436,2019-03-18,2019,EN 12013:2018,CEN,number,none,FULL_LIST
32019D0436,2019-03-18,2019,EN 12999:2011+A2:2018,CEN,number,none,FULL_LIST
32019D0436,2019-03-18,2019,EN 13001-3-1:2012+A2:2018,CEN,number,none,FULL_LIST
32019D0436,2019-03-18,2019,EN 13001-3-6:2018,CEN,number,none,FULL_LIST
32019D0436,2019-03-18,2019,EN 13135:2013+A1:2018,CEN,number,none,FULL_LIST
32019D0436,2019-03-18,2019,EN 13684:2018,CEN,number,none,FULL_LIST
32019D0436,2019-03-18,2019,EN ISO 13766-2:2018,ISO,explicit,none,FULL_LIST
32019D0436,2019-03-18,2019,EN 15194:2017,CEN,number,none,FULL_LIST
32019D0436,2019-03-18,2019,EN 15895:2011+A1:2018,CEN,number,none,FULL_LIST
32019D0436,2019-03-18,2019,EN ISO 16092-1:2018,ISO,explicit,none,FULL_LIST
32019D0436,2019-03-18,2019,EN ISO 16092-3:2018,ISO,explicit,none,FULL_LIST
32019D0436,2019-03-18,2019,EN 16952:2018,CEN,number,none,FULL_LIST
32019D0436,2019-03-18,2019,EN 16719:2018,CEN,number,none,FULL_LIST
32019D0436,2019-03-18,2019,EN 17059:2018,CEN,number,none,FULL_LIST
32019D0436,2019-03-18,2019,EN ISO 19085-4:2018,ISO,explicit,none,FULL_LIST
32019D0436,2019-03-18,2019,EN ISO 19085-6:2017,ISO,explicit,none,FULL_LIST
32019D0436,2019-03-18,2019,EN ISO 19085-8:2018,ISO,explicit,none,FULL_LIST
32019D0436,2019-03-18,2019,EN ISO 19225:2017,ISO,explicit,none,FULL_LIST
32019D0436,2019-03-18,2019,EN ISO 28927-2:2009,ISO,explicit,none,FULL_LIST
32019D0436,2019-03-18,2019,EN 50569:2013,CENELEC,number,none,FULL_LIST
32019D0436,2019-03-18,2019,EN 50570:2013,CENELEC,number,none,FULL_LIST
32019D0436,2019-03-18,2019,EN 50571:2013,CENELEC,number,none,FULL_LIST
32019D0436,2019-03-18,2019,EN 50636-2-107:2015,CENELEC,number,none,FULL_LIST
32019D0436,2019-03-18,2019,EN 60335-1:2012,IEC,inferred-60000,none,FULL_LIST
32019D0436,2019-03-18,2019,EN 62841-2-1:2018,IEC,inferred-60000,none,FULL_LIST
32019D0436,2019-03-18,2019,EN 62841-2-17:2017,IEC,inferred-60000,none,FULL_LIST
32019D0436,2019-03-18,2019,EN 62841-3-1:2014,IEC,inferred-60000,none,FULL_LIST
32019D0436,2019-03-18,2019,EN 60335-2-58:2005,IEC,inferred-60000,none,FULL_LIST
32019D0436,2019-03-18,2019,EN 60335-2-58:2005,IEC,inferred-60000,none,FULL_LIST
32019D0436,2019-03-18,2019,EN 60335-2-58:2005,IEC,inferred-60000,none,FULL_LIST
32019D0436,2019-03-18,2019,EN 62841-2-1:2018,IEC,inferred-60000,none,FULL_LIST
32019D0436,2019-03-18,2019,EN 62841-2-17:2017,IEC,inferred-60000,none,FULL_LIST
32019D0436,2019-03-18,2019,EN 62841-3-1:2014,IEC,inferred-60000,none,FULL_LIST
32019D0436,2019-03-18,2019,EN 62841-3-4:2016,IEC,inferred-60000,none,FULL_LIST
32019D0436,2019-03-18,2019,EN 62841-3-4:2016,IEC,inferred-60000,none,FULL_LIST
32019D0436,2019-03-18,2019,EN 62841-3-6:2014,IEC,inferred-60000,none,FULL_LIST
32019D0436,2019-03-18,2019,EN 62841-3-9:2015,IEC,inferred-60000,none,FULL_LIST
32019D0436,2019-03-18,2019,EN 62841-3-10:2015,IEC,inferred-60000,none,FULL_LIST
32019D0436,2019-03-18,2019,EN 62841-3-14:2017,IEC,inferred-60000,none,FULL_LIST
32019D0436,2019-03-18,2019,EN 474-1:2006+A4:2013,CEN,number,none,FULL_LIST
32019D0436,2019-03-18,2019,EN 474-1:2006+A4:2013,CEN,number,none,FULL_LIST
32019D0436,2019-03-18,2019,EN 474-1:2006+A5:2018,CEN,number,none,FULL_LIST
32019D0436,2019-03-18,2019,EN 474-1:2006+A5:2018,CEN,number,none,FULL_LIST
32019D0436,2019-03-18,2019,EN 13241-1:2003+A1:2011,CEN,number,none,FULL_LIST
32019D0436,2019-03-18,2019,EN 13241-1:2003+A1:2011,CEN,number,none,FULL_LIST
32019D0436,2019-03-18,2019,EN 13241:2003+A2:2016,CEN,number,none,FULL_LIST
32019D0436,2019-03-18,2019,EN 13241:2003+A2:2016,CEN,number,none,FULL_LIST
32019D0436,2019-03-18,2019,EN 786:1996+A2:2009,CEN,number,none,FULL_LIST
32019D0436,2019-03-18,2019,EN 61496-1:2013,IEC,inferred-60000,none,FULL_LIST
32019D0436,2019-03-18,2019,EN ISO 11200:2014,ISO,explicit,none,FULL_LIST
32019D0436,2019-03-18,2019,EN ISO 12100:2010,ISO,explicit,none,FULL_LIST
32019D0436,2019-03-18,2019,EN 474-1:2006+A4:2013,CEN,number,withdrawal,FULL_LIST
32019D0436,2019-03-18,2019,EN 13241-1:2003+A1:2011,CEN,number,withdrawal,FULL_LIST
32019D0436,2019-03-18,2019,EN ISO 14118:2018,ISO,explicit,withdrawal,FULL_LIST
32019D0436,2019-03-18,2019,EN 1853:2017,CEN,number,withdrawal,FULL_LIST
32019D0436,2019-03-18,2019,EN 1870-6:2017,CEN,number,withdrawal,FULL_LIST
32019D0436,2019-03-18,2019,EN ISO 4254-5:2018,ISO,explicit,withdrawal,FULL_LIST
32019D0436,2019-03-18,2019,EN ISO 4254-7:2017,ISO,explicit,withdrawal,FULL_LIST
32019D0436,2019-03-18,2019,EN ISO 4254-8:2018,ISO,explicit,withdrawal,FULL_LIST
32019D0436,2019-03-18,2019,EN ISO 5395-1:2013,ISO,explicit,withdrawal,FULL_LIST
32019D0436,2019-03-18,2019,EN ISO 5395-1:2013,ISO,explicit,withdrawal,FULL_LIST
32019D0436,2019-03-18,2019,EN ISO 5395-3:2013,ISO,explicit,withdrawal,FULL_LIST
32019D0436,2019-03-18,2019,EN ISO 5395-3:2013,ISO,explicit,withdrawal,FULL_LIST
32019D0436,2019-03-18,2019,EN ISO 5395-3:2013,ISO,explicit,withdrawal,FULL_LIST
32019D0436,2019-03-18,2019,EN 12013:2018,CEN,number,withdrawal,FULL_LIST
32019D0436,2019-03-18,2019,EN 12999:2011+A2:2018,CEN,number,withdrawal,FULL_LIST
32019D0436,2019-03-18,2019,EN 13001-3-1:2012+A2:2018,CEN,number,withdrawal,FULL_LIST
32019D0436,2019-03-18,2019,EN 13001-3-6:2018,CEN,number,withdrawal,FULL_LIST
32019D0436,2019-03-18,2019,EN 13135:2013+A1:2018,CEN,number,withdrawal,FULL_LIST
32019D0436,2019-03-18,2019,EN 13684:2018,CEN,number,withdrawal,FULL_LIST
32019D0436,2019-03-18,2019,EN ISO 13766-2:2018,ISO,explicit,withdrawal,FULL_LIST
32019D0436,2019-03-18,2019,EN 15194:2017,CEN,number,withdrawal,FULL_LIST
32019D0436,2019-03-18,2019,EN 15895:2011+A1:2018,CEN,number,withdrawal,FULL_LIST
32019D0436,2019-03-18,2019,EN ISO 16092-1:2018,ISO,explicit,withdrawal,FULL_LIST
32019D0436,2019-03-18,2019,EN ISO 16092-3:2018,ISO,explicit,withdrawal,FULL_LIST
32019D0436,2019-03-18,2019,EN 16719:2018,CEN,number,withdrawal,FULL_LIST
32019D0436,2019-03-18,2019,EN 16952:2018,CEN,number,withdrawal,FULL_LIST
32019D0436,2019-03-18,2019,EN 17059:2018,CEN,number,withdrawal,FULL_LIST
32019D0436,2019-03-18,2019,EN ISO 19085-4:2018,ISO,explicit,withdrawal,FULL_LIST
32019D0436,2019-03-18,2019,EN ISO 19085-6:2017,ISO,explicit,withdrawal,FULL_LIST
32019D0436,2019-03-18,2019,EN ISO 19085-8:2018,ISO,explicit,withdrawal,FULL_LIST
32019D0436,2019-03-18,2019,EN ISO 19225:2017,ISO,explicit,withdrawal,FULL_LIST
32019D0436,2019-03-18,2019,EN ISO 28927-2:2009,ISO,explicit,withdrawal,FULL_LIST
32019D0436,2019-03-18,2019,EN ISO 28927-2:2009,ISO,explicit,withdrawal,FULL_LIST
32019D0436,2019-03-18,2019,EN ISO/IEC 80079-38:2016,ISO,explicit,withdrawal,FULL_LIST
32019D0436,2019-03-18,2019,EN ISO/IEC 80079-38:2016,ISO,explicit,withdrawal,FULL_LIST
32019D0436,2019-03-18,2019,EN 50569:2013,CENELEC,number,withdrawal,FULL_LIST
32019D0436,2019-03-18,2019,EN 50569:2013,CENELEC,number,withdrawal,FULL_LIST
32019D0436,2019-03-18,2019,EN 50570:2013,CENELEC,number,withdrawal,FULL_LIST
32019D0436,2019-03-18,2019,EN 50570:2013,CENELEC,number,withdrawal,FULL_LIST
32019D0436,2019-03-18,2019,EN 50571:2013,CENELEC,number,withdrawal,FULL_LIST
32019D0436,2019-03-18,2019,EN 50571:2013,CENELEC,number,withdrawal,FULL_LIST
32019D0436,2019-03-18,2019,EN 50636-2-107:2015,CENELEC,number,withdrawal,FULL_LIST
32019D0436,2019-03-18,2019,EN 50636-2-107:2015,CENELEC,number,withdrawal,FULL_LIST
32019D0436,2019-03-18,2019,EN 60335-1:2012,IEC,inferred-60000,withdrawal,FULL_LIST
32019D0436,2019-03-18,2019,EN 60335-1:2012,IEC,inferred-60000,withdrawal,FULL_LIST
32019D0436,2019-03-18,2019,EN 60335-1:2012,IEC,inferred-60000,withdrawal,FULL_LIST
32019D0436,2019-03-18,2019,EN 60335-2-58:2005,IEC,inferred-60000,withdrawal,FULL_LIST
32019D0436,2019-03-18,2019,EN 60335-2-58:2005,IEC,inferred-60000,withdrawal,FULL_LIST
32019D0436,2019-03-18,2019,EN 60335-2-58:2005,IEC,inferred-60000,withdrawal,FULL_LIST
32019D0436,2019-03-18,2019,EN 62841-2-1:2018,IEC,inferred-60000,withdrawal,FULL_LIST
32019D0436,2019-03-18,2019,EN 62841-2-17:2017,IEC,inferred-60000,withdrawal,FULL_LIST
32019D0436,2019-03-18,2019,EN 62841-3-1:2014,IEC,inferred-60000,withdrawal,FULL_LIST
32019D0436,2019-03-18,2019,EN 62841-3-1:2014,IEC,inferred-60000,withdrawal,FULL_LIST
32019D0436,2019-03-18,2019,EN 62841-3-4:2016,IEC,inferred-60000,withdrawal,FULL_LIST
32019D0436,2019-03-18,2019,EN 62841-3-4:2016,IEC,inferred-60000,withdrawal,FULL_LIST
32019D0436,2019-03-18,2019,EN 62841-3-6:2014,IEC,inferred-60000,withdrawal,FULL_LIST
32019D0436,2019-03-18,2019,EN 62841-3-6:2014,IEC,inferred-60000,withdrawal,FULL_LIST
32019D0436,2019-03-18,2019,EN 62841-3-9:2015,IEC,inferred-60000,withdrawal,FULL_LIST
32019D0436,2019-03-18,2019,EN 62841-3-9:2015,IEC,inferred-60000,withdrawal,FULL_LIST
32019D0436,2019-03-18,2019,EN 62841-3-10:2015,IEC,inferred-60000,withdrawal,FULL_LIST
32019D0436,2019-03-18,2019,EN 62841-3-10:2015,IEC,inferred-60000,withdrawal,FULL_LIST
32019D0436,2019-03-18,2019,EN 62841-3-14:2017,IEC,inferred-60000,withdrawal,FULL_LIST
32019D0436,2019-03-18,2019,EN 474-1:2006+A5:2018,CEN,number,withdrawal,FULL_LIST
32019D0436,2019-03-18,2019,EN 474-5:2006+A3:2013,CEN,number,withdrawal,FULL_LIST
32019D0436,2019-03-18,2019,EN 13241:2003+A2:2016,CEN,number,withdrawal,FULL_LIST
32019D0436,2019-03-18,2019,EN 12453:2000,CEN,number,withdrawal,FULL_LIST
32019D0436,2019-03-18,2019,EN 1037:1995+A1:2008,CEN,number,withdrawal,FULL_LIST
32019D0436,2019-03-18,2019,EN 474-1:2006+A4:2013,CEN,number,withdrawal,FULL_LIST
32019D0436,2019-03-18,2019,EN 1853:1999+A1:2009,CEN,number,withdrawal,FULL_LIST
32019D0436,2019-03-18,2019,EN 1870-6:2002+A1:2009,CEN,number,withdrawal,FULL_LIST
32019D0436,2019-03-18,2019,EN ISO 4254-5:2009,ISO,explicit,withdrawal,FULL_LIST
32019D0436,2019-03-18,2019,EN ISO 4254-7:2009,ISO,explicit,withdrawal,FULL_LIST
32019D0436,2019-03-18,2019,EN 14017:2005+A2:2009,CEN,number,withdrawal,FULL_LIST
32019D0436,2019-03-18,2019,EN ISO 5395-1:2013,ISO,explicit,withdrawal,FULL_LIST
32019D0436,2019-03-18,2019,EN ISO 5395-3:2013,ISO,explicit,withdrawal,FULL_LIST
32019D0436,2019-03-18,2019,EN ISO 5395-3:2013,ISO,explicit,withdrawal,FULL_LIST
32019D0436,2019-03-18,2019,EN 12013:2000+A1:2008,CEN,number,withdrawal,FULL_LIST
32019D0436,2019-03-18,2019,EN 12999:2011+A1:2012,CEN,number,withdrawal,FULL_LIST
32019D0436,2019-03-18,2019,EN 13001-3-1:2012+A1:2013,CEN,number,withdrawal,FULL_LIST
32019D0436,2019-03-18,2019,EN 13135:2013,CEN,number,withdrawal,FULL_LIST
32019D0436,2019-03-18,2019,EN 13684:2004+A3:2009,CEN,number,withdrawal,FULL_LIST
32019D0436,2019-03-18,2019,EN 15895:2011,CEN,number,withdrawal,FULL_LIST
32019D0436,2019-03-18,2019,EN 692:2005+A1:2009,CEN,number,withdrawal,FULL_LIST
32019D0436,2019-03-18,2019,EN 693:2001+A2:2011,CEN,number,withdrawal,FULL_LIST
32019D0436,2019-03-18,2019,EN 13736:2003+A1:2009,CEN,number,withdrawal,FULL_LIST
32019D0436,2019-03-18,2019,EN 848-1:2007+A2:2012,CEN,number,withdrawal,FULL_LIST
32019D0436,2019-03-18,2019,EN 1710:2005+A1:2008,CEN,number,withdrawal,FULL_LIST
32019D0436,2019-03-18,2019,EN 50569:2013,CENELEC,number,withdrawal,FULL_LIST
32019D0436,2019-03-18,2019,EN 50570:2013,CENELEC,number,withdrawal,FULL_LIST
32019D0436,2019-03-18,2019,EN 50571:2013,CENELEC,number,withdrawal,FULL_LIST
32019D0436,2019-03-18,2019,EN 50636-2-107:2015,CENELEC,number,withdrawal,FULL_LIST
32019D0436,2019-03-18,2019,EN 60335-1:2012,IEC,inferred-60000,withdrawal,FULL_LIST
32019D0436,2019-03-18,2019,EN 60335-1:2012,IEC,inferred-60000,withdrawal,FULL_LIST
32019D0436,2019-03-18,2019,EN 60745-2-1:2010,IEC,inferred-60000,withdrawal,FULL_LIST
32019D0436,2019-03-18,2019,EN 60745-2-17:2010,IEC,inferred-60000,withdrawal,FULL_LIST
32019D0436,2019-03-18,2019,EN 62841-3-1:2014,IEC,inferred-60000,withdrawal,FULL_LIST
32019D0436,2019-03-18,2019,EN 61029-2-4:2011,IEC,inferred-60000,withdrawal,FULL_LIST
32019D0436,2019-03-18,2019,EN 62841-3-6:2014,IEC,inferred-60000,withdrawal,FULL_LIST
32019D0436,2019-03-18,2019,EN 62841-3-9:2015,IEC,inferred-60000,withdrawal,FULL_LIST
32019D0436,2019-03-18,2019,EN 62841-3-10:2015,IEC,inferred-60000,withdrawal,FULL_LIST
32019D0436,2019-03-18,2019,EN 13241:2003+A2:2016,CEN,number,withdrawal,FULL_LIST
32019D0436,2019-03-18,2019,EN 786:1996+A2:2009,CEN,number,withdrawal,FULL_LIST
32019D0436,2019-03-18,2019,EN 1870-14:2007+A2:2012,CEN,number,withdrawal,FULL_LIST
32019D0436,2019-03-18,2019,EN 61496-1:2013,IEC,inferred-60000,withdrawal,FULL_LIST
32019D0436,2019-03-18,2019,EN ISO 11200:2014,ISO,explicit,withdrawal,FULL_LIST
32019D0451,2019-03-19,2019,EN 15824:2017,CEN,number,none,FULL_LIST
32019D0451,2019-03-19,2019,EN 54-5:2017+A1:2018,CEN,number,none,FULL_LIST
32019D0451,2019-03-19,2019,EN 54-5:2000,CEN,number,none,FULL_LIST
32019D0451,2019-03-19,2019,EN 54-5:2000,CEN,number,none,FULL_LIST
32019D0451,2019-03-19,2019,EN 54-7:2018,CEN,number,none,FULL_LIST
32019D0451,2019-03-19,2019,EN 54-7:2000,CEN,number,none,FULL_LIST
32019D0451,2019-03-19,2019,EN 54-7:2000,CEN,number,none,FULL_LIST
32019D0451,2019-03-19,2019,EN 54-7:2000,CEN,number,none,FULL_LIST
32019D0451,2019-03-19,2019,EN 492:2012+A2:2018,CEN,number,none,FULL_LIST
32019D0451,2019-03-19,2019,EN 492:2012,CEN,number,none,FULL_LIST
32019D0451,2019-03-19,2019,EN 1096-4:2018,CEN,number,none,FULL_LIST
32019D0451,2019-03-19,2019,EN 1096-4:2004,CEN,number,none,FULL_LIST
32019D0451,2019-03-19,2019,EN 1279-5:2018,CEN,number,none,FULL_LIST
32019D0451,2019-03-19,2019,EN 1279-5:2005+A2:2010,CEN,number,none,FULL_LIST
32019D0451,2019-03-19,2019,EN 12467:2012+A2:2018,CEN,number,none,FULL_LIST
32019D0451,2019-03-19,2019,EN 12467:2012,CEN,number,none,FULL_LIST
32019D0451,2019-03-19,2019,EN 15824:2017,CEN,number,none,FULL_LIST
32019D0451,2019-03-19,2019,EN 15824:2009,CEN,number,none,FULL_LIST
32019D0919,2019-06-04,2019,EN ISO 8666:2018,ISO,explicit,none,FULL_LIST
32019D0919,2019-06-04,2019,EN ISO 6185-1:2018,ISO,explicit,withdrawal,FULL_LIST
32019D0919,2019-06-04,2019,EN ISO 6185-2:2018,ISO,explicit,withdrawal,FULL_LIST
32019D0919,2019-06-04,2019,EN ISO 6185-3:2018,ISO,explicit,withdrawal,FULL_LIST
32019D0919,2019-06-04,2019,EN ISO 6185-4:2018,ISO,explicit,withdrawal,FULL_LIST
32019D0919,2019-06-04,2019,EN ISO 7840:2018,ISO,explicit,withdrawal,FULL_LIST
32019D0919,2019-06-04,2019,EN ISO 8469:2018,ISO,explicit,withdrawal,FULL_LIST
32019D0919,2019-06-04,2019,EN ISO 8666:2018,ISO,explicit,withdrawal,FULL_LIST
32019D0919,2019-06-04,2019,EN ISO 8849:2018,ISO,explicit,withdrawal,FULL_LIST
32019D0919,2019-06-04,2019,EN ISO 9093-1:2018,ISO,explicit,withdrawal,FULL_LIST
32019D0919,2019-06-04,2019,EN ISO 9093-2:2018,ISO,explicit,withdrawal,FULL_LIST
32019D0919,2019-06-04,2019,EN ISO 11192:2018,ISO,explicit,withdrawal,FULL_LIST
32019D0919,2019-06-04,2019,EN ISO 11547:2018,ISO,explicit,withdrawal,FULL_LIST
32019D0919,2019-06-04,2019,EN ISO 11812:2018,ISO,explicit,withdrawal,FULL_LIST
32019D0919,2019-06-04,2019,EN ISO 12215-1:2018,ISO,explicit,withdrawal,FULL_LIST
32019D0919,2019-06-04,2019,EN ISO 12215-2:2018,ISO,explicit,withdrawal,FULL_LIST
32019D0919,2019-06-04,2019,EN ISO 12215-3:2018,ISO,explicit,withdrawal,FULL_LIST
32019D0919,2019-06-04,2019,EN ISO 12215-4:2018,ISO,explicit,withdrawal,FULL_LIST
32019D0919,2019-06-04,2019,EN ISO 12215-5:2018,ISO,explicit,withdrawal,FULL_LIST
32019D0919,2019-06-04,2019,EN ISO 12215-6:2018,ISO,explicit,withdrawal,FULL_LIST
32019D0919,2019-06-04,2019,EN ISO 12215-8:2018,ISO,explicit,withdrawal,FULL_LIST
32019D0919,2019-06-04,2019,EN ISO 12215-9:2018,ISO,explicit,withdrawal,FULL_LIST
32019D0919,2019-06-04,2019,EN ISO 12216:2018,ISO,explicit,withdrawal,FULL_LIST
32019D0919,2019-06-04,2019,EN ISO 13297:2018,ISO,explicit,withdrawal,FULL_LIST
32019D0919,2019-06-04,2019,EN ISO 13590:2018,ISO,explicit,withdrawal,FULL_LIST
32019D0919,2019-06-04,2019,EN ISO 14509-1:2018,ISO,explicit,withdrawal,FULL_LIST
32019D0919,2019-06-04,2019,EN ISO 14509-3:2018,ISO,explicit,withdrawal,FULL_LIST
32019D0919,2019-06-04,2019,EN ISO 15083:2018,ISO,explicit,withdrawal,FULL_LIST
32019D0919,2019-06-04,2019,EN ISO 15084:2018,ISO,explicit,withdrawal,FULL_LIST
32019D0919,2019-06-04,2019,EN ISO 16180:2018,ISO,explicit,withdrawal,FULL_LIST
32019D0919,2019-06-04,2019,EN ISO 21487:2018,ISO,explicit,withdrawal,FULL_LIST
32019D0919,2019-06-04,2019,EN ISO 25197:2018,ISO,explicit,withdrawal,FULL_LIST
32019D0919,2019-06-04,2019,EN ISO 6185-1:2001,ISO,explicit,withdrawal,FULL_LIST
32019D0919,2019-06-04,2019,EN ISO 6185-2:2001,ISO,explicit,withdrawal,FULL_LIST
32019D0919,2019-06-04,2019,EN ISO 6185-3:2014,ISO,explicit,withdrawal,FULL_LIST
32019D0919,2019-06-04,2019,EN ISO 6185-4:2011,ISO,explicit,withdrawal,FULL_LIST
32019D0919,2019-06-04,2019,EN ISO 7840:2013,ISO,explicit,withdrawal,FULL_LIST
32019D0919,2019-06-04,2019,EN ISO 8469:2013,ISO,explicit,withdrawal,FULL_LIST
32019D0919,2019-06-04,2019,EN ISO 8849:2003,ISO,explicit,withdrawal,FULL_LIST
32019D0919,2019-06-04,2019,EN ISO 9093-1:1997,ISO,explicit,withdrawal,FULL_LIST
32019D0919,2019-06-04,2019,EN ISO 9093-2:2002,ISO,explicit,withdrawal,FULL_LIST
32019D0919,2019-06-04,2019,EN ISO 11192:2005,ISO,explicit,withdrawal,FULL_LIST
32019D0919,2019-06-04,2019,EN ISO 11547:1995,ISO,explicit,withdrawal,FULL_LIST
32019D0919,2019-06-04,2019,EN ISO 11547:1995,ISO,explicit,withdrawal,FULL_LIST
32019D0919,2019-06-04,2019,EN ISO 11812:2001,ISO,explicit,withdrawal,FULL_LIST
32019D0919,2019-06-04,2019,EN ISO 12215-1:2000,ISO,explicit,withdrawal,FULL_LIST
32019D0919,2019-06-04,2019,EN ISO 12215-2:2002,ISO,explicit,withdrawal,FULL_LIST
32019D0919,2019-06-04,2019,EN ISO 12215-3:2002,ISO,explicit,withdrawal,FULL_LIST
32019D0919,2019-06-04,2019,EN ISO 12215-4:2002,ISO,explicit,withdrawal,FULL_LIST
32019D0919,2019-06-04,2019,EN ISO 12215-5:2008,ISO,explicit,withdrawal,FULL_LIST
32019D0919,2019-06-04,2019,EN ISO 12215-5:2008,ISO,explicit,withdrawal,FULL_LIST
32019D0919,2019-06-04,2019,EN ISO 12215-6:2008,ISO,explicit,withdrawal,FULL_LIST
32019D0919,2019-06-04,2019,EN ISO 12215-8:2009,ISO,explicit,withdrawal,FULL_LIST
32019D0919,2019-06-04,2019,EN ISO 12215-8:2009,ISO,explicit,withdrawal,FULL_LIST
32019D0919,2019-06-04,2019,EN ISO 12215-9:2012,ISO,explicit,withdrawal,FULL_LIST
32019D0919,2019-06-04,2019,EN ISO 12216:2002,ISO,explicit,withdrawal,FULL_LIST
32019D0919,2019-06-04,2019,EN ISO 13297:2014,ISO,explicit,withdrawal,FULL_LIST
32019D0919,2019-06-04,2019,EN ISO 13590:2003,ISO,explicit,withdrawal,FULL_LIST
32019D0919,2019-06-04,2019,EN ISO 13590:2003,ISO,explicit,withdrawal,FULL_LIST
32019D0919,2019-06-04,2019,EN ISO 14509-1:2008,ISO,explicit,withdrawal,FULL_LIST
32019D0919,2019-06-04,2019,EN ISO 14509-3:2009,ISO,explicit,withdrawal,FULL_LIST
32019D0919,2019-06-04,2019,EN ISO 15083:2003,ISO,explicit,withdrawal,FULL_LIST
32019D0919,2019-06-04,2019,EN ISO 15084:2003,ISO,explicit,withdrawal,FULL_LIST
32019D0919,2019-06-04,2019,EN ISO 16180:2013,ISO,explicit,withdrawal,FULL_LIST
32019D0919,2019-06-04,2019,EN ISO 21487:2012,ISO,explicit,withdrawal,FULL_LIST
32019D0919,2019-06-04,2019,EN ISO 21487:2012,ISO,explicit,withdrawal,FULL_LIST
32019D0919,2019-06-04,2019,EN ISO 21487:2012,ISO,explicit,withdrawal,FULL_LIST
32019D0919,2019-06-04,2019,EN ISO 25197:2012,ISO,explicit,withdrawal,FULL_LIST
32019D0919,2019-06-04,2019,EN ISO 25197:2012,ISO,explicit,withdrawal,FULL_LIST
32019D1202,2019-07-12,2019,EN 60079-0:2012,IEC,inferred-60000,none,FULL_LIST
32019D1202,2019-07-12,2019,EN IEC 60079-0:2018,IEC,explicit,none,FULL_LIST
32019D1202,2019-07-12,2019,EN IEC 60079-0:2018,IEC,explicit,none,FULL_LIST
32019D1202,2019-07-12,2019,EN IEC 60079-0:2018,IEC,explicit,none,FULL_LIST
32019D1202,2019-07-12,2019,EN IEC 60079-0:2018,IEC,explicit,none,FULL_LIST
32019D1202,2019-07-12,2019,EN 60079-0:2012,IEC,inferred-60000,none,FULL_LIST
32019D1202,2019-07-12,2019,EN 60079-0:2012,IEC,inferred-60000,none,FULL_LIST
32019D1202,2019-07-12,2019,EN 60079-0:2012,IEC,inferred-60000,none,FULL_LIST
32019D1202,2019-07-12,2019,EN IEC 60079-0:2018,IEC,explicit,none,FULL_LIST
32019D1202,2019-07-12,2019,EN 60079-0:2012,IEC,inferred-60000,none,FULL_LIST
32019D1217,2019-07-17,2019,EN ISO 12402-2:2006,ISO,explicit,none,FULL_LIST
32019D1217,2019-07-17,2019,EN ISO 12402-2:2006,ISO,explicit,none,FULL_LIST
32019D1217,2019-07-17,2019,EN ISO 12402-3:2006,ISO,explicit,none,FULL_LIST
32019D1217,2019-07-17,2019,EN ISO 12402-3:2006,ISO,explicit,none,FULL_LIST
32019D1217,2019-07-17,2019,EN ISO 12402-4:2006,ISO,explicit,none,FULL_LIST
32019D1217,2019-07-17,2019,EN ISO 12402-4:2006,ISO,explicit,none,FULL_LIST
32019D1217,2019-07-17,2019,EN ISO 12402-2:2006,ISO,explicit,none,FULL_LIST
32019D1217,2019-07-17,2019,EN ISO 12402-2:2006,ISO,explicit,none,FULL_LIST
32019D1217,2019-07-17,2019,EN ISO 12402-3:2006,ISO,explicit,none,FULL_LIST
32019D1217,2019-07-17,2019,EN ISO 12402-3:2006,ISO,explicit,none,FULL_LIST
32019D1217,2019-07-17,2019,EN ISO 12402-4:2006,ISO,explicit,none,FULL_LIST
32019D1217,2019-07-17,2019,EN ISO 12402-4:2006,ISO,explicit,none,FULL_LIST
32019D1217,2019-07-17,2019,EN ISO 12402-2:2006,ISO,explicit,none,FULL_LIST
32019D1217,2019-07-17,2019,EN ISO 12402-2:2006,ISO,explicit,none,FULL_LIST
32019D1217,2019-07-17,2019,EN ISO 12402-3:2006,ISO,explicit,none,FULL_LIST
32019D1217,2019-07-17,2019,EN ISO 12402-3:2006,ISO,explicit,none,FULL_LIST
32019D1217,2019-07-17,2019,EN ISO 12402-4:2006,ISO,explicit,none,FULL_LIST
32019D1217,2019-07-17,2019,EN ISO 12402-4:2006,ISO,explicit,none,FULL_LIST
32019D1217,2019-07-17,2019,EN ISO 12402-4:2006,ISO,explicit,none,FULL_LIST
32019D1217,2019-07-17,2019,EN ISO 12402-2:2006,ISO,explicit,none,FULL_LIST
32019D1217,2019-07-17,2019,EN ISO 12402-3:2006,ISO,explicit,none,FULL_LIST
32019D1217,2019-07-17,2019,EN ISO 12402-3:2006,ISO,explicit,none,FULL_LIST
32019D1217,2019-07-17,2019,EN ISO 12402-4:2006,ISO,explicit,none,FULL_LIST
32019D1217,2019-07-17,2019,EN ISO 12402-4:2006,ISO,explicit,none,FULL_LIST
32019D1254,2019-07-22,2019,EN 71-14:2014+A1:2017,CEN,number,none,FULL_LIST
32019D1254,2019-07-22,2019,EN 71-14:2018,CEN,number,none,FULL_LIST
32019D1254,2019-07-22,2019,EN 71-14:2018,CEN,number,none,FULL_LIST
32019D1254,2019-07-22,2019,EN 71-14:2018,CEN,number,none,FULL_LIST
32019D1254,2019-07-22,2019,EN 71-14:2018,CEN,number,none,FULL_LIST
32019D1254,2019-07-22,2019,EN 71-14:2014+A1:2017,CEN,number,none,FULL_LIST
32019D1254,2019-07-22,2019,EN 71-14:2018,CEN,number,none,FULL_LIST
32019D1254,2019-07-22,2019,EN 71-14:2014+A1:2017,CEN,number,none,FULL_LIST
32019D1254,2019-07-22,2019,EN 71-14:2018,CEN,number,withdrawal,FULL_LIST
32019D1254,2019-07-22,2019,EN 71-14:2014+A1:2017,CEN,number,withdrawal,FULL_LIST
32019D1326,2019-08-05,2019,EN IEC 61058-1:2018,IEC,explicit,none,FULL_LIST
32019D1326,2019-08-05,2019,EN 55035:2017,CENELEC,number,none,FULL_LIST
32019D1326,2019-08-05,2019,EN 13309:2010,CEN,number,none,FULL_LIST
32019D1326,2019-08-05,2019,EN 50557:2011,CENELEC,number,none,FULL_LIST
32019D1326,2019-08-05,2019,EN IEC 61058-1:2018,IEC,explicit,none,FULL_LIST
32019D1326,2019-08-05,2019,EN 55035:2017,CENELEC,number,none,FULL_LIST
32019D1326,2019-08-05,2019,EN ISO 13766-1:2018,ISO,explicit,none,FULL_LIST
32019D1326,2019-08-05,2019,EN 63024:2018,IEC,inferred-60000,none,FULL_LIST
32019D1326,2019-08-05,2019,EN IEC 61058-1:2018,IEC,explicit,none,FULL_LIST
32019D1326,2019-08-05,2019,EN 55035:2017,CENELEC,number,none,FULL_LIST
32019D1326,2019-08-05,2019,EN ISO 13766-1:2018,ISO,explicit,none,FULL_LIST
32019D1326,2019-08-05,2019,EN 63024:2018,IEC,inferred-60000,none,FULL_LIST
32019D1326,2019-08-05,2019,EN 61000-6-5:2015,IEC,inferred-60000,none,FULL_LIST
32019D1326,2019-08-05,2019,EN 61000-6-5:2015,IEC,inferred-60000,none,FULL_LIST
32019D1326,2019-08-05,2019,EN 61000-6-5:2015,IEC,inferred-60000,none,FULL_LIST
32019D1326,2019-08-05,2019,EN 13309:2010,CEN,number,none,FULL_LIST
32019D1326,2019-08-05,2019,EN 50557:2011,CENELEC,number,none,FULL_LIST
32019D1326,2019-08-05,2019,EN 61000-6-5:2015,IEC,inferred-60000,none,FULL_LIST
32019D1326,2019-08-05,2019,EN ISO 13766-1:2018,ISO,explicit,withdrawal,FULL_LIST
32019D1326,2019-08-05,2019,EN 55035:2017,CENELEC,number,withdrawal,FULL_LIST
32019D1326,2019-08-05,2019,EN 61000-6-5:2015,IEC,inferred-60000,withdrawal,FULL_LIST
32019D1326,2019-08-05,2019,EN 61000-6-5:2015,IEC,inferred-60000,withdrawal,FULL_LIST
32019D1326,2019-08-05,2019,EN IEC 61058-1:2018,IEC,explicit,withdrawal,FULL_LIST
32019D1326,2019-08-05,2019,EN 63024:2018,IEC,inferred-60000,withdrawal,FULL_LIST
32019D1326,2019-08-05,2019,EN 13309:2010,CEN,number,withdrawal,FULL_LIST
32019D1326,2019-08-05,2019,EN 50557:2011,CENELEC,number,withdrawal,FULL_LIST
32019D1326,2019-08-05,2019,EN 61000-6-5:2015,IEC,inferred-60000,withdrawal,FULL_LIST
32019D1616,2019-09-27,2019,EN ISO 4126-2:2019,ISO,explicit,none,FULL_LIST
32019D1616,2019-09-27,2019,EN ISO 15494:2018,ISO,explicit,none,FULL_LIST
32019D1616,2019-09-27,2019,EN ISO 21028-2:2018,ISO,explicit,none,FULL_LIST
32019D1616,2019-09-27,2019,EN ISO 21028-2:2018,ISO,explicit,none,FULL_LIST
32019D1616,2019-09-27,2019,EN 1252-2:2001,CEN,number,none,FULL_LIST
32019D1616,2019-09-27,2019,EN 13445-2:2014,CEN,number,none,FULL_LIST
32019D1616,2019-09-27,2019,EN 13445-3:2014,CEN,number,none,FULL_LIST
32019D1616,2019-09-27,2019,EN 13445-5:2014,CEN,number,none,FULL_LIST
32019D1616,2019-09-27,2019,EN 13445-6:2014,CEN,number,none,FULL_LIST
32019D1616,2019-09-27,2019,EN 13480-2:2017,CEN,number,none,FULL_LIST
32019D1616,2019-09-27,2019,EN 13480-5:2017,CEN,number,none,FULL_LIST
32019D1616,2019-09-27,2019,EN 1562:2012,CEN,number,none,FULL_LIST
32019D1616,2019-09-27,2019,EN 1563:2011,CEN,number,none,FULL_LIST
32019D1616,2019-09-27,2019,EN 12516-1:2014,CEN,number,none,FULL_LIST
32019D1616,2019-09-27,2019,EN 12516-4:2014,CEN,number,none,FULL_LIST
32019D1616,2019-09-27,2019,EN 13136:2013,CEN,number,none,FULL_LIST
32019D1616,2019-09-27,2019,EN 13445-2:2014,CEN,number,none,FULL_LIST
32019D1616,2019-09-27,2019,EN 13445-3:2014,CEN,number,none,FULL_LIST
32019D1616,2019-09-27,2019,EN 13445-5:2014,CEN,number,none,FULL_LIST
32019D1616,2019-09-27,2019,EN 13445-6:2014,CEN,number,none,FULL_LIST
32019D1616,2019-09-27,2019,EN 13480-2:2017,CEN,number,none,FULL_LIST
32019D1616,2019-09-27,2019,EN 13480-5:2017,CEN,number,none,FULL_LIST
32019D1616,2019-09-27,2019,EN 1562:2012,CEN,number,none,FULL_LIST
32019D1616,2019-09-27,2019,EN 1563:2011,CEN,number,none,FULL_LIST
32019D1616,2019-09-27,2019,EN 12516-1:2014,CEN,number,none,FULL_LIST
32019D1616,2019-09-27,2019,EN 12516-4:2014,CEN,number,none,FULL_LIST
32019D1616,2019-09-27,2019,EN 13136:2013,CEN,number,none,FULL_LIST
32019D1616,2019-09-27,2019,EN 1252-2:2001,CEN,number,none,FULL_LIST
32019D1616,2019-09-27,2019,EN 13445-2:2014,CEN,number,none,FULL_LIST
32019D1616,2019-09-27,2019,EN 13445-2:2014,CEN,number,none,FULL_LIST
32019D1616,2019-09-27,2019,EN 13445-2:2014,CEN,number,none,FULL_LIST
32019D1616,2019-09-27,2019,EN 13445-3:2014,CEN,number,none,FULL_LIST
32019D1616,2019-09-27,2019,EN 13445-3:2014,CEN,number,none,FULL_LIST
32019D1616,2019-09-27,2019,EN 13445-3:2014,CEN,number,none,FULL_LIST
32019D1616,2019-09-27,2019,EN 13445-3:2014,CEN,number,none,FULL_LIST
32019D1616,2019-09-27,2019,EN 13445-3:2014,CEN,number,none,FULL_LIST
32019D1616,2019-09-27,2019,EN 13445-5:2014,CEN,number,none,FULL_LIST
32019D1616,2019-09-27,2019,EN 13445-6:2014,CEN,number,none,FULL_LIST
32019D1616,2019-09-27,2019,EN 13480-2:2017,CEN,number,none,FULL_LIST
32019D1616,2019-09-27,2019,EN 13480-5:2017,CEN,number,none,FULL_LIST
32019D1616,2019-09-27,2019,EN 1252-2:2001,CEN,number,none,FULL_LIST
32019D1616,2019-09-27,2019,EN 1562:2012,CEN,number,none,FULL_LIST
32019D1616,2019-09-27,2019,EN 1563:2011,CEN,number,none,FULL_LIST
32019D1616,2019-09-27,2019,EN 12516-1:2014,CEN,number,none,FULL_LIST
32019D1616,2019-09-27,2019,EN 12516-4:2014,CEN,number,none,FULL_LIST
32019D1616,2019-09-27,2019,EN 13136:2013,CEN,number,none,FULL_LIST
32019D1616,2019-09-27,2019,EN 1562:2019,CEN,number,withdrawal,FULL_LIST
32019D1616,2019-09-27,2019,EN 1563:2018,CEN,number,withdrawal,FULL_LIST
32019D1616,2019-09-27,2019,EN ISO 4126-2:2019,ISO,explicit,withdrawal,FULL_LIST
32019D1616,2019-09-27,2019,EN 12516-1:2014+A1:2018,CEN,number,withdrawal,FULL_LIST
32019D1616,2019-09-27,2019,EN 12516-4:2014+A1:2018,CEN,number,withdrawal,FULL_LIST
32019D1616,2019-09-27,2019,EN 13136:2013+A1:2018,CEN,number,withdrawal,FULL_LIST
32019D1616,2019-09-27,2019,EN 13445-2:2014,CEN,number,withdrawal,FULL_LIST
32019D1616,2019-09-27,2019,EN 13445-2:2014,CEN,number,withdrawal,FULL_LIST
32019D1616,2019-09-27,2019,EN 13445-2:2014,CEN,number,withdrawal,FULL_LIST
32019D1616,2019-09-27,2019,EN 13445-2:2014,CEN,number,withdrawal,FULL_LIST
32019D1616,2019-09-27,2019,EN 13445-3:2014,CEN,number,withdrawal,FULL_LIST
32019D1616,2019-09-27,2019,EN 13445-3:2014,CEN,number,withdrawal,FULL_LIST
32019D1616,2019-09-27,2019,EN 13445-3:2014,CEN,number,withdrawal,FULL_LIST
32019D1616,2019-09-27,2019,EN 13445-3:2014,CEN,number,withdrawal,FULL_LIST
32019D1616,2019-09-27,2019,EN 13445-3:2014,CEN,number,withdrawal,FULL_LIST
32019D1616,2019-09-27,2019,EN 13445-3:2014,CEN,number,withdrawal,FULL_LIST
32019D1616,2019-09-27,2019,EN 13445-3:2014,CEN,number,withdrawal,FULL_LIST
32019D1616,2019-09-27,2019,EN 13445-5:2014,CEN,number,withdrawal,FULL_LIST
32019D1616,2019-09-27,2019,EN 13445-5:2014,CEN,number,withdrawal,FULL_LIST
32019D1616,2019-09-27,2019,EN 13445-6:2014,CEN,number,withdrawal,FULL_LIST
32019D1616,2019-09-27,2019,EN 13445-6:2014,CEN,number,withdrawal,FULL_LIST
32019D1616,2019-09-27,2019,EN 13480-2:2017,CEN,number,withdrawal,FULL_LIST
32019D1616,2019-09-27,2019,EN 13480-2:2017,CEN,number,withdrawal,FULL_LIST
32019D1616,2019-09-27,2019,EN 13480-2:2017,CEN,number,withdrawal,FULL_LIST
32019D1616,2019-09-27,2019,EN 13480-2:2017,CEN,number,withdrawal,FULL_LIST
32019D1616,2019-09-27,2019,EN 13480-5:2017,CEN,number,withdrawal,FULL_LIST
32019D1616,2019-09-27,2019,EN 13480-5:2017,CEN,number,withdrawal,FULL_LIST
32019D1616,2019-09-27,2019,EN ISO 15494:2018,ISO,explicit,withdrawal,FULL_LIST
32019D1616,2019-09-27,2019,EN ISO 21028-2:2018,ISO,explicit,withdrawal,FULL_LIST
32019D1616,2019-09-27,2019,EN 13445-2:2014,CEN,number,withdrawal,FULL_LIST
32019D1616,2019-09-27,2019,EN 13445-2:2014,CEN,number,withdrawal,FULL_LIST
32019D1616,2019-09-27,2019,EN 13445-2:2014,CEN,number,withdrawal,FULL_LIST
32019D1616,2019-09-27,2019,EN 13445-3:2014,CEN,number,withdrawal,FULL_LIST
32019D1616,2019-09-27,2019,EN 13445-3:2014,CEN,number,withdrawal,FULL_LIST
32019D1616,2019-09-27,2019,EN 13445-3:2014,CEN,number,withdrawal,FULL_LIST
32019D1616,2019-09-27,2019,EN 13445-3:2014,CEN,number,withdrawal,FULL_LIST
32019D1616,2019-09-27,2019,EN 13445-3:2014,CEN,number,withdrawal,FULL_LIST
32019D1616,2019-09-27,2019,EN 13445-5:2014,CEN,number,withdrawal,FULL_LIST
32019D1616,2019-09-27,2019,EN 13445-6:2014,CEN,number,withdrawal,FULL_LIST
32019D1616,2019-09-27,2019,EN 13480-2:2017,CEN,number,withdrawal,FULL_LIST
32019D1616,2019-09-27,2019,EN 13480-5:2017,CEN,number,withdrawal,FULL_LIST
32019D1616,2019-09-27,2019,EN 1252-2:2001,CEN,number,withdrawal,FULL_LIST
32019D1616,2019-09-27,2019,EN 1562:2012,CEN,number,withdrawal,FULL_LIST
32019D1616,2019-09-27,2019,EN 1563:2011,CEN,number,withdrawal,FULL_LIST
32019D1616,2019-09-27,2019,EN 12516-1:2014,CEN,number,withdrawal,FULL_LIST
32019D1616,2019-09-27,2019,EN 12516-4:2014,CEN,number,withdrawal,FULL_LIST
32019D1616,2019-09-27,2019,EN 13136:2013,CEN,number,withdrawal,FULL_LIST
32019D1728,2019-10-15,2019,EN 71-3:2013+A3:2018,CEN,number,none,FULL_LIST
32019D1728,2019-10-15,2019,EN 71-3:2019,CEN,number,none,FULL_LIST
32019D1728,2019-10-15,2019,EN 71-3:2019,CEN,number,none,FULL_LIST
32019D1728,2019-10-15,2019,EN 71-3:2019,CEN,number,none,FULL_LIST
32019D1728,2019-10-15,2019,EN 71-3:2019,CEN,number,none,FULL_LIST
32019D1728,2019-10-15,2019,EN 71-3:2013+A3:2018,CEN,number,none,FULL_LIST
32019D1728,2019-10-15,2019,EN 71-3:2019,CEN,number,none,FULL_LIST
32019D1728,2019-10-15,2019,EN 71-3:2013+A3:2018,CEN,number,none,FULL_LIST
32019D1728,2019-10-15,2019,EN 71-1:2014+A1:2018,CEN,number,withdrawal,FULL_LIST
32019D1728,2019-10-15,2019,EN 71-2:2011+A1:2014,CEN,number,withdrawal,FULL_LIST
32019D1728,2019-10-15,2019,EN 71-3:2019,CEN,number,withdrawal,FULL_LIST
32019D1728,2019-10-15,2019,EN 71-4:2013,CEN,number,withdrawal,FULL_LIST
32019D1728,2019-10-15,2019,EN 71-5:2015,CEN,number,withdrawal,FULL_LIST
32019D1728,2019-10-15,2019,EN 71-7:2014+A2:2018,CEN,number,withdrawal,FULL_LIST
32019D1728,2019-10-15,2019,EN 71-8:2018,CEN,number,withdrawal,FULL_LIST
32019D1728,2019-10-15,2019,EN 71-12:2013,CEN,number,withdrawal,FULL_LIST
32019D1728,2019-10-15,2019,EN 71-13:2014,CEN,number,withdrawal,FULL_LIST
32019D1728,2019-10-15,2019,EN 71-14:2018,CEN,number,withdrawal,FULL_LIST
32019D1728,2019-10-15,2019,EN 62115:2005,IEC,inferred-60000,withdrawal,FULL_LIST
32019D1728,2019-10-15,2019,EN 62115:2005,IEC,inferred-60000,withdrawal,FULL_LIST
32019D1728,2019-10-15,2019,EN 62115:2005,IEC,inferred-60000,withdrawal,FULL_LIST
32019D1728,2019-10-15,2019,EN 62115:2005,IEC,inferred-60000,withdrawal,FULL_LIST
32019D1728,2019-10-15,2019,EN 62115:2005,IEC,inferred-60000,withdrawal,FULL_LIST
32019D1728,2019-10-15,2019,EN 62115:2005,IEC,inferred-60000,withdrawal,FULL_LIST
32019D1728,2019-10-15,2019,EN 71-3:2013+A3:2018,CEN,number,withdrawal,FULL_LIST
32019D1728,2019-10-15,2019,EN 71-14:2014+A1:2017,CEN,number,withdrawal,FULL_LIST
32019D1863,2019-11-06,2019,EN 1870-13:2007+A2:2012,CEN,number,withdrawal,AMENDING
32019D1863,2019-11-06,2019,EN ISO 19085-2:2017,ISO,explicit,withdrawal,AMENDING
32019D1863,2019-11-06,2019,EN 1870-13:2007+A2:2012,CEN,number,withdrawal,AMENDING
32019D1863,2019-11-06,2019,EN 1870-13:2007+A2:2012,CEN,number,withdrawal,AMENDING
32019D1863,2019-11-06,2019,EN 1870-13:2007+A2:2012,CEN,number,withdrawal,AMENDING
32019D1863,2019-11-06,2019,EN ISO 19085-2:2017,ISO,explicit,withdrawal,AMENDING
32019D1863,2019-11-06,2019,EN 1870-13:2007+A2:2012,CEN,number,withdrawal,AMENDING
32019D1863,2019-11-06,2019,EN ISO 12100:2010,ISO,explicit,withdrawal,AMENDING
32019D1863,2019-11-06,2019,EN ISO 12100:2010,ISO,explicit,withdrawal,AMENDING
32019D1863,2019-11-06,2019,EN 786:1996+A2:2009,CEN,number,addition,AMENDING
32019D1863,2019-11-06,2019,EN 61496-1:2013,IEC,inferred-60000,addition,AMENDING
32019D1863,2019-11-06,2019,EN ISO 11200:2014,ISO,explicit,addition,AMENDING
32019D1863,2019-11-06,2019,EN 1037:1995+A1:2008,CEN,number,withdrawal,AMENDING
32019D1863,2019-11-06,2019,EN 474-1:2006+A4:2013,CEN,number,withdrawal,AMENDING
32019D1863,2019-11-06,2019,EN 1853:1999+A1:2009,CEN,number,withdrawal,AMENDING
32019D1863,2019-11-06,2019,EN 1870-6:2002+A1:2009,CEN,number,withdrawal,AMENDING
32019D1863,2019-11-06,2019,EN ISO 4254-5:2009,ISO,explicit,withdrawal,AMENDING
32019D1863,2019-11-06,2019,EN ISO 4254-7:2009,ISO,explicit,withdrawal,AMENDING
32019D1863,2019-11-06,2019,EN 14017:2005+A2:2009,CEN,number,withdrawal,AMENDING
32019D1863,2019-11-06,2019,EN ISO 5395-1:2013,ISO,explicit,withdrawal,AMENDING
32019D1863,2019-11-06,2019,EN ISO 5395-3:2013,ISO,explicit,withdrawal,AMENDING
32019D1863,2019-11-06,2019,EN ISO 5395-3:2013,ISO,explicit,withdrawal,AMENDING
32019D1863,2019-11-06,2019,EN 12013:2000+A1:2008,CEN,number,withdrawal,AMENDING
32019D1863,2019-11-06,2019,EN 12999:2011+A1:2012,CEN,number,withdrawal,AMENDING
32019D1863,2019-11-06,2019,EN 13001-3-1:2012+A1:2013,CEN,number,withdrawal,AMENDING
32019D1863,2019-11-06,2019,EN 13135:2013,CEN,number,withdrawal,AMENDING
32019D1863,2019-11-06,2019,EN 13684:2004+A3:2009,CEN,number,withdrawal,AMENDING
32019D1863,2019-11-06,2019,EN 15895:2011,CEN,number,withdrawal,AMENDING
32019D1863,2019-11-06,2019,EN 692:2005+A1:2009,CEN,number,withdrawal,AMENDING
32019D1863,2019-11-06,2019,EN 693:2001+A2:2011,CEN,number,withdrawal,AMENDING
32019D1863,2019-11-06,2019,EN 13736:2003+A1:2009,CEN,number,withdrawal,AMENDING
32019D1863,2019-11-06,2019,EN 848-1:2007+A2:2012,CEN,number,withdrawal,AMENDING
32019D1863,2019-11-06,2019,EN 1710:2005+A1:2008,CEN,number,withdrawal,AMENDING
32019D1863,2019-11-06,2019,EN 50569:2013,CENELEC,number,withdrawal,AMENDING
32019D1863,2019-11-06,2019,EN 50570:2013,CENELEC,number,withdrawal,AMENDING
32019D1863,2019-11-06,2019,EN 50571:2013,CENELEC,number,withdrawal,AMENDING
32019D1863,2019-11-06,2019,EN 50636-2-107:2015,CENELEC,number,withdrawal,AMENDING
32019D1863,2019-11-06,2019,EN 60335-1:2012,IEC,inferred-60000,withdrawal,AMENDING
32019D1863,2019-11-06,2019,EN 60335-1:2012,IEC,inferred-60000,withdrawal,AMENDING
32019D1863,2019-11-06,2019,EN 60745-2-1:2010,IEC,inferred-60000,withdrawal,AMENDING
32019D1863,2019-11-06,2019,EN 60745-2-17:2010,IEC,inferred-60000,withdrawal,AMENDING
32019D1863,2019-11-06,2019,EN 62841-3-1:2014,IEC,inferred-60000,withdrawal,AMENDING
32019D1863,2019-11-06,2019,EN 61029-2-4:2011,IEC,inferred-60000,withdrawal,AMENDING
32019D1863,2019-11-06,2019,EN 62841-3-6:2014,IEC,inferred-60000,withdrawal,AMENDING
32019D1863,2019-11-06,2019,EN 62841-3-9:2015,IEC,inferred-60000,withdrawal,AMENDING
32019D1863,2019-11-06,2019,EN 62841-3-10:2015,IEC,inferred-60000,withdrawal,AMENDING
32019D1863,2019-11-06,2019,EN 13241:2003+A2:2016,CEN,number,withdrawal,AMENDING
32019D1863,2019-11-06,2019,EN 786:1996+A2:2009,CEN,number,withdrawal,AMENDING
32019D1863,2019-11-06,2019,EN 1870-14:2007+A2:2012,CEN,number,withdrawal,AMENDING
32019D1863,2019-11-06,2019,EN 61496-1:2013,IEC,inferred-60000,withdrawal,AMENDING
32019D1863,2019-11-06,2019,EN ISO 11200:2014,ISO,explicit,withdrawal,AMENDING
32019D1863,2019-11-06,2019,EN 1870-13:2007+A2:2012,CEN,number,withdrawal,AMENDING
32019D1923,2019-11-18,2019,EN 17064:2018,CEN,number,none,FULL_LIST
32019D1923,2019-11-18,2019,EN 1709:2004,CEN,number,none,FULL_LIST
32019D1923,2019-11-18,2019,EN 12927-1:2004,CEN,number,none,FULL_LIST
32019D1923,2019-11-18,2019,EN 12927-3:2004,CEN,number,none,FULL_LIST
32019D1923,2019-11-18,2019,EN 12927-4:2004,CEN,number,none,FULL_LIST
32019D1923,2019-11-18,2019,EN 12927-5:2004,CEN,number,none,FULL_LIST
32019D1923,2019-11-18,2019,EN 12927-8:2004,CEN,number,none,FULL_LIST
32019D1923,2019-11-18,2019,EN 1709:2019,CEN,number,none,FULL_LIST
32019D1923,2019-11-18,2019,EN 12927:2019,CEN,number,none,FULL_LIST
32019D1923,2019-11-18,2019,EN 17064:2018,CEN,number,none,FULL_LIST
32019D1923,2019-11-18,2019,EN 1709:2019,CEN,number,none,FULL_LIST
32019D1923,2019-11-18,2019,EN 12927:2019,CEN,number,none,FULL_LIST
32019D1923,2019-11-18,2019,EN 17064:2018,CEN,number,none,FULL_LIST
32019D1923,2019-11-18,2019,EN 1709:2019,CEN,number,none,FULL_LIST
32019D1923,2019-11-18,2019,EN 12927:2019,CEN,number,none,FULL_LIST
32019D1923,2019-11-18,2019,EN 1709:2019,CEN,number,none,FULL_LIST
32019D1923,2019-11-18,2019,EN 1709:2004,CEN,number,none,FULL_LIST
32019D1923,2019-11-18,2019,EN 12927:2019,CEN,number,none,FULL_LIST
32019D1923,2019-11-18,2019,EN 12927-1:2004,CEN,number,none,FULL_LIST
32019D1923,2019-11-18,2019,EN 12927-3:2004,CEN,number,none,FULL_LIST
32019D1923,2019-11-18,2019,EN 12927-4:2004,CEN,number,none,FULL_LIST
32019D1923,2019-11-18,2019,EN 12927-5:2004,CEN,number,none,FULL_LIST
32019D1923,2019-11-18,2019,EN 12927-8:2004,CEN,number,none,FULL_LIST
32019D1923,2019-11-18,2019,EN 1709:2019,CEN,number,none,FULL_LIST
32019D1923,2019-11-18,2019,EN 12927:2019,CEN,number,none,FULL_LIST
32019D1923,2019-11-18,2019,EN 17064:2018,CEN,number,withdrawal,FULL_LIST
32019D1923,2019-11-18,2019,EN 17064:2018,CEN,number,withdrawal,FULL_LIST
32019D1923,2019-11-18,2019,EN 1021-1:2014,CEN,number,withdrawal,FULL_LIST
32019D1923,2019-11-18,2019,EN 1021-2:2014,CEN,number,withdrawal,FULL_LIST
32019D1923,2019-11-18,2019,EN 1838:2013,CEN,number,withdrawal,FULL_LIST
32019D1923,2019-11-18,2019,EN 1907:2017,CEN,number,withdrawal,FULL_LIST
32019D1923,2019-11-18,2019,EN 12929-1:2015,CEN,number,withdrawal,FULL_LIST
32019D1923,2019-11-18,2019,EN 13243:2015,CEN,number,withdrawal,FULL_LIST
32019D1923,2019-11-18,2019,EN 13501-1:2007+A1:2009,CEN,number,withdrawal,FULL_LIST
32019D1923,2019-11-18,2019,EN 50172:2004,CENELEC,number,withdrawal,FULL_LIST
32019D1923,2019-11-18,2019,EN 50272-1:2010,CENELEC,number,withdrawal,FULL_LIST
32019D1923,2019-11-18,2019,EN 50272-2:2001,CENELEC,number,withdrawal,FULL_LIST
32019D1923,2019-11-18,2019,EN 60204-1:2006,IEC,inferred-60000,withdrawal,FULL_LIST
32019D1923,2019-11-18,2019,EN 60695-11-10:2013,IEC,inferred-60000,withdrawal,FULL_LIST
32019D1923,2019-11-18,2019,EN 61730-1:2007,IEC,inferred-60000,withdrawal,FULL_LIST
32019D1923,2019-11-18,2019,EN 61730-2:2007,IEC,inferred-60000,withdrawal,FULL_LIST
32019D1923,2019-11-18,2019,EN ISO 7010:2012,ISO,explicit,withdrawal,FULL_LIST
32019D1923,2019-11-18,2019,EN ISO 8528-13:2016,ISO,explicit,withdrawal,FULL_LIST
32019D1923,2019-11-18,2019,EN 1709:2019,CEN,number,withdrawal,FULL_LIST
32019D1923,2019-11-18,2019,EN 1709:2019,CEN,number,withdrawal,FULL_LIST
32019D1923,2019-11-18,2019,EN 1907:2017,CEN,number,withdrawal,FULL_LIST
32019D1923,2019-11-18,2019,EN 1908:2015,CEN,number,withdrawal,FULL_LIST
32019D1923,2019-11-18,2019,EN 1909:2017,CEN,number,withdrawal,FULL_LIST
32019D1923,2019-11-18,2019,EN 12397:2017,CEN,number,withdrawal,FULL_LIST
32019D1923,2019-11-18,2019,EN 12408:2004,CEN,number,withdrawal,FULL_LIST
32019D1923,2019-11-18,2019,EN 12927:2019,CEN,number,withdrawal,FULL_LIST
32019D1923,2019-11-18,2019,EN 12929:2015,CEN,number,withdrawal,FULL_LIST
32019D1923,2019-11-18,2019,EN 12930:2015,CEN,number,withdrawal,FULL_LIST
32019D1923,2019-11-18,2019,EN 13107:2015,CEN,number,withdrawal,FULL_LIST
32019D1923,2019-11-18,2019,EN 13223:2015,CEN,number,withdrawal,FULL_LIST
32019D1923,2019-11-18,2019,EN 13243:2015,CEN,number,withdrawal,FULL_LIST
32019D1923,2019-11-18,2019,EN 13796:2017,CEN,number,withdrawal,FULL_LIST
32019D1923,2019-11-18,2019,EN 12927:2019,CEN,number,withdrawal,FULL_LIST
32019D1923,2019-11-18,2019,EN 12927:2019,CEN,number,withdrawal,FULL_LIST
32019D1923,2019-11-18,2019,EN 1559-2:2014,CEN,number,withdrawal,FULL_LIST
32019D1923,2019-11-18,2019,EN 1709:2019,CEN,number,withdrawal,FULL_LIST
32019D1923,2019-11-18,2019,EN 1907:2017,CEN,number,withdrawal,FULL_LIST
32019D1923,2019-11-18,2019,EN 1908:2015,CEN,number,withdrawal,FULL_LIST
32019D1923,2019-11-18,2019,EN 1909:2017,CEN,number,withdrawal,FULL_LIST
32019D1923,2019-11-18,2019,EN 10228-1:2016,CEN,number,withdrawal,FULL_LIST
32019D1923,2019-11-18,2019,EN 12385-2:2002+A1:2008,CEN,number,withdrawal,FULL_LIST
32019D1923,2019-11-18,2019,EN 12385-4:2002+A1:2008,CEN,number,withdrawal,FULL_LIST
32019D1923,2019-11-18,2019,EN 12385-8:2002,CEN,number,withdrawal,FULL_LIST
32019D1923,2019-11-18,2019,EN 12385-9:2002,CEN,number,withdrawal,FULL_LIST
32019D1923,2019-11-18,2019,EN 12397:2017,CEN,number,withdrawal,FULL_LIST
32019D1923,2019-11-18,2019,EN 12408:2004,CEN,number,withdrawal,FULL_LIST
32019D1923,2019-11-18,2019,EN 12929-1:2015,CEN,number,withdrawal,FULL_LIST
32019D1923,2019-11-18,2019,EN 12929-2:2015,CEN,number,withdrawal,FULL_LIST
32019D1923,2019-11-18,2019,EN 12930:2015,CEN,number,withdrawal,FULL_LIST
32019D1923,2019-11-18,2019,EN 13107:2015,CEN,number,withdrawal,FULL_LIST
32019D1923,2019-11-18,2019,EN 13223:2015,CEN,number,withdrawal,FULL_LIST
32019D1923,2019-11-18,2019,EN 13243:2015,CEN,number,withdrawal,FULL_LIST
32019D1923,2019-11-18,2019,EN 13411-2:2001+A1:2008,CEN,number,withdrawal,FULL_LIST
32019D1923,2019-11-18,2019,EN 13411-3:2004+A1:2008,CEN,number,withdrawal,FULL_LIST
32019D1923,2019-11-18,2019,EN 13411-4:2002+A1:2008,CEN,number,withdrawal,FULL_LIST
32019D1923,2019-11-18,2019,EN 13411-5:2003+A1:2008,CEN,number,withdrawal,FULL_LIST
32019D1923,2019-11-18,2019,EN 13411-6:2004+A1:2008,CEN,number,withdrawal,FULL_LIST
32019D1923,2019-11-18,2019,EN 13411-7:2006+A1:2008,CEN,number,withdrawal,FULL_LIST
32019D1923,2019-11-18,2019,EN 13796-1:2017,CEN,number,withdrawal,FULL_LIST
32019D1923,2019-11-18,2019,EN 13796-2:2017,CEN,number,withdrawal,FULL_LIST
32019D1923,2019-11-18,2019,EN 13796-3:2017,CEN,number,withdrawal,FULL_LIST
32019D1923,2019-11-18,2019,EN ISO 148-1:2016,ISO,explicit,withdrawal,FULL_LIST
32019D1923,2019-11-18,2019,EN ISO 5579:2013,ISO,explicit,withdrawal,FULL_LIST
32019D1923,2019-11-18,2019,EN ISO 9554:2019,ISO,explicit,withdrawal,FULL_LIST
32019D1923,2019-11-18,2019,EN ISO 10547:2009,ISO,explicit,withdrawal,FULL_LIST
32019D1923,2019-11-18,2019,EN 1709:2004,CEN,number,withdrawal,FULL_LIST
32019D1923,2019-11-18,2019,EN 12927-1:2004,CEN,number,withdrawal,FULL_LIST
32019D1923,2019-11-18,2019,EN 12927-3:2004,CEN,number,withdrawal,FULL_LIST
32019D1923,2019-11-18,2019,EN 12927-4:2004,CEN,number,withdrawal,FULL_LIST
32019D1923,2019-11-18,2019,EN 12927-5:2004,CEN,number,withdrawal,FULL_LIST
32019D1923,2019-11-18,2019,EN 12927-8:2004,CEN,number,withdrawal,FULL_LIST
32019D1956,2019-11-26,2019,EN 60204-1:2018,IEC,inferred-60000,none,FULL_LIST
32019D1956,2019-11-26,2019,EN 60335-1:2012,IEC,inferred-60000,none,FULL_LIST
32019D1956,2019-11-26,2019,EN 60335-2-4:2010,IEC,inferred-60000,none,FULL_LIST
32019D1956,2019-11-26,2019,EN 60335-2-15:2016,IEC,inferred-60000,none,FULL_LIST
32019D1956,2019-11-26,2019,EN 60335-2-16:2003,IEC,inferred-60000,none,FULL_LIST
32019D1956,2019-11-26,2019,EN 60335-2-28:2003,IEC,inferred-60000,none,FULL_LIST
32019D1956,2019-11-26,2019,EN 60335-2-29:2004,IEC,inferred-60000,none,FULL_LIST
32019D1956,2019-11-26,2019,EN 60335-2-55:2003,IEC,inferred-60000,none,FULL_LIST
32019D1956,2019-11-26,2019,EN 60335-2-59:2003,IEC,inferred-60000,none,FULL_LIST
32019D1956,2019-11-26,2019,EN 60335-2-74:2003,IEC,inferred-60000,none,FULL_LIST
32019D1956,2019-11-26,2019,EN 60335-2-85:2003,IEC,inferred-60000,none,FULL_LIST
32019D1956,2019-11-26,2019,EN 60335-2-109:2010,IEC,inferred-60000,none,FULL_LIST
32019D1956,2019-11-26,2019,EN 60335-2-109:2010,IEC,inferred-60000,none,FULL_LIST
32019D1956,2019-11-26,2019,EN 60715:2017,IEC,inferred-60000,none,FULL_LIST
32019D1956,2019-11-26,2019,EN 60947-2:2017,IEC,inferred-60000,none,FULL_LIST
32019D1956,2019-11-26,2019,EN 60947-5-1:2017,IEC,inferred-60000,none,FULL_LIST
32019D1956,2019-11-26,2019,EN 60947-5-5:1997,IEC,inferred-60000,none,FULL_LIST
32019D1956,2019-11-26,2019,EN 60898-1:2019,IEC,inferred-60000,none,FULL_LIST
32019D1956,2019-11-26,2019,EN 61008-1:2012,IEC,inferred-60000,none,FULL_LIST
32019D1956,2019-11-26,2019,EN 62606:2013,IEC,inferred-60000,none,FULL_LIST
32019D1956,2019-11-26,2019,EN 63024:2018,IEC,inferred-60000,none,FULL_LIST
32019D1956,2019-11-26,2019,EN IEC 61010-2-201:2018,IEC,explicit,none,FULL_LIST
32019D1956,2019-11-26,2019,EN IEC 61058-1:2018,IEC,explicit,none,FULL_LIST
32019D1956,2019-11-26,2019,EN 61643-11:2012,IEC,inferred-60000,none,FULL_LIST
32019D1956,2019-11-26,2019,EN 62560:2012,IEC,inferred-60000,none,FULL_LIST
32019D1956,2019-11-26,2019,EN 50557:2011,CENELEC,number,none,FULL_LIST
32019D1956,2019-11-26,2019,EN 63024:2018,IEC,inferred-60000,none,FULL_LIST
32019D1956,2019-11-26,2019,EN 60204-1:2006,IEC,inferred-60000,none,FULL_LIST
32019D1956,2019-11-26,2019,EN 60204-1:2018,IEC,inferred-60000,none,FULL_LIST
32019D1956,2019-11-26,2019,EN 60335-2-15:2002,IEC,inferred-60000,none,FULL_LIST
32019D1956,2019-11-26,2019,EN 60335-2-15:2016,IEC,inferred-60000,none,FULL_LIST
32019D1956,2019-11-26,2019,EN 60715:2001,IEC,inferred-60000,none,FULL_LIST
32019D1956,2019-11-26,2019,EN 60715:2017,IEC,inferred-60000,none,FULL_LIST
32019D1956,2019-11-26,2019,EN 60898-1:2003,IEC,inferred-60000,none,FULL_LIST
32019D1956,2019-11-26,2019,EN 60898-1:2019,IEC,inferred-60000,none,FULL_LIST
32019D1956,2019-11-26,2019,EN 60947-2:2006,IEC,inferred-60000,none,FULL_LIST
32019D1956,2019-11-26,2019,EN 60947-2:2017,IEC,inferred-60000,none,FULL_LIST
32019D1956,2019-11-26,2019,EN 60947-5-1:2004,IEC,inferred-60000,none,FULL_LIST
32019D1956,2019-11-26,2019,EN 60947-5-1:2017,IEC,inferred-60000,none,FULL_LIST
32019D1956,2019-11-26,2019,EN 61010-2-201:2013,IEC,inferred-60000,none,FULL_LIST
32019D1956,2019-11-26,2019,EN IEC 61010-2-201:2018,IEC,explicit,none,FULL_LIST
32019D1956,2019-11-26,2019,EN 61058-1:2002,IEC,inferred-60000,none,FULL_LIST
32019D1956,2019-11-26,2019,EN IEC 61058-1:2018,IEC,explicit,none,FULL_LIST
32019D1956,2019-11-26,2019,EN 60335-1:2012,IEC,inferred-60000,none,FULL_LIST
32019D1956,2019-11-26,2019,EN 60335-2-4:2010,IEC,inferred-60000,none,FULL_LIST
32019D1956,2019-11-26,2019,EN 60335-2-16:2003,IEC,inferred-60000,none,FULL_LIST
32019D1956,2019-11-26,2019,EN 60335-2-28:2003,IEC,inferred-60000,none,FULL_LIST
32019D1956,2019-11-26,2019,EN 60335-2-29:2004,IEC,inferred-60000,none,FULL_LIST
32019D1956,2019-11-26,2019,EN 60335-2-55:2003,IEC,inferred-60000,none,FULL_LIST
32019D1956,2019-11-26,2019,EN 60335-2-59:2003,IEC,inferred-60000,none,FULL_LIST
32019D1956,2019-11-26,2019,EN 60335-2-74:2003,IEC,inferred-60000,none,FULL_LIST
32019D1956,2019-11-26,2019,EN 60335-2-85:2003,IEC,inferred-60000,none,FULL_LIST
32019D1956,2019-11-26,2019,EN 60335-2-109:2010,IEC,inferred-60000,none,FULL_LIST
32019D1956,2019-11-26,2019,EN 60947-5-5:1997,IEC,inferred-60000,none,FULL_LIST
32019D1956,2019-11-26,2019,EN 61008-1:2012,IEC,inferred-60000,none,FULL_LIST
32019D1956,2019-11-26,2019,EN 61643-11:2012,IEC,inferred-60000,none,FULL_LIST
32019D1956,2019-11-26,2019,EN 62560:2012,IEC,inferred-60000,none,FULL_LIST
32019D1956,2019-11-26,2019,EN 62606:2013,IEC,inferred-60000,none,FULL_LIST
32019D1956,2019-11-26,2019,EN 60335-2-15:2016,IEC,inferred-60000,none,FULL_LIST
32019D1956,2019-11-26,2019,EN 60529:1991,IEC,inferred-60000,none,FULL_LIST
32019D1956,2019-11-26,2019,EN 60529:1991,IEC,inferred-60000,none,FULL_LIST
32019D1956,2019-11-26,2019,EN 60529:1991,IEC,inferred-60000,none,FULL_LIST
32019D1956,2019-11-26,2019,EN 60529:1991,IEC,inferred-60000,none,FULL_LIST
32019D1956,2019-11-26,2019,EN 60598-2-22:2014,IEC,inferred-60000,none,FULL_LIST
32019D1956,2019-11-26,2019,EN 60598-2-22:2014,IEC,inferred-60000,none,FULL_LIST
32019D1956,2019-11-26,2019,EN 60598-2-22:2014,IEC,inferred-60000,none,FULL_LIST
32019D1956,2019-11-26,2019,EN 61008-1:2012,IEC,inferred-60000,none,FULL_LIST
32019D1956,2019-11-26,2019,EN 61008-1:2012,IEC,inferred-60000,none,FULL_LIST
32019D1956,2019-11-26,2019,EN 61851-23:2014,IEC,inferred-60000,none,FULL_LIST
32019D1956,2019-11-26,2019,EN 61851-23:2014,IEC,inferred-60000,none,FULL_LIST
32019D1956,2019-11-26,2019,EN 60204-1:2018,IEC,inferred-60000,withdrawal,FULL_LIST
32019D1956,2019-11-26,2019,EN 60335-1:2012,IEC,inferred-60000,withdrawal,FULL_LIST
32019D1956,2019-11-26,2019,EN 60335-1:2012,IEC,inferred-60000,withdrawal,FULL_LIST
32019D1956,2019-11-26,2019,EN 60335-1:2012,IEC,inferred-60000,withdrawal,FULL_LIST
32019D1956,2019-11-26,2019,EN 60335-2-4:2010,IEC,inferred-60000,withdrawal,FULL_LIST
32019D1956,2019-11-26,2019,EN 60335-2-4:2010,IEC,inferred-60000,withdrawal,FULL_LIST
32019D1956,2019-11-26,2019,EN 60335-2-4:2010,IEC,inferred-60000,withdrawal,FULL_LIST
32019D1956,2019-11-26,2019,EN 60335-2-15:2016,IEC,inferred-60000,withdrawal,FULL_LIST
32019D1956,2019-11-26,2019,EN 60335-2-15:2016,IEC,inferred-60000,withdrawal,FULL_LIST
32019D1956,2019-11-26,2019,EN 60335-2-16:2003,IEC,inferred-60000,withdrawal,FULL_LIST
32019D1956,2019-11-26,2019,EN 60335-2-16:2003,IEC,inferred-60000,withdrawal,FULL_LIST
32019D1956,2019-11-26,2019,EN 60335-2-16:2003,IEC,inferred-60000,withdrawal,FULL_LIST
32019D1956,2019-11-26,2019,EN 60335-2-16:2003,IEC,inferred-60000,withdrawal,FULL_LIST
32019D1956,2019-11-26,2019,EN 60335-2-28:2003,IEC,inferred-60000,withdrawal,FULL_LIST
32019D1956,2019-11-26,2019,EN 60335-2-28:2003,IEC,inferred-60000,withdrawal,FULL_LIST
32019D1956,2019-11-26,2019,EN 60335-2-28:2003,IEC,inferred-60000,withdrawal,FULL_LIST
32019D1956,2019-11-26,2019,EN 60335-2-29:2004,IEC,inferred-60000,withdrawal,FULL_LIST
32019D1956,2019-11-26,2019,EN 60335-2-29:2004,IEC,inferred-60000,withdrawal,FULL_LIST
32019D1956,2019-11-26,2019,EN 60335-2-29:2004,IEC,inferred-60000,withdrawal,FULL_LIST
32019D1956,2019-11-26,2019,EN 60335-2-55:2003,IEC,inferred-60000,withdrawal,FULL_LIST
32019D1956,2019-11-26,2019,EN 60335-2-55:2003,IEC,inferred-60000,withdrawal,FULL_LIST
32019D1956,2019-11-26,2019,EN 60335-2-55:2003,IEC,inferred-60000,withdrawal,FULL_LIST
32019D1956,2019-11-26,2019,EN 60335-2-59:2003,IEC,inferred-60000,withdrawal,FULL_LIST
32019D1956,2019-11-26,2019,EN 60335-2-59:2003,IEC,inferred-60000,withdrawal,FULL_LIST
32019D1956,2019-11-26,2019,EN 60335-2-59:2003,IEC,inferred-60000,withdrawal,FULL_LIST
32019D1956,2019-11-26,2019,EN 60335-2-59:2003,IEC,inferred-60000,withdrawal,FULL_LIST
32019D1956,2019-11-26,2019,EN 60335-2-74:2003,IEC,inferred-60000,withdrawal,FULL_LIST
32019D1956,2019-11-26,2019,EN 60335-2-74:2003,IEC,inferred-60000,withdrawal,FULL_LIST
32019D1956,2019-11-26,2019,EN 60335-2-74:2003,IEC,inferred-60000,withdrawal,FULL_LIST
32019D1956,2019-11-26,2019,EN 60335-2-74:2003,IEC,inferred-60000,withdrawal,FULL_LIST
32019D1956,2019-11-26,2019,EN 60335-2-85:2003,IEC,inferred-60000,withdrawal,FULL_LIST
32019D1956,2019-11-26,2019,EN 60335-2-85:2003,IEC,inferred-60000,withdrawal,FULL_LIST
32019D1956,2019-11-26,2019,EN 60335-2-85:2003,IEC,inferred-60000,withdrawal,FULL_LIST
32019D1956,2019-11-26,2019,EN 60335-2-109:2010,IEC,inferred-60000,withdrawal,FULL_LIST
32019D1956,2019-11-26,2019,EN 60335-2-109:2010,IEC,inferred-60000,withdrawal,FULL_LIST
32019D1956,2019-11-26,2019,EN 60335-2-109:2010,IEC,inferred-60000,withdrawal,FULL_LIST
32019D1956,2019-11-26,2019,EN 60529:1991,IEC,inferred-60000,withdrawal,FULL_LIST
32019D1956,2019-11-26,2019,EN 60529:1991,IEC,inferred-60000,withdrawal,FULL_LIST
32019D1956,2019-11-26,2019,EN 60529:1991,IEC,inferred-60000,withdrawal,FULL_LIST
32019D1956,2019-11-26,2019,EN 60529:1991,IEC,inferred-60000,withdrawal,FULL_LIST
32019D1956,2019-11-26,2019,EN 60529:1991,IEC,inferred-60000,withdrawal,FULL_LIST
32019D1956,2019-11-26,2019,EN 60529:1991,IEC,inferred-60000,withdrawal,FULL_LIST
32019D1956,2019-11-26,2019,EN 60598-2-22:2014,IEC,inferred-60000,withdrawal,FULL_LIST
32019D1956,2019-11-26,2019,EN 60598-2-22:2014,IEC,inferred-60000,withdrawal,FULL_LIST
32019D1956,2019-11-26,2019,EN 60598-2-22:2014,IEC,inferred-60000,withdrawal,FULL_LIST
32019D1956,2019-11-26,2019,EN 60715:2017,IEC,inferred-60000,withdrawal,FULL_LIST
32019D1956,2019-11-26,2019,EN 60898-1:2019,IEC,inferred-60000,withdrawal,FULL_LIST
32019D1956,2019-11-26,2019,EN 60947-2:2017,IEC,inferred-60000,withdrawal,FULL_LIST
32019D1956,2019-11-26,2019,EN 60947-5-1:2017,IEC,inferred-60000,withdrawal,FULL_LIST
32019D1956,2019-11-26,2019,EN 60947-5-5:1997,IEC,inferred-60000,withdrawal,FULL_LIST
32019D1956,2019-11-26,2019,EN 60947-5-5:1997,IEC,inferred-60000,withdrawal,FULL_LIST
32019D1956,2019-11-26,2019,EN 60947-5-5:1997,IEC,inferred-60000,withdrawal,FULL_LIST
32019D1956,2019-11-26,2019,EN 60947-5-5:1997,IEC,inferred-60000,withdrawal,FULL_LIST
32019D1956,2019-11-26,2019,EN 61008-1:2012,IEC,inferred-60000,withdrawal,FULL_LIST
32019D1956,2019-11-26,2019,EN 61008-1:2012,IEC,inferred-60000,withdrawal,FULL_LIST
32019D1956,2019-11-26,2019,EN 61008-1:2012,IEC,inferred-60000,withdrawal,FULL_LIST
32019D1956,2019-11-26,2019,EN 61008-1:2012,IEC,inferred-60000,withdrawal,FULL_LIST
32019D1956,2019-11-26,2019,EN 61008-1:2012,IEC,inferred-60000,withdrawal,FULL_LIST
32019D1956,2019-11-26,2019,EN 61008-1:2012,IEC,inferred-60000,withdrawal,FULL_LIST
32019D1956,2019-11-26,2019,EN IEC 61010-2-201:2018,IEC,explicit,withdrawal,FULL_LIST
32019D1956,2019-11-26,2019,EN IEC 61058-1:2018,IEC,explicit,withdrawal,FULL_LIST
32019D1956,2019-11-26,2019,EN 61643-11:2012,IEC,inferred-60000,withdrawal,FULL_LIST
32019D1956,2019-11-26,2019,EN 61643-11:2012,IEC,inferred-60000,withdrawal,FULL_LIST
32019D1956,2019-11-26,2019,EN 61851-23:2014,IEC,inferred-60000,withdrawal,FULL_LIST
32019D1956,2019-11-26,2019,EN 61851-23:2014,IEC,inferred-60000,withdrawal,FULL_LIST
32019D1956,2019-11-26,2019,EN 62560:2012,IEC,inferred-60000,withdrawal,FULL_LIST
32019D1956,2019-11-26,2019,EN 62560:2012,IEC,inferred-60000,withdrawal,FULL_LIST
32019D1956,2019-11-26,2019,EN 62560:2012,IEC,inferred-60000,withdrawal,FULL_LIST
32019D1956,2019-11-26,2019,EN 62560:2012,IEC,inferred-60000,withdrawal,FULL_LIST
32019D1956,2019-11-26,2019,EN 62560:2012,IEC,inferred-60000,withdrawal,FULL_LIST
32019D1956,2019-11-26,2019,EN 62606:2013,IEC,inferred-60000,withdrawal,FULL_LIST
32019D1956,2019-11-26,2019,EN 62606:2013,IEC,inferred-60000,withdrawal,FULL_LIST
32019D1956,2019-11-26,2019,EN 63024:2018,IEC,inferred-60000,withdrawal,FULL_LIST
32019D1956,2019-11-26,2019,EN 50557:2011,CENELEC,number,withdrawal,FULL_LIST
32019D1956,2019-11-26,2019,EN 60204-1:2006,IEC,inferred-60000,withdrawal,FULL_LIST
32019D1956,2019-11-26,2019,EN 60204-1:2006,IEC,inferred-60000,withdrawal,FULL_LIST
32019D1956,2019-11-26,2019,EN 60335-1:2012,IEC,inferred-60000,withdrawal,FULL_LIST
32019D1956,2019-11-26,2019,EN 60335-1:2012,IEC,inferred-60000,withdrawal,FULL_LIST
32019D1956,2019-11-26,2019,EN 60335-2-4:2010,IEC,inferred-60000,withdrawal,FULL_LIST
32019D1956,2019-11-26,2019,EN 60335-2-4:2010,IEC,inferred-60000,withdrawal,FULL_LIST
32019D1956,2019-11-26,2019,EN 60335-2-15:2002,IEC,inferred-60000,withdrawal,FULL_LIST
32019D1956,2019-11-26,2019,EN 60335-2-15:2002,IEC,inferred-60000,withdrawal,FULL_LIST
32019D1956,2019-11-26,2019,EN 60335-2-15:2002,IEC,inferred-60000,withdrawal,FULL_LIST
32019D1956,2019-11-26,2019,EN 60335-2-15:2002,IEC,inferred-60000,withdrawal,FULL_LIST
32019D1956,2019-11-26,2019,EN 60335-2-16:2003,IEC,inferred-60000,withdrawal,FULL_LIST
32019D1956,2019-11-26,2019,EN 60335-2-16:2003,IEC,inferred-60000,withdrawal,FULL_LIST
32019D1956,2019-11-26,2019,EN 60335-2-16:2003,IEC,inferred-60000,withdrawal,FULL_LIST
32019D1956,2019-11-26,2019,EN 60335-2-28:2003,IEC,inferred-60000,withdrawal,FULL_LIST
32019D1956,2019-11-26,2019,EN 60335-2-28:2003,IEC,inferred-60000,withdrawal,FULL_LIST
32019D1956,2019-11-26,2019,EN 60335-2-29:2004,IEC,inferred-60000,withdrawal,FULL_LIST
32019D1956,2019-11-26,2019,EN 60335-2-29:2004,IEC,inferred-60000,withdrawal,FULL_LIST
32019D1956,2019-11-26,2019,EN 60335-2-55:2003,IEC,inferred-60000,withdrawal,FULL_LIST
32019D1956,2019-11-26,2019,EN 60335-2-55:2003,IEC,inferred-60000,withdrawal,FULL_LIST
32019D1956,2019-11-26,2019,EN 60335-2-59:2003,IEC,inferred-60000,withdrawal,FULL_LIST
32019D1956,2019-11-26,2019,EN 60335-2-59:2003,IEC,inferred-60000,withdrawal,FULL_LIST
32019D1956,2019-11-26,2019,EN 60335-2-59:2003,IEC,inferred-60000,withdrawal,FULL_LIST
32019D1956,2019-11-26,2019,EN 60335-2-74:2003,IEC,inferred-60000,withdrawal,FULL_LIST
32019D1956,2019-11-26,2019,EN 60335-2-74:2003,IEC,inferred-60000,withdrawal,FULL_LIST
32019D1956,2019-11-26,2019,EN 60335-2-74:2003,IEC,inferred-60000,withdrawal,FULL_LIST
32019D1956,2019-11-26,2019,EN 60335-2-85:2003,IEC,inferred-60000,withdrawal,FULL_LIST
32019D1956,2019-11-26,2019,EN 60335-2-85:2003,IEC,inferred-60000,withdrawal,FULL_LIST
32019D1956,2019-11-26,2019,EN 60335-2-109:2010,IEC,inferred-60000,withdrawal,FULL_LIST
32019D1956,2019-11-26,2019,EN 60529:1991,IEC,inferred-60000,withdrawal,FULL_LIST
32019D1956,2019-11-26,2019,EN 60529:1991,IEC,inferred-60000,withdrawal,FULL_LIST
32019D1956,2019-11-26,2019,EN 60529:1991,IEC,inferred-60000,withdrawal,FULL_LIST
32019D1956,2019-11-26,2019,EN 60529:1991,IEC,inferred-60000,withdrawal,FULL_LIST
32019D1956,2019-11-26,2019,EN 60598-2-22:2014,IEC,inferred-60000,withdrawal,FULL_LIST
32019D1956,2019-11-26,2019,EN 62560:2012,IEC,inferred-60000,withdrawal,FULL_LIST
32019D1956,2019-11-26,2019,EN 62560:2012,IEC,inferred-60000,withdrawal,FULL_LIST
32019D1956,2019-11-26,2019,EN 62560:2012,IEC,inferred-60000,withdrawal,FULL_LIST
32019D1956,2019-11-26,2019,EN 62560:2012,IEC,inferred-60000,withdrawal,FULL_LIST
32019D1956,2019-11-26,2019,EN 60715:2001,IEC,inferred-60000,withdrawal,FULL_LIST
32019D1956,2019-11-26,2019,EN 60898-1:2003,IEC,inferred-60000,withdrawal,FULL_LIST
32019D1956,2019-11-26,2019,EN 60898-1:2003,IEC,inferred-60000,withdrawal,FULL_LIST
32019D1956,2019-11-26,2019,EN 60898-1:2003,IEC,inferred-60000,withdrawal,FULL_LIST
32019D1956,2019-11-26,2019,EN 60898-1:2003,IEC,inferred-60000,withdrawal,FULL_LIST
32019D1956,2019-11-26,2019,EN 60947-2:2006,IEC,inferred-60000,withdrawal,FULL_LIST
32019D1956,2019-11-26,2019,EN 60947-2:2006,IEC,inferred-60000,withdrawal,FULL_LIST
32019D1956,2019-11-26,2019,EN 60947-2:2006,IEC,inferred-60000,withdrawal,FULL_LIST
32019D1956,2019-11-26,2019,EN 60947-5-1:2004,IEC,inferred-60000,withdrawal,FULL_LIST
32019D1956,2019-11-26,2019,EN 60947-5-1:2004,IEC,inferred-60000,withdrawal,FULL_LIST
32019D1956,2019-11-26,2019,EN 60947-5-5:1997,IEC,inferred-60000,withdrawal,FULL_LIST
32019D1956,2019-11-26,2019,EN 60947-5-5:1997,IEC,inferred-60000,withdrawal,FULL_LIST
32019D1956,2019-11-26,2019,EN 60947-5-5:1997,IEC,inferred-60000,withdrawal,FULL_LIST
32019D1956,2019-11-26,2019,EN 61008-1:2012,IEC,inferred-60000,withdrawal,FULL_LIST
32019D1956,2019-11-26,2019,EN 61008-1:2012,IEC,inferred-60000,withdrawal,FULL_LIST
32019D1956,2019-11-26,2019,EN 61008-1:2012,IEC,inferred-60000,withdrawal,FULL_LIST
32019D1956,2019-11-26,2019,EN 61008-1:2012,IEC,inferred-60000,withdrawal,FULL_LIST
32019D1956,2019-11-26,2019,EN 61010-2-201:2013,IEC,inferred-60000,withdrawal,FULL_LIST
32019D1956,2019-11-26,2019,EN 61010-2-201:2013,IEC,inferred-60000,withdrawal,FULL_LIST
32019D1956,2019-11-26,2019,EN 61058-1:2002,IEC,inferred-60000,withdrawal,FULL_LIST
32019D1956,2019-11-26,2019,EN 61058-1:2002,IEC,inferred-60000,withdrawal,FULL_LIST
32019D1956,2019-11-26,2019,EN 61643-11:2012,IEC,inferred-60000,withdrawal,FULL_LIST
32019D1956,2019-11-26,2019,EN 61851-23:2014,IEC,inferred-60000,withdrawal,FULL_LIST
32019D1956,2019-11-26,2019,EN 62560:2012,IEC,inferred-60000,withdrawal,FULL_LIST
32019D1956,2019-11-26,2019,EN 62560:2012,IEC,inferred-60000,withdrawal,FULL_LIST
32019D1956,2019-11-26,2019,EN 62560:2012,IEC,inferred-60000,withdrawal,FULL_LIST
32019D1956,2019-11-26,2019,EN 62606:2013,IEC,inferred-60000,withdrawal,FULL_LIST
32020D0050,2020-01-21,2020,EN ISO 10087:2019,ISO,explicit,none,AMENDING
32020D0050,2020-01-21,2020,EN ISO 10087:2019,ISO,explicit,none,AMENDING
32020D0050,2020-01-21,2020,EN ISO 10087:2019,ISO,explicit,none,AMENDING
32020D0050,2020-01-21,2020,EN ISO 12215-5:2019,ISO,explicit,none,AMENDING
32020D0050,2020-01-21,2020,EN ISO 12215-5:2019,ISO,explicit,none,AMENDING
32020D0050,2020-01-21,2020,EN ISO 12215-5:2019,ISO,explicit,none,AMENDING
32020D0050,2020-01-21,2020,EN ISO 10087:2019,ISO,explicit,none,AMENDING
32020D0050,2020-01-21,2020,EN ISO 12215-5:2019,ISO,explicit,none,AMENDING
32020D0050,2020-01-21,2020,EN ISO 12215-5:2019,ISO,explicit,none,AMENDING
32020D0050,2020-01-21,2020,EN ISO 12215-5:2018,ISO,explicit,none,AMENDING
32020D0050,2020-01-21,2020,EN ISO 12215-5:2018,ISO,explicit,none,AMENDING
32020D0050,2020-01-21,2020,EN ISO 12215-5:2019,ISO,explicit,none,AMENDING
32020D0050,2020-01-21,2020,EN ISO 10087:2019,ISO,explicit,none,AMENDING
32020D0050,2020-01-21,2020,EN ISO 12215-5:2019,ISO,explicit,none,AMENDING
32020D0050,2020-01-21,2020,EN ISO 12215-5:2018,ISO,explicit,none,AMENDING
32020D0050,2020-01-21,2020,EN ISO 10087:2019,ISO,explicit,addition,AMENDING
32020D0050,2020-01-21,2020,EN ISO 12215-5:2019,ISO,explicit,addition,AMENDING
32020D0167,2020-02-05,2020,EN 300 328 V2.2.2,ETSI,spaced,none,FULL_LIST
32020D0167,2020-02-05,2020,EN 300 698 V2.3.1,ETSI,spaced,none,FULL_LIST
32020D0167,2020-02-05,2020,EN 303 098 V2.2.1,ETSI,spaced,none,FULL_LIST
32020D0167,2020-02-05,2020,EN 303 520 V1.2.1,ETSI,spaced,none,FULL_LIST
32020D0167,2020-02-05,2020,EN 300 328 V2.2.2,ETSI,spaced,none,FULL_LIST
32020D0167,2020-02-05,2020,EN 303 098 V2.2.1,ETSI,spaced,none,FULL_LIST
32020D0167,2020-02-05,2020,EN 300 698 V2.3.1,ETSI,spaced,none,FULL_LIST
32020D0167,2020-02-05,2020,EN 303 520 V1.2.1,ETSI,spaced,none,FULL_LIST
32020D0167,2020-02-05,2020,EN 300 328 V2.1.1,ETSI,spaced,none,FULL_LIST
32020D0167,2020-02-05,2020,EN 300 328 V2.2.2,ETSI,spaced,none,FULL_LIST
32020D0167,2020-02-05,2020,EN 303 098 V2.1.1,ETSI,spaced,none,FULL_LIST
32020D0167,2020-02-05,2020,EN 303 098 V2.2.1,ETSI,spaced,none,FULL_LIST
32020D0167,2020-02-05,2020,EN 303 520 V1.1.1,ETSI,spaced,none,FULL_LIST
32020D0167,2020-02-05,2020,EN 303 520 V1.2.1,ETSI,spaced,none,FULL_LIST
32020D0167,2020-02-05,2020,EN 300 698 V2.2.1,ETSI,spaced,none,FULL_LIST
32020D0167,2020-02-05,2020,EN 300 698 V2.3.1,ETSI,spaced,none,FULL_LIST
32020D0167,2020-02-05,2020,EN 300 674-2-2 V2.1.1,ETSI,spaced,none,FULL_LIST
32020D0167,2020-02-05,2020,EN 300 674-2-2 V2.2.1,ETSI,spaced,none,FULL_LIST
32020D0167,2020-02-05,2020,EN 302 065-3 V2.1.1,ETSI,spaced,none,FULL_LIST
32020D0167,2020-02-05,2020,EN 302 065-3 V2.1.1,ETSI,spaced,none,FULL_LIST
32020D0167,2020-02-05,2020,EN 302 752 V1.1.1,ETSI,spaced,none,FULL_LIST
32020D0167,2020-02-05,2020,EN 302 065-3 V2.1.1,ETSI,spaced,withdrawal,FULL_LIST
32020D0167,2020-02-05,2020,EN 302 752 V1.1.1,ETSI,spaced,withdrawal,FULL_LIST
32020D0167,2020-02-05,2020,EN 302 752 V1.1.1,ETSI,spaced,withdrawal,FULL_LIST
32020D0167,2020-02-05,2020,EN 300 328 V2.2.2,ETSI,spaced,withdrawal,FULL_LIST
32020D0167,2020-02-05,2020,EN 300 674-2-2 V2.2.1,ETSI,spaced,withdrawal,FULL_LIST
32020D0167,2020-02-05,2020,EN 303 098 V2.2.1,ETSI,spaced,withdrawal,FULL_LIST
32020D0167,2020-02-05,2020,EN 300 698 V2.3.1,ETSI,spaced,withdrawal,FULL_LIST
32020D0167,2020-02-05,2020,EN 302 065-3 V2.1.1,ETSI,spaced,withdrawal,FULL_LIST
32020D0167,2020-02-05,2020,EN 303 520 V1.2.1,ETSI,spaced,withdrawal,FULL_LIST
32020D0167,2020-02-05,2020,EN 300 328 V2.1.1,ETSI,spaced,withdrawal,FULL_LIST
32020D0167,2020-02-05,2020,EN 300 698 V2.2.1,ETSI,spaced,withdrawal,FULL_LIST
32020D0167,2020-02-05,2020,EN 300 674-2-2 V2.1.1,ETSI,spaced,withdrawal,FULL_LIST
32020D0167,2020-02-05,2020,EN 302 065-3 V2.1.1,ETSI,spaced,withdrawal,FULL_LIST
32020D0167,2020-02-05,2020,EN 302 752 V1.1.1,ETSI,spaced,withdrawal,FULL_LIST
32020D0167,2020-02-05,2020,EN 303 098 V2.1.1,ETSI,spaced,withdrawal,FULL_LIST
32020D0167,2020-02-05,2020,EN 303 520 V1.1.1,ETSI,spaced,withdrawal,FULL_LIST
32020D0437,2020-03-24,2020,EN ISO 10993-11:2009,ISO,explicit,none,FULL_LIST
32020D0437,2020-03-24,2020,EN 14683:2005,CEN,number,none,FULL_LIST
32020D0437,2020-03-24,2020,EN ISO 15747:2011,ISO,explicit,none,FULL_LIST
32020D0437,2020-03-24,2020,EN ISO 10993-11:2018,ISO,explicit,none,FULL_LIST
32020D0437,2020-03-24,2020,EN 14683:2019,CEN,number,none,FULL_LIST
32020D0437,2020-03-24,2020,EN ISO 15747:2019,ISO,explicit,none,FULL_LIST
32020D0437,2020-03-24,2020,EN ISO 10993-11:2018,ISO,explicit,none,FULL_LIST
32020D0437,2020-03-24,2020,EN 14683:2019,CEN,number,none,FULL_LIST
32020D0437,2020-03-24,2020,EN ISO 15747:2019,ISO,explicit,none,FULL_LIST
32020D0437,2020-03-24,2020,EN ISO 10993-11:2018,ISO,explicit,none,FULL_LIST
32020D0437,2020-03-24,2020,EN 14683:2019,CEN,number,none,FULL_LIST
32020D0437,2020-03-24,2020,EN ISO 15747:2019,ISO,explicit,none,FULL_LIST
32020D0437,2020-03-24,2020,EN ISO 10993-11:2018,ISO,explicit,none,FULL_LIST
32020D0437,2020-03-24,2020,EN 14683:2019,CEN,number,none,FULL_LIST
32020D0437,2020-03-24,2020,EN ISO 15747:2019,ISO,explicit,none,FULL_LIST
32020D0437,2020-03-24,2020,EN ISO 10993-11:2009,ISO,explicit,none,FULL_LIST
32020D0437,2020-03-24,2020,EN 14683:2005,CEN,number,none,FULL_LIST
32020D0437,2020-03-24,2020,EN ISO 15747:2011,ISO,explicit,none,FULL_LIST
32020D0437,2020-03-24,2020,EN ISO 10993-11:2009,ISO,explicit,none,FULL_LIST
32020D0437,2020-03-24,2020,EN 14683:2005,CEN,number,none,FULL_LIST
32020D0437,2020-03-24,2020,EN ISO 15747:2011,ISO,explicit,none,FULL_LIST
32020D0437,2020-03-24,2020,EN ISO 11137-1:2015,ISO,explicit,none,FULL_LIST
32020D0437,2020-03-24,2020,EN ISO 13408-2:2011,ISO,explicit,none,FULL_LIST
32020D0437,2020-03-24,2020,EN ISO 13485:2016,ISO,explicit,none,FULL_LIST
32020D0437,2020-03-24,2020,EN ISO 11137-1:2015,ISO,explicit,none,FULL_LIST
32020D0437,2020-03-24,2020,EN ISO 13408-2:2018,ISO,explicit,none,FULL_LIST
32020D0437,2020-03-24,2020,EN ISO 13485:2016,ISO,explicit,none,FULL_LIST
32020D0437,2020-03-24,2020,EN ISO 11137-1:2015,ISO,explicit,none,FULL_LIST
32020D0437,2020-03-24,2020,EN ISO 13408-2:2018,ISO,explicit,none,FULL_LIST
32020D0437,2020-03-24,2020,EN ISO 13485:2016,ISO,explicit,none,FULL_LIST
32020D0437,2020-03-24,2020,EN ISO 11137-1:2015,ISO,explicit,none,FULL_LIST
32020D0437,2020-03-24,2020,EN ISO 13408-2:2018,ISO,explicit,none,FULL_LIST
32020D0437,2020-03-24,2020,EN ISO 13485:2016,ISO,explicit,none,FULL_LIST
32020D0437,2020-03-24,2020,EN ISO 13408-2:2018,ISO,explicit,none,FULL_LIST
32020D0437,2020-03-24,2020,EN ISO 13485:2016,ISO,explicit,none,FULL_LIST
32020D0437,2020-03-24,2020,EN ISO 13408-2:2011,ISO,explicit,none,FULL_LIST
32020D0437,2020-03-24,2020,EN ISO 13485:2016,ISO,explicit,none,FULL_LIST
32020D0437,2020-03-24,2020,EN ISO 13408-2:2011,ISO,explicit,none,FULL_LIST
32020D0437,2020-03-24,2020,EN ISO 13485:2016,ISO,explicit,none,FULL_LIST
32020D0437,2020-03-24,2020,EN ISO 11990-1:2004,ISO,explicit,none,FULL_LIST
32020D0437,2020-03-24,2020,EN ISO 11990-2:2004,ISO,explicit,none,FULL_LIST
32020D0437,2020-03-24,2020,EN 13976-2:2011,CEN,number,none,FULL_LIST
32020D0437,2020-03-24,2020,EN ISO 15883-4:2009,ISO,explicit,none,FULL_LIST
32020D0437,2020-03-24,2020,EN ISO 17664:2004,ISO,explicit,none,FULL_LIST
32020D0437,2020-03-24,2020,EN ISO 21987:2009,ISO,explicit,none,FULL_LIST
32020D0437,2020-03-24,2020,EN ISO 11990:2018,ISO,explicit,none,FULL_LIST
32020D0437,2020-03-24,2020,EN 13976-2:2018,CEN,number,none,FULL_LIST
32020D0437,2020-03-24,2020,EN ISO 15883-4:2018,ISO,explicit,none,FULL_LIST
32020D0437,2020-03-24,2020,EN ISO 17664:2017,ISO,explicit,none,FULL_LIST
32020D0437,2020-03-24,2020,EN ISO 21987:2017,ISO,explicit,none,FULL_LIST
32020D0437,2020-03-24,2020,EN ISO 11990:2018,ISO,explicit,none,FULL_LIST
32020D0437,2020-03-24,2020,EN 13976-2:2018,CEN,number,none,FULL_LIST
32020D0437,2020-03-24,2020,EN ISO 15883-4:2018,ISO,explicit,none,FULL_LIST
32020D0437,2020-03-24,2020,EN ISO 17664:2017,ISO,explicit,none,FULL_LIST
32020D0437,2020-03-24,2020,EN ISO 21987:2017,ISO,explicit,none,FULL_LIST
32020D0437,2020-03-24,2020,EN ISO 11990:2018,ISO,explicit,none,FULL_LIST
32020D0437,2020-03-24,2020,EN 13976-2:2018,CEN,number,none,FULL_LIST
32020D0437,2020-03-24,2020,EN ISO 15883-4:2018,ISO,explicit,none,FULL_LIST
32020D0437,2020-03-24,2020,EN ISO 17664:2017,ISO,explicit,none,FULL_LIST
32020D0437,2020-03-24,2020,EN ISO 21987:2017,ISO,explicit,none,FULL_LIST
32020D0437,2020-03-24,2020,EN ISO 11990:2018,ISO,explicit,none,FULL_LIST
32020D0437,2020-03-24,2020,EN 13976-2:2018,CEN,number,none,FULL_LIST
32020D0437,2020-03-24,2020,EN ISO 15883-4:2018,ISO,explicit,none,FULL_LIST
32020D0437,2020-03-24,2020,EN ISO 17664:2017,ISO,explicit,none,FULL_LIST
32020D0437,2020-03-24,2020,EN ISO 21987:2017,ISO,explicit,none,FULL_LIST
32020D0437,2020-03-24,2020,EN ISO 11990-1:2004,ISO,explicit,none,FULL_LIST
32020D0437,2020-03-24,2020,EN ISO 11990-2:2004,ISO,explicit,none,FULL_LIST
32020D0437,2020-03-24,2020,EN 13976-2:2011,CEN,number,none,FULL_LIST
32020D0437,2020-03-24,2020,EN ISO 15883-4:2009,ISO,explicit,none,FULL_LIST
32020D0437,2020-03-24,2020,EN ISO 17664:2004,ISO,explicit,none,FULL_LIST
32020D0437,2020-03-24,2020,EN ISO 21987:2009,ISO,explicit,none,FULL_LIST
32020D0437,2020-03-24,2020,EN ISO 11990-1:2004,ISO,explicit,none,FULL_LIST
32020D0437,2020-03-24,2020,EN ISO 11990-2:2004,ISO,explicit,none,FULL_LIST
32020D0437,2020-03-24,2020,EN 13976-2:2011,CEN,number,none,FULL_LIST
32020D0437,2020-03-24,2020,EN ISO 15883-4:2009,ISO,explicit,none,FULL_LIST
32020D0437,2020-03-24,2020,EN ISO 17664:2004,ISO,explicit,none,FULL_LIST
32020D0437,2020-03-24,2020,EN ISO 21987:2009,ISO,explicit,none,FULL_LIST
32020D0437,2020-03-24,2020,EN 11608-7:2017,CEN,number,none,FULL_LIST
32020D0437,2020-03-24,2020,EN 13795-1:2019,CEN,number,none,FULL_LIST
32020D0437,2020-03-24,2020,EN 13795-2:2019,CEN,number,none,FULL_LIST
32020D0437,2020-03-24,2020,EN ISO 81060-2:2019,ISO,explicit,none,FULL_LIST
32020D0437,2020-03-24,2020,EN 11608-7:2017,CEN,number,none,FULL_LIST
32020D0437,2020-03-24,2020,EN 13795-1:2019,CEN,number,none,FULL_LIST
32020D0437,2020-03-24,2020,EN 13795-2:2019,CEN,number,none,FULL_LIST
32020D0437,2020-03-24,2020,EN ISO 81060-2:2019,ISO,explicit,none,FULL_LIST
32020D0437,2020-03-24,2020,EN ISO 25424:2019,ISO,explicit,none,FULL_LIST
32020D0437,2020-03-24,2020,EN ISO 25424:2019,ISO,explicit,none,FULL_LIST
32020D0437,2020-03-24,2020,EN 285:2006+A2:2009,CEN,number,withdrawal,FULL_LIST
32020D0437,2020-03-24,2020,EN 455-1:2000,CEN,number,withdrawal,FULL_LIST
32020D0437,2020-03-24,2020,EN 455-2:2009+A2:2013,CEN,number,withdrawal,FULL_LIST
32020D0437,2020-03-24,2020,EN 455-3:2006,CEN,number,withdrawal,FULL_LIST
32020D0437,2020-03-24,2020,EN 455-4:2009,CEN,number,withdrawal,FULL_LIST
32020D0437,2020-03-24,2020,EN 556-1:2001,CEN,number,withdrawal,FULL_LIST
32020D0437,2020-03-24,2020,EN 556-1:2001,CEN,number,withdrawal,FULL_LIST
32020D0437,2020-03-24,2020,EN 556-2:2015,CEN,number,withdrawal,FULL_LIST
32020D0437,2020-03-24,2020,EN 794-3:1998+A2:2009,CEN,number,withdrawal,FULL_LIST
32020D0437,2020-03-24,2020,EN 1041:2008,CEN,number,withdrawal,FULL_LIST
32020D0437,2020-03-24,2020,EN 1060-3:1997+A2:2009,CEN,number,withdrawal,FULL_LIST
32020D0437,2020-03-24,2020,EN 1060-4:2004,CEN,number,withdrawal,FULL_LIST
32020D0437,2020-03-24,2020,EN ISO 1135-4:2011,ISO,explicit,withdrawal,FULL_LIST
32020D0437,2020-03-24,2020,EN 1282-2:2005+A1:2009,CEN,number,withdrawal,FULL_LIST
32020D0437,2020-03-24,2020,EN 1422:1997+A1:2009,CEN,number,withdrawal,FULL_LIST
32020D0437,2020-03-24,2020,EN 1618:1997,CEN,number,withdrawal,FULL_LIST
32020D0437,2020-03-24,2020,EN 1639:2009,CEN,number,withdrawal,FULL_LIST
32020D0437,2020-03-24,2020,EN 1640:2009,CEN,number,withdrawal,FULL_LIST
32020D0437,2020-03-24,2020,EN 1641:2009,CEN,number,withdrawal,FULL_LIST
32020D0437,2020-03-24,2020,EN 1642:2011,CEN,number,withdrawal,FULL_LIST
32020D0437,2020-03-24,2020,EN 1707:1996,CEN,number,withdrawal,FULL_LIST
32020D0437,2020-03-24,2020,EN 1782:1998+A1:2009,CEN,number,withdrawal,FULL_LIST
32020D0437,2020-03-24,2020,EN 1789:2007+A1:2010,CEN,number,withdrawal,FULL_LIST
32020D0437,2020-03-24,2020,EN 1820:2005+A1:2009,CEN,number,withdrawal,FULL_LIST
32020D0437,2020-03-24,2020,EN 1865-1:2010+A1:2015,CEN,number,withdrawal,FULL_LIST
32020D0437,2020-03-24,2020,EN 1865-2:2010+A1:2015,CEN,number,withdrawal,FULL_LIST
32020D0437,2020-03-24,2020,EN 1865-3:2012,CEN,number,withdrawal,FULL_LIST
32020D0437,2020-03-24,2020,EN 1865-4:2012,CEN,number,withdrawal,FULL_LIST
32020D0437,2020-03-24,2020,EN 1865-5:2012,CEN,number,withdrawal,FULL_LIST
32020D0437,2020-03-24,2020,EN 1985:1998,CEN,number,withdrawal,FULL_LIST
32020D0437,2020-03-24,2020,EN ISO 3826-2:2008,ISO,explicit,withdrawal,FULL_LIST
32020D0437,2020-03-24,2020,EN ISO 3826-3:2007,ISO,explicit,withdrawal,FULL_LIST
32020D0437,2020-03-24,2020,EN ISO 3826-4:2015,ISO,explicit,withdrawal,FULL_LIST
32020D0437,2020-03-24,2020,EN ISO 4074:2002,ISO,explicit,withdrawal,FULL_LIST
32020D0437,2020-03-24,2020,EN ISO 4135:2001,ISO,explicit,withdrawal,FULL_LIST
32020D0437,2020-03-24,2020,EN ISO 5359:2008,ISO,explicit,withdrawal,FULL_LIST
32020D0437,2020-03-24,2020,EN ISO 5359:2008,ISO,explicit,withdrawal,FULL_LIST
32020D0437,2020-03-24,2020,EN ISO 5360:2009,ISO,explicit,withdrawal,FULL_LIST
32020D0437,2020-03-24,2020,EN ISO 5366-1:2009,ISO,explicit,withdrawal,FULL_LIST
32020D0437,2020-03-24,2020,EN ISO 5840:2009,ISO,explicit,withdrawal,FULL_LIST
32020D0437,2020-03-24,2020,EN ISO 7197:2009,ISO,explicit,withdrawal,FULL_LIST
32020D0437,2020-03-24,2020,EN ISO 7376:2009,ISO,explicit,withdrawal,FULL_LIST
32020D0437,2020-03-24,2020,EN ISO 7396-1:2007,ISO,explicit,withdrawal,FULL_LIST
32020D0437,2020-03-24,2020,EN ISO 7396-1:2007,ISO,explicit,withdrawal,FULL_LIST
32020D0437,2020-03-24,2020,EN ISO 7396-1:2007,ISO,explicit,withdrawal,FULL_LIST
32020D0437,2020-03-24,2020,EN ISO 7396-2:2007,ISO,explicit,withdrawal,FULL_LIST
32020D0437,2020-03-24,2020,EN ISO 7886-3:2009,ISO,explicit,withdrawal,FULL_LIST
32020D0437,2020-03-24,2020,EN ISO 7886-4:2009,ISO,explicit,withdrawal,FULL_LIST
32020D0437,2020-03-24,2020,EN ISO 8185:2009,ISO,explicit,withdrawal,FULL_LIST
32020D0437,2020-03-24,2020,EN ISO 8359:2009,ISO,explicit,withdrawal,FULL_LIST
32020D0437,2020-03-24,2020,EN ISO 8359:2009,ISO,explicit,withdrawal,FULL_LIST
32020D0437,2020-03-24,2020,EN ISO 8835-2:2009,ISO,explicit,withdrawal,FULL_LIST
32020D0437,2020-03-24,2020,EN ISO 8835-3:2009,ISO,explicit,withdrawal,FULL_LIST
32020D0437,2020-03-24,2020,EN ISO 8835-3:2009,ISO,explicit,withdrawal,FULL_LIST
32020D0437,2020-03-24,2020,EN ISO 8835-4:2009,ISO,explicit,withdrawal,FULL_LIST
32020D0437,2020-03-24,2020,EN ISO 8835-5:2009,ISO,explicit,withdrawal,FULL_LIST
32020D0437,2020-03-24,2020,EN ISO 9170-1:2008,ISO,explicit,withdrawal,FULL_LIST
32020D0437,2020-03-24,2020,EN ISO 9170-2:2008,ISO,explicit,withdrawal,FULL_LIST
32020D0437,2020-03-24,2020,EN ISO 9360-1:2009,ISO,explicit,withdrawal,FULL_LIST
32020D0437,2020-03-24,2020,EN ISO 9360-2:2009,ISO,explicit,withdrawal,FULL_LIST
32020D0437,2020-03-24,2020,EN ISO 9713:2009,ISO,explicit,withdrawal,FULL_LIST
32020D0437,2020-03-24,2020,EN ISO 10079-1:2009,ISO,explicit,withdrawal,FULL_LIST
32020D0437,2020-03-24,2020,EN ISO 10079-2:2009,ISO,explicit,withdrawal,FULL_LIST
32020D0437,2020-03-24,2020,EN ISO 10079-3:2009,ISO,explicit,withdrawal,FULL_LIST
32020D0437,2020-03-24,2020,EN ISO 10328:2016,ISO,explicit,withdrawal,FULL_LIST
32020D0437,2020-03-24,2020,EN ISO 10524-1:2006,ISO,explicit,withdrawal,FULL_LIST
32020D0437,2020-03-24,2020,EN ISO 10524-2:2006,ISO,explicit,withdrawal,FULL_LIST
32020D0437,2020-03-24,2020,EN ISO 10524-3:2006,ISO,explicit,withdrawal,FULL_LIST
32020D0437,2020-03-24,2020,EN ISO 10524-4:2008,ISO,explicit,withdrawal,FULL_LIST
32020D0437,2020-03-24,2020,EN ISO 10535:2006,ISO,explicit,withdrawal,FULL_LIST
32020D0437,2020-03-24,2020,EN ISO 10555-1:2009,ISO,explicit,withdrawal,FULL_LIST
32020D0437,2020-03-24,2020,EN ISO 10651-2:2009,ISO,explicit,withdrawal,FULL_LIST
32020D0437,2020-03-24,2020,EN ISO 10651-4:2009,ISO,explicit,withdrawal,FULL_LIST
32020D0437,2020-03-24,2020,EN ISO 10651-6:2009,ISO,explicit,withdrawal,FULL_LIST
32020D0437,2020-03-24,2020,EN ISO 10993-1:2009,ISO,explicit,withdrawal,FULL_LIST
32020D0437,2020-03-24,2020,EN ISO 10993-1:2009,ISO,explicit,withdrawal,FULL_LIST
32020D0437,2020-03-24,2020,EN ISO 10993-3:2014,ISO,explicit,withdrawal,FULL_LIST
32020D0437,2020-03-24,2020,EN ISO 10993-4:2009,ISO,explicit,withdrawal,FULL_LIST
32020D0437,2020-03-24,2020,EN ISO 10993-5:2009,ISO,explicit,withdrawal,FULL_LIST
32020D0437,2020-03-24,2020,EN ISO 10993-6:2009,ISO,explicit,withdrawal,FULL_LIST
32020D0437,2020-03-24,2020,EN ISO 10993-7:2008,ISO,explicit,withdrawal,FULL_LIST
32020D0437,2020-03-24,2020,EN ISO 10993-7:2008,ISO,explicit,withdrawal,FULL_LIST
32020D0437,2020-03-24,2020,EN ISO 10993-9:2009,ISO,explicit,withdrawal,FULL_LIST
32020D0437,2020-03-24,2020,EN ISO 10993-11:2018,ISO,explicit,withdrawal,FULL_LIST
32020D0437,2020-03-24,2020,EN ISO 10993-12:2012,ISO,explicit,withdrawal,FULL_LIST
32020D0437,2020-03-24,2020,EN ISO 10993-13:2010,ISO,explicit,withdrawal,FULL_LIST
32020D0437,2020-03-24,2020,EN ISO 10993-14:2009,ISO,explicit,withdrawal,FULL_LIST
32020D0437,2020-03-24,2020,EN ISO 10993-15:2009,ISO,explicit,withdrawal,FULL_LIST
32020D0437,2020-03-24,2020,EN ISO 10993-16:2010,ISO,explicit,withdrawal,FULL_LIST
32020D0437,2020-03-24,2020,EN ISO 10993-17:2009,ISO,explicit,withdrawal,FULL_LIST
32020D0437,2020-03-24,2020,EN ISO 10993-18:2009,ISO,explicit,withdrawal,FULL_LIST
32020D0437,2020-03-24,2020,EN ISO 11135-1:2007,ISO,explicit,withdrawal,FULL_LIST
32020D0437,2020-03-24,2020,EN ISO 11137-1:2015,ISO,explicit,withdrawal,FULL_LIST
32020D0437,2020-03-24,2020,EN ISO 11137-1:2015,ISO,explicit,withdrawal,FULL_LIST
32020D0437,2020-03-24,2020,EN ISO 11137-2:2015,ISO,explicit,withdrawal,FULL_LIST
32020D0437,2020-03-24,2020,EN ISO 11138-2:2009,ISO,explicit,withdrawal,FULL_LIST
32020D0437,2020-03-24,2020,EN ISO 11138-3:2009,ISO,explicit,withdrawal,FULL_LIST
32020D0437,2020-03-24,2020,EN ISO 11140-1:2009,ISO,explicit,withdrawal,FULL_LIST
32020D0437,2020-03-24,2020,EN ISO 11140-3:2009,ISO,explicit,withdrawal,FULL_LIST
32020D0437,2020-03-24,2020,EN ISO 11197:2009,ISO,explicit,withdrawal,FULL_LIST
32020D0437,2020-03-24,2020,EN ISO 11607-1:2009,ISO,explicit,withdrawal,FULL_LIST
32020D0437,2020-03-24,2020,EN ISO 11607-2:2006,ISO,explicit,withdrawal,FULL_LIST
32020D0437,2020-03-24,2020,EN ISO 11608-7:2017,ISO,explicit,withdrawal,FULL_LIST
32020D0437,2020-03-24,2020,EN ISO 11737-1:2006,ISO,explicit,withdrawal,FULL_LIST
32020D0437,2020-03-24,2020,EN ISO 11737-1:2006,ISO,explicit,withdrawal,FULL_LIST
32020D0437,2020-03-24,2020,EN ISO 11737-2:2009,ISO,explicit,withdrawal,FULL_LIST
32020D0437,2020-03-24,2020,EN ISO 11810-1:2009,ISO,explicit,withdrawal,FULL_LIST
32020D0437,2020-03-24,2020,EN ISO 11810-2:2009,ISO,explicit,withdrawal,FULL_LIST
32020D0437,2020-03-24,2020,EN ISO 11979-8:2009,ISO,explicit,withdrawal,FULL_LIST
32020D0437,2020-03-24,2020,EN ISO 11990:2018,ISO,explicit,withdrawal,FULL_LIST
32020D0437,2020-03-24,2020,EN 12006-2:1998+A1:2009,CEN,number,withdrawal,FULL_LIST
32020D0437,2020-03-24,2020,EN 12006-3:1998+A1:2009,CEN,number,withdrawal,FULL_LIST
32020D0437,2020-03-24,2020,EN 12183:2009,CEN,number,withdrawal,FULL_LIST
32020D0437,2020-03-24,2020,EN 12184:2009,CEN,number,withdrawal,FULL_LIST
32020D0437,2020-03-24,2020,EN 12342:1998+A1:2009,CEN,number,withdrawal,FULL_LIST
32020D0437,2020-03-24,2020,EN 12470-1:2000+A1:2009,CEN,number,withdrawal,FULL_LIST
32020D0437,2020-03-24,2020,EN 12470-2:2000+A1:2009,CEN,number,withdrawal,FULL_LIST
32020D0437,2020-03-24,2020,EN 12470-3:2000+A1:2009,CEN,number,withdrawal,FULL_LIST
32020D0437,2020-03-24,2020,EN 12470-4:2000+A1:2009,CEN,number,withdrawal,FULL_LIST
32020D0437,2020-03-24,2020,EN 12470-5:2003,CEN,number,withdrawal,FULL_LIST
32020D0437,2020-03-24,2020,EN ISO 12870:2009,ISO,explicit,withdrawal,FULL_LIST
32020D0437,2020-03-24,2020,EN 13060:2014,CEN,number,withdrawal,FULL_LIST
32020D0437,2020-03-24,2020,EN ISO 13408-1:2015,ISO,explicit,withdrawal,FULL_LIST
32020D0437,2020-03-24,2020,EN ISO 13408-2:2018,ISO,explicit,withdrawal,FULL_LIST
32020D0437,2020-03-24,2020,EN ISO 13408-3:2011,ISO,explicit,withdrawal,FULL_LIST
32020D0437,2020-03-24,2020,EN ISO 13408-4:2011,ISO,explicit,withdrawal,FULL_LIST
32020D0437,2020-03-24,2020,EN ISO 13408-5:2011,ISO,explicit,withdrawal,FULL_LIST
32020D0437,2020-03-24,2020,EN ISO 13408-6:2011,ISO,explicit,withdrawal,FULL_LIST
32020D0437,2020-03-24,2020,EN ISO 13408-7:2015,ISO,explicit,withdrawal,FULL_LIST
32020D0437,2020-03-24,2020,EN ISO 13485:2016,ISO,explicit,withdrawal,FULL_LIST
32020D0437,2020-03-24,2020,EN ISO 13485:2016,ISO,explicit,withdrawal,FULL_LIST
32020D0437,2020-03-24,2020,EN 13544-1:2007+A1:2009,CEN,number,withdrawal,FULL_LIST
32020D0437,2020-03-24,2020,EN 13544-2:2002+A1:2009,CEN,number,withdrawal,FULL_LIST
32020D0437,2020-03-24,2020,EN 13544-3:2001+A1:2009,CEN,number,withdrawal,FULL_LIST
32020D0437,2020-03-24,2020,EN 13624:2003,CEN,number,withdrawal,FULL_LIST
32020D0437,2020-03-24,2020,EN 13718-1:2008,CEN,number,withdrawal,FULL_LIST
32020D0437,2020-03-24,2020,EN 13718-2:2015,CEN,number,withdrawal,FULL_LIST
32020D0437,2020-03-24,2020,EN 13726-1:2002,CEN,number,withdrawal,FULL_LIST
32020D0437,2020-03-24,2020,EN 13726-1:2002,CEN,number,withdrawal,FULL_LIST
32020D0437,2020-03-24,2020,EN 13726-2:2002,CEN,number,withdrawal,FULL_LIST
32020D0437,2020-03-24,2020,EN 13727:2012,CEN,number,withdrawal,FULL_LIST
32020D0437,2020-03-24,2020,EN 13795-1:2019,CEN,number,withdrawal,FULL_LIST
32020D0437,2020-03-24,2020,EN 13795-2:2019,CEN,number,withdrawal,FULL_LIST
32020D0437,2020-03-24,2020,EN 13867:2002+A1:2009,CEN,number,withdrawal,FULL_LIST
32020D0437,2020-03-24,2020,EN 13976-1:2011,CEN,number,withdrawal,FULL_LIST
32020D0437,2020-03-24,2020,EN 13976-2:2018,CEN,number,withdrawal,FULL_LIST
32020D0437,2020-03-24,2020,EN 14079:2003,CEN,number,withdrawal,FULL_LIST
32020D0437,2020-03-24,2020,EN 14139:2010,CEN,number,withdrawal,FULL_LIST
32020D0437,2020-03-24,2020,EN ISO 14155:2011,ISO,explicit,withdrawal,FULL_LIST
32020D0437,2020-03-24,2020,EN ISO 14155:2011,ISO,explicit,withdrawal,FULL_LIST
32020D0437,2020-03-24,2020,EN 14180:2003+A2:2009,CEN,number,withdrawal,FULL_LIST
32020D0437,2020-03-24,2020,EN 14348:2005,CEN,number,withdrawal,FULL_LIST
32020D0437,2020-03-24,2020,EN ISO 14408:2009,ISO,explicit,withdrawal,FULL_LIST
32020D0437,2020-03-24,2020,EN 14561:2006,CEN,number,withdrawal,FULL_LIST
32020D0437,2020-03-24,2020,EN 14562:2006,CEN,number,withdrawal,FULL_LIST
32020D0437,2020-03-24,2020,EN 14563:2008,CEN,number,withdrawal,FULL_LIST
32020D0437,2020-03-24,2020,EN ISO 14602:2011,ISO,explicit,withdrawal,FULL_LIST
32020D0437,2020-03-24,2020,EN ISO 14607:2009,ISO,explicit,withdrawal,FULL_LIST
32020D0437,2020-03-24,2020,EN ISO 14630:2009,ISO,explicit,withdrawal,FULL_LIST
32020D0437,2020-03-24,2020,EN 14683:2019,CEN,number,withdrawal,FULL_LIST
32020D0437,2020-03-24,2020,EN ISO 14889:2009,ISO,explicit,withdrawal,FULL_LIST
32020D0437,2020-03-24,2020,EN 14931:2006,CEN,number,withdrawal,FULL_LIST
32020D0437,2020-03-24,2020,EN ISO 14937:2009,ISO,explicit,withdrawal,FULL_LIST
32020D0437,2020-03-24,2020,EN ISO 14971:2012,ISO,explicit,withdrawal,FULL_LIST
32020D0437,2020-03-24,2020,EN ISO 15001:2011,ISO,explicit,withdrawal,FULL_LIST
32020D0437,2020-03-24,2020,EN ISO 15002:2008,ISO,explicit,withdrawal,FULL_LIST
32020D0437,2020-03-24,2020,EN ISO 15004-1:2009,ISO,explicit,withdrawal,FULL_LIST
32020D0437,2020-03-24,2020,EN ISO 15223-1:2016,ISO,explicit,withdrawal,FULL_LIST
32020D0437,2020-03-24,2020,EN ISO 15747:2019,ISO,explicit,withdrawal,FULL_LIST
32020D0437,2020-03-24,2020,EN ISO 15798:2010,ISO,explicit,withdrawal,FULL_LIST
32020D0437,2020-03-24,2020,EN ISO 15883-1:2009,ISO,explicit,withdrawal,FULL_LIST
32020D0437,2020-03-24,2020,EN ISO 15883-2:2009,ISO,explicit,withdrawal,FULL_LIST
32020D0437,2020-03-24,2020,EN ISO 15883-3:2009,ISO,explicit,withdrawal,FULL_LIST
32020D0437,2020-03-24,2020,EN ISO 15883-4:2018,ISO,explicit,withdrawal,FULL_LIST
32020D0437,2020-03-24,2020,EN 15986:2011,CEN,number,withdrawal,FULL_LIST
32020D0437,2020-03-24,2020,EN ISO 16061:2009,ISO,explicit,withdrawal,FULL_LIST
32020D0437,2020-03-24,2020,EN ISO 16201:2006,ISO,explicit,withdrawal,FULL_LIST
32020D0437,2020-03-24,2020,EN ISO 17510-1:2009,ISO,explicit,withdrawal,FULL_LIST
32020D0437,2020-03-24,2020,EN ISO 17510-2:2009,ISO,explicit,withdrawal,FULL_LIST
32020D0437,2020-03-24,2020,EN ISO 17664:2017,ISO,explicit,withdrawal,FULL_LIST
32020D0437,2020-03-24,2020,EN ISO 17665-1:2006,ISO,explicit,withdrawal,FULL_LIST
32020D0437,2020-03-24,2020,EN ISO 18777:2009,ISO,explicit,withdrawal,FULL_LIST
32020D0437,2020-03-24,2020,EN ISO 18778:2009,ISO,explicit,withdrawal,FULL_LIST
32020D0437,2020-03-24,2020,EN ISO 18779:2005,ISO,explicit,withdrawal,FULL_LIST
32020D0437,2020-03-24,2020,EN ISO 19054:2006,ISO,explicit,withdrawal,FULL_LIST
32020D0437,2020-03-24,2020,EN 20594-1:1993,CEN,number,withdrawal,FULL_LIST
32020D0437,2020-03-24,2020,EN 20594-1:1993,CEN,number,withdrawal,FULL_LIST
32020D0437,2020-03-24,2020,EN 20594-1:1993,CEN,number,withdrawal,FULL_LIST
32020D0437,2020-03-24,2020,EN ISO 21534:2009,ISO,explicit,withdrawal,FULL_LIST
32020D0437,2020-03-24,2020,EN ISO 21535:2009,ISO,explicit,withdrawal,FULL_LIST
32020D0437,2020-03-24,2020,EN ISO 21536:2009,ISO,explicit,withdrawal,FULL_LIST
32020D0437,2020-03-24,2020,EN ISO 21649:2009,ISO,explicit,withdrawal,FULL_LIST
32020D0437,2020-03-24,2020,EN ISO 21969:2009,ISO,explicit,withdrawal,FULL_LIST
32020D0437,2020-03-24,2020,EN ISO 21987:2017,ISO,explicit,withdrawal,FULL_LIST
32020D0437,2020-03-24,2020,EN ISO 22442-1:2007,ISO,explicit,withdrawal,FULL_LIST
32020D0437,2020-03-24,2020,EN ISO 22442-2:2007,ISO,explicit,withdrawal,FULL_LIST
32020D0437,2020-03-24,2020,EN ISO 22442-3:2007,ISO,explicit,withdrawal,FULL_LIST
32020D0437,2020-03-24,2020,EN ISO 22523:2006,ISO,explicit,withdrawal,FULL_LIST
32020D0437,2020-03-24,2020,EN ISO 22675:2016,ISO,explicit,withdrawal,FULL_LIST
32020D0437,2020-03-24,2020,EN ISO 23328-1:2008,ISO,explicit,withdrawal,FULL_LIST
32020D0437,2020-03-24,2020,EN ISO 23328-2:2009,ISO,explicit,withdrawal,FULL_LIST
32020D0437,2020-03-24,2020,EN ISO 23747:2009,ISO,explicit,withdrawal,FULL_LIST
32020D0437,2020-03-24,2020,EN ISO 25424:2019,ISO,explicit,withdrawal,FULL_LIST
32020D0437,2020-03-24,2020,EN ISO 25539-1:2009,ISO,explicit,withdrawal,FULL_LIST
32020D0437,2020-03-24,2020,EN ISO 25539-1:2009,ISO,explicit,withdrawal,FULL_LIST
32020D0437,2020-03-24,2020,EN ISO 25539-2:2009,ISO,explicit,withdrawal,FULL_LIST
32020D0437,2020-03-24,2020,EN ISO 25539-2:2009,ISO,explicit,withdrawal,FULL_LIST
32020D0437,2020-03-24,2020,EN ISO 26782:2009,ISO,explicit,withdrawal,FULL_LIST
32020D0437,2020-03-24,2020,EN ISO 26782:2009,ISO,explicit,withdrawal,FULL_LIST
32020D0437,2020-03-24,2020,EN 27740:1992,CEN,number,withdrawal,FULL_LIST
32020D0437,2020-03-24,2020,EN 27740:1992,CEN,number,withdrawal,FULL_LIST
32020D0437,2020-03-24,2020,EN 27740:1992,CEN,number,withdrawal,FULL_LIST
32020D0437,2020-03-24,2020,EN 60118-13:2005,IEC,inferred-60000,withdrawal,FULL_LIST
32020D0437,2020-03-24,2020,EN 60522:1999,IEC,inferred-60000,withdrawal,FULL_LIST
32020D0437,2020-03-24,2020,EN 60580:2000,IEC,inferred-60000,withdrawal,FULL_LIST
32020D0437,2020-03-24,2020,EN 60601-1:2006,IEC,inferred-60000,withdrawal,FULL_LIST
32020D0437,2020-03-24,2020,EN 60601-1:2006,IEC,inferred-60000,withdrawal,FULL_LIST
32020D0437,2020-03-24,2020,EN 60601-1:2006,IEC,inferred-60000,withdrawal,FULL_LIST
32020D0437,2020-03-24,2020,EN 60601-1-1:2001,IEC,inferred-60000,withdrawal,FULL_LIST
32020D0437,2020-03-24,2020,EN 60601-1-2:2015,IEC,inferred-60000,withdrawal,FULL_LIST
32020D0437,2020-03-24,2020,EN 60601-1-3:2008,IEC,inferred-60000,withdrawal,FULL_LIST
32020D0437,2020-03-24,2020,EN 60601-1-3:2008,IEC,inferred-60000,withdrawal,FULL_LIST
32020D0437,2020-03-24,2020,EN 60601-1-3:2008,IEC,inferred-60000,withdrawal,FULL_LIST
32020D0437,2020-03-24,2020,EN 60601-1-4:1996,IEC,inferred-60000,withdrawal,FULL_LIST
32020D0437,2020-03-24,2020,EN 60601-1-4:1996,IEC,inferred-60000,withdrawal,FULL_LIST
32020D0437,2020-03-24,2020,EN 60601-1-6:2010,IEC,inferred-60000,withdrawal,FULL_LIST
32020D0437,2020-03-24,2020,EN 60601-1-8:2007,IEC,inferred-60000,withdrawal,FULL_LIST
32020D0437,2020-03-24,2020,EN 60601-1-8:2007,IEC,inferred-60000,withdrawal,FULL_LIST
32020D0437,2020-03-24,2020,EN 60601-1-8:2007,IEC,inferred-60000,withdrawal,FULL_LIST
32020D0437,2020-03-24,2020,EN 60601-1-10:2008,IEC,inferred-60000,withdrawal,FULL_LIST
32020D0437,2020-03-24,2020,EN 60601-1-11:2010,IEC,inferred-60000,withdrawal,FULL_LIST
32020D0437,2020-03-24,2020,EN 60601-2-1:1998,IEC,inferred-60000,withdrawal,FULL_LIST
32020D0437,2020-03-24,2020,EN 60601-2-1:1998,IEC,inferred-60000,withdrawal,FULL_LIST
32020D0437,2020-03-24,2020,EN 60601-2-2:2009,IEC,inferred-60000,withdrawal,FULL_LIST
32020D0437,2020-03-24,2020,EN 60601-2-3:1993,IEC,inferred-60000,withdrawal,FULL_LIST
32020D0437,2020-03-24,2020,EN 60601-2-3:1993,IEC,inferred-60000,withdrawal,FULL_LIST
32020D0437,2020-03-24,2020,EN 60601-2-4:2003,IEC,inferred-60000,withdrawal,FULL_LIST
32020D0437,2020-03-24,2020,EN 60601-2-5:2000,IEC,inferred-60000,withdrawal,FULL_LIST
32020D0437,2020-03-24,2020,EN 60601-2-8:1997,IEC,inferred-60000,withdrawal,FULL_LIST
32020D0437,2020-03-24,2020,EN 60601-2-8:1997,IEC,inferred-60000,withdrawal,FULL_LIST
32020D0437,2020-03-24,2020,EN 60601-2-10:2000,IEC,inferred-60000,withdrawal,FULL_LIST
32020D0437,2020-03-24,2020,EN 60601-2-10:2000,IEC,inferred-60000,withdrawal,FULL_LIST
32020D0437,2020-03-24,2020,EN 60601-2-11:1997,IEC,inferred-60000,withdrawal,FULL_LIST
32020D0437,2020-03-24,2020,EN 60601-2-11:1997,IEC,inferred-60000,withdrawal,FULL_LIST
32020D0437,2020-03-24,2020,EN 60601-2-12:2006,IEC,inferred-60000,withdrawal,FULL_LIST
32020D0437,2020-03-24,2020,EN 60601-2-13:2006,IEC,inferred-60000,withdrawal,FULL_LIST
32020D0437,2020-03-24,2020,EN 60601-2-13:2006,IEC,inferred-60000,withdrawal,FULL_LIST
32020D0437,2020-03-24,2020,EN 60601-2-16:1998,IEC,inferred-60000,withdrawal,FULL_LIST
32020D0437,2020-03-24,2020,EN 60601-2-16:1998,IEC,inferred-60000,withdrawal,FULL_LIST
32020D0437,2020-03-24,2020,EN 60601-2-17:2004,IEC,inferred-60000,withdrawal,FULL_LIST
32020D0437,2020-03-24,2020,EN 60601-2-18:1996,IEC,inferred-60000,withdrawal,FULL_LIST
32020D0437,2020-03-24,2020,EN 60601-2-18:1996,IEC,inferred-60000,withdrawal,FULL_LIST
32020D0437,2020-03-24,2020,EN 60601-2-19:2009,IEC,inferred-60000,withdrawal,FULL_LIST
32020D0437,2020-03-24,2020,EN 60601-2-20:2009,IEC,inferred-60000,withdrawal,FULL_LIST
32020D0437,2020-03-24,2020,EN 60601-2-21:2009,IEC,inferred-60000,withdrawal,FULL_LIST
32020D0437,2020-03-24,2020,EN 60601-2-22:1996,IEC,inferred-60000,withdrawal,FULL_LIST
32020D0437,2020-03-24,2020,EN 60601-2-23:2000,IEC,inferred-60000,withdrawal,FULL_LIST
32020D0437,2020-03-24,2020,EN 60601-2-24:1998,IEC,inferred-60000,withdrawal,FULL_LIST
32020D0437,2020-03-24,2020,EN 60601-2-25:1995,IEC,inferred-60000,withdrawal,FULL_LIST
32020D0437,2020-03-24,2020,EN 60601-2-25:1995,IEC,inferred-60000,withdrawal,FULL_LIST
32020D0437,2020-03-24,2020,EN 60601-2-26:2003,IEC,inferred-60000,withdrawal,FULL_LIST
32020D0437,2020-03-24,2020,EN 60601-2-27:2006,IEC,inferred-60000,withdrawal,FULL_LIST
32020D0437,2020-03-24,2020,EN 60601-2-27:2006,IEC,inferred-60000,withdrawal,FULL_LIST
32020D0437,2020-03-24,2020,EN 60601-2-28:2010,IEC,inferred-60000,withdrawal,FULL_LIST
32020D0437,2020-03-24,2020,EN 60601-2-29:2008,IEC,inferred-60000,withdrawal,FULL_LIST
32020D0437,2020-03-24,2020,EN 60601-2-30:2000,IEC,inferred-60000,withdrawal,FULL_LIST
32020D0437,2020-03-24,2020,EN 60601-2-33:2010,IEC,inferred-60000,withdrawal,FULL_LIST
32020D0437,2020-03-24,2020,EN 60601-2-33:2010,IEC,inferred-60000,withdrawal,FULL_LIST
32020D0437,2020-03-24,2020,EN 60601-2-33:2010,IEC,inferred-60000,withdrawal,FULL_LIST
32020D0437,2020-03-24,2020,EN 60601-2-33:2010,IEC,inferred-60000,withdrawal,FULL_LIST
32020D0437,2020-03-24,2020,EN 60601-2-33:2010,IEC,inferred-60000,withdrawal,FULL_LIST
32020D0437,2020-03-24,2020,EN 60601-2-34:2000,IEC,inferred-60000,withdrawal,FULL_LIST
32020D0437,2020-03-24,2020,EN 60601-2-36:1997,IEC,inferred-60000,withdrawal,FULL_LIST
32020D0437,2020-03-24,2020,EN 60601-2-37:2008,IEC,inferred-60000,withdrawal,FULL_LIST
32020D0437,2020-03-24,2020,EN 60601-2-39:2008,IEC,inferred-60000,withdrawal,FULL_LIST
32020D0437,2020-03-24,2020,EN 60601-2-40:1998,IEC,inferred-60000,withdrawal,FULL_LIST
32020D0437,2020-03-24,2020,EN 60601-2-41:2009,IEC,inferred-60000,withdrawal,FULL_LIST
32020D0437,2020-03-24,2020,EN 60601-2-43:2010,IEC,inferred-60000,withdrawal,FULL_LIST
32020D0437,2020-03-24,2020,EN 60601-2-44:2009,IEC,inferred-60000,withdrawal,FULL_LIST
32020D0437,2020-03-24,2020,EN 60601-2-45:2001,IEC,inferred-60000,withdrawal,FULL_LIST
32020D0437,2020-03-24,2020,EN 60601-2-46:1998,IEC,inferred-60000,withdrawal,FULL_LIST
32020D0437,2020-03-24,2020,EN 60601-2-47:2001,IEC,inferred-60000,withdrawal,FULL_LIST
32020D0437,2020-03-24,2020,EN 60601-2-49:2001,IEC,inferred-60000,withdrawal,FULL_LIST
32020D0437,2020-03-24,2020,EN 60601-2-50:2009,IEC,inferred-60000,withdrawal,FULL_LIST
32020D0437,2020-03-24,2020,EN 60601-2-51:2003,IEC,inferred-60000,withdrawal,FULL_LIST
32020D0437,2020-03-24,2020,EN 60601-2-52:2010,IEC,inferred-60000,withdrawal,FULL_LIST
32020D0437,2020-03-24,2020,EN 60601-2-52:2010,IEC,inferred-60000,withdrawal,FULL_LIST
32020D0437,2020-03-24,2020,EN 60601-2-54:2009,IEC,inferred-60000,withdrawal,FULL_LIST
32020D0437,2020-03-24,2020,EN 60627:2001,IEC,inferred-60000,withdrawal,FULL_LIST
32020D0437,2020-03-24,2020,EN 60627:2001,IEC,inferred-60000,withdrawal,FULL_LIST
32020D0437,2020-03-24,2020,EN 60645-1:2001,IEC,inferred-60000,withdrawal,FULL_LIST
32020D0437,2020-03-24,2020,EN 60645-2:1997,IEC,inferred-60000,withdrawal,FULL_LIST
32020D0437,2020-03-24,2020,EN 60645-3:2007,IEC,inferred-60000,withdrawal,FULL_LIST
32020D0437,2020-03-24,2020,EN 60645-4:1995,IEC,inferred-60000,withdrawal,FULL_LIST
32020D0437,2020-03-24,2020,EN 61217:2012,IEC,inferred-60000,withdrawal,FULL_LIST
32020D0437,2020-03-24,2020,EN 61676:2002,IEC,inferred-60000,withdrawal,FULL_LIST
32020D0437,2020-03-24,2020,EN 61676:2002,IEC,inferred-60000,withdrawal,FULL_LIST
32020D0437,2020-03-24,2020,EN 62083:2009,IEC,inferred-60000,withdrawal,FULL_LIST
32020D0437,2020-03-24,2020,EN 62220-1:2004,IEC,inferred-60000,withdrawal,FULL_LIST
32020D0437,2020-03-24,2020,EN 62220-1-2:2007,IEC,inferred-60000,withdrawal,FULL_LIST
32020D0437,2020-03-24,2020,EN 62220-1-3:2008,IEC,inferred-60000,withdrawal,FULL_LIST
32020D0437,2020-03-24,2020,EN 62304:2006,IEC,inferred-60000,withdrawal,FULL_LIST
32020D0437,2020-03-24,2020,EN 62304:2006,IEC,inferred-60000,withdrawal,FULL_LIST
32020D0437,2020-03-24,2020,EN 62366:2008,IEC,inferred-60000,withdrawal,FULL_LIST
32020D0437,2020-03-24,2020,EN 80601-2-35:2009,CEN,number,withdrawal,FULL_LIST
32020D0437,2020-03-24,2020,EN 80601-2-58:2009,CEN,number,withdrawal,FULL_LIST
32020D0437,2020-03-24,2020,EN 80601-2-59:2009,CEN,number,withdrawal,FULL_LIST
32020D0437,2020-03-24,2020,EN ISO 81060-1:2012,ISO,explicit,withdrawal,FULL_LIST
32020D0437,2020-03-24,2020,EN ISO 81060-2:2019,ISO,explicit,withdrawal,FULL_LIST
32020D0437,2020-03-24,2020,EN ISO 10993-11:2009,ISO,explicit,withdrawal,FULL_LIST
32020D0437,2020-03-24,2020,EN ISO 11137-1:2015,ISO,explicit,withdrawal,FULL_LIST
32020D0437,2020-03-24,2020,EN ISO 11990-1:2014,ISO,explicit,withdrawal,FULL_LIST
32020D0437,2020-03-24,2020,EN ISO 11990-2:2014,ISO,explicit,withdrawal,FULL_LIST
32020D0437,2020-03-24,2020,EN ISO 13408-2:2011,ISO,explicit,withdrawal,FULL_LIST
32020D0437,2020-03-24,2020,EN ISO 13485:2016,ISO,explicit,withdrawal,FULL_LIST
32020D0437,2020-03-24,2020,EN ISO 13485:2016,ISO,explicit,withdrawal,FULL_LIST
32020D0437,2020-03-24,2020,EN 13976-2:2011,CEN,number,withdrawal,FULL_LIST
32020D0437,2020-03-24,2020,EN 14683:2005,CEN,number,withdrawal,FULL_LIST
32020D0437,2020-03-24,2020,EN ISO 15747:2011,ISO,explicit,withdrawal,FULL_LIST
32020D0437,2020-03-24,2020,EN ISO 15883-4:2009,ISO,explicit,withdrawal,FULL_LIST
32020D0437,2020-03-24,2020,EN ISO 17664:2004,ISO,explicit,withdrawal,FULL_LIST
32020D0437,2020-03-24,2020,EN ISO 21987:2009,ISO,explicit,withdrawal,FULL_LIST
32020D0438,2020-03-24,2020,EN ISO 10993-11:2009,ISO,explicit,none,FULL_LIST
32020D0438,2020-03-24,2020,EN ISO 10993-11:2018,ISO,explicit,none,FULL_LIST
32020D0438,2020-03-24,2020,EN ISO 10993-11:2018,ISO,explicit,none,FULL_LIST
32020D0438,2020-03-24,2020,EN ISO 10993-11:2018,ISO,explicit,none,FULL_LIST
32020D0438,2020-03-24,2020,EN ISO 10993-11:2018,ISO,explicit,none,FULL_LIST
32020D0438,2020-03-24,2020,EN ISO 10993-11:2009,ISO,explicit,none,FULL_LIST
32020D0438,2020-03-24,2020,EN ISO 10993-11:2009,ISO,explicit,none,FULL_LIST
32020D0438,2020-03-24,2020,EN ISO 10993-11:2018,ISO,explicit,none,FULL_LIST
32020D0438,2020-03-24,2020,EN ISO 10993-11:2009,ISO,explicit,none,FULL_LIST
32020D0438,2020-03-24,2020,EN ISO 11137-1:2015,ISO,explicit,none,FULL_LIST
32020D0438,2020-03-24,2020,EN ISO 13408-2:2011,ISO,explicit,none,FULL_LIST
32020D0438,2020-03-24,2020,EN ISO 13485:2016,ISO,explicit,none,FULL_LIST
32020D0438,2020-03-24,2020,EN ISO 11137-1:2015,ISO,explicit,none,FULL_LIST
32020D0438,2020-03-24,2020,EN ISO 13408-2:2018,ISO,explicit,none,FULL_LIST
32020D0438,2020-03-24,2020,EN ISO 13485:2016,ISO,explicit,none,FULL_LIST
32020D0438,2020-03-24,2020,EN ISO 11137-1:2015,ISO,explicit,none,FULL_LIST
32020D0438,2020-03-24,2020,EN ISO 13408-2:2018,ISO,explicit,none,FULL_LIST
32020D0438,2020-03-24,2020,EN ISO 13485:2016,ISO,explicit,none,FULL_LIST
32020D0438,2020-03-24,2020,EN ISO 11137-1:2015,ISO,explicit,none,FULL_LIST
32020D0438,2020-03-24,2020,EN ISO 13408-2:2018,ISO,explicit,none,FULL_LIST
32020D0438,2020-03-24,2020,EN ISO 13485:2016,ISO,explicit,none,FULL_LIST
32020D0438,2020-03-24,2020,EN ISO 11137-1:2015,ISO,explicit,none,FULL_LIST
32020D0438,2020-03-24,2020,EN ISO 13408-2:2018,ISO,explicit,none,FULL_LIST
32020D0438,2020-03-24,2020,EN ISO 13485:2016,ISO,explicit,none,FULL_LIST
32020D0438,2020-03-24,2020,EN ISO 11137-1:2015,ISO,explicit,none,FULL_LIST
32020D0438,2020-03-24,2020,EN ISO 13408-2:2011,ISO,explicit,none,FULL_LIST
32020D0438,2020-03-24,2020,EN ISO 13485:2016,ISO,explicit,none,FULL_LIST
32020D0438,2020-03-24,2020,EN ISO 11137-1:2015,ISO,explicit,none,FULL_LIST
32020D0438,2020-03-24,2020,EN ISO 13408-2:2011,ISO,explicit,none,FULL_LIST
32020D0438,2020-03-24,2020,EN ISO 13485:2016,ISO,explicit,none,FULL_LIST
32020D0438,2020-03-24,2020,EN ISO 11137-1:2015,ISO,explicit,none,FULL_LIST
32020D0438,2020-03-24,2020,EN ISO 13408-2:2018,ISO,explicit,none,FULL_LIST
32020D0438,2020-03-24,2020,EN ISO 13485:2016,ISO,explicit,none,FULL_LIST
32020D0438,2020-03-24,2020,EN ISO 11137-1:2015,ISO,explicit,none,FULL_LIST
32020D0438,2020-03-24,2020,EN ISO 13408-2:2011,ISO,explicit,none,FULL_LIST
32020D0438,2020-03-24,2020,EN ISO 13485:2016,ISO,explicit,none,FULL_LIST
32020D0438,2020-03-24,2020,EN ISO 25424:2019,ISO,explicit,none,FULL_LIST
32020D0438,2020-03-24,2020,EN ISO 25424:2019,ISO,explicit,none,FULL_LIST
32020D0438,2020-03-24,2020,EN 556-1:2001,CEN,number,withdrawal,FULL_LIST
32020D0438,2020-03-24,2020,EN 556-1:2001,CEN,number,withdrawal,FULL_LIST
32020D0438,2020-03-24,2020,EN 556-2:2015,CEN,number,withdrawal,FULL_LIST
32020D0438,2020-03-24,2020,EN 1041:2008,CEN,number,withdrawal,FULL_LIST
32020D0438,2020-03-24,2020,EN ISO 10993-1:2009,ISO,explicit,withdrawal,FULL_LIST
32020D0438,2020-03-24,2020,EN ISO 10993-1:2009,ISO,explicit,withdrawal,FULL_LIST
32020D0438,2020-03-24,2020,EN ISO 10993-3:2014,ISO,explicit,withdrawal,FULL_LIST
32020D0438,2020-03-24,2020,EN ISO 10993-4:2009,ISO,explicit,withdrawal,FULL_LIST
32020D0438,2020-03-24,2020,EN ISO 10993-5:2009,ISO,explicit,withdrawal,FULL_LIST
32020D0438,2020-03-24,2020,EN ISO 10993-6:2009,ISO,explicit,withdrawal,FULL_LIST
32020D0438,2020-03-24,2020,EN ISO 10993-7:2008,ISO,explicit,withdrawal,FULL_LIST
32020D0438,2020-03-24,2020,EN ISO 10993-7:2008,ISO,explicit,withdrawal,FULL_LIST
32020D0438,2020-03-24,2020,EN ISO 10993-9:2009,ISO,explicit,withdrawal,FULL_LIST
32020D0438,2020-03-24,2020,EN ISO 10993-11:2018,ISO,explicit,withdrawal,FULL_LIST
32020D0438,2020-03-24,2020,EN ISO 10993-12:2012,ISO,explicit,withdrawal,FULL_LIST
32020D0438,2020-03-24,2020,EN ISO 10993-13:2010,ISO,explicit,withdrawal,FULL_LIST
32020D0438,2020-03-24,2020,EN ISO 10993-16:2010,ISO,explicit,withdrawal,FULL_LIST
32020D0438,2020-03-24,2020,EN ISO 10993-17:2009,ISO,explicit,withdrawal,FULL_LIST
32020D0438,2020-03-24,2020,EN ISO 10993-18:2009,ISO,explicit,withdrawal,FULL_LIST
32020D0438,2020-03-24,2020,EN ISO 11135-1:2007,ISO,explicit,withdrawal,FULL_LIST
32020D0438,2020-03-24,2020,EN ISO 11137-1:2015,ISO,explicit,withdrawal,FULL_LIST
32020D0438,2020-03-24,2020,EN ISO 11137-1:2015,ISO,explicit,withdrawal,FULL_LIST
32020D0438,2020-03-24,2020,EN ISO 11137-2:2015,ISO,explicit,withdrawal,FULL_LIST
32020D0438,2020-03-24,2020,EN ISO 11138-2:2009,ISO,explicit,withdrawal,FULL_LIST
32020D0438,2020-03-24,2020,EN ISO 11138-3:2009,ISO,explicit,withdrawal,FULL_LIST
32020D0438,2020-03-24,2020,EN ISO 11140-1:2009,ISO,explicit,withdrawal,FULL_LIST
32020D0438,2020-03-24,2020,EN ISO 11607-1:2009,ISO,explicit,withdrawal,FULL_LIST
32020D0438,2020-03-24,2020,EN ISO 11737-1:2006,ISO,explicit,withdrawal,FULL_LIST
32020D0438,2020-03-24,2020,EN ISO 11737-1:2006,ISO,explicit,withdrawal,FULL_LIST
32020D0438,2020-03-24,2020,EN ISO 11737-2:2009,ISO,explicit,withdrawal,FULL_LIST
32020D0438,2020-03-24,2020,EN ISO 13408-1:2015,ISO,explicit,withdrawal,FULL_LIST
32020D0438,2020-03-24,2020,EN ISO 13408-2:2018,ISO,explicit,withdrawal,FULL_LIST
32020D0438,2020-03-24,2020,EN ISO 13408-3:2011,ISO,explicit,withdrawal,FULL_LIST
32020D0438,2020-03-24,2020,EN ISO 13408-4:2011,ISO,explicit,withdrawal,FULL_LIST
32020D0438,2020-03-24,2020,EN ISO 13408-5:2011,ISO,explicit,withdrawal,FULL_LIST
32020D0438,2020-03-24,2020,EN ISO 13408-6:2011,ISO,explicit,withdrawal,FULL_LIST
32020D0438,2020-03-24,2020,EN ISO 13408-7:2015,ISO,explicit,withdrawal,FULL_LIST
32020D0438,2020-03-24,2020,EN ISO 13485:2016,ISO,explicit,withdrawal,FULL_LIST
32020D0438,2020-03-24,2020,EN ISO 13485:2016,ISO,explicit,withdrawal,FULL_LIST
32020D0438,2020-03-24,2020,EN ISO 14155:2011,ISO,explicit,withdrawal,FULL_LIST
32020D0438,2020-03-24,2020,EN ISO 14155:2011,ISO,explicit,withdrawal,FULL_LIST
32020D0438,2020-03-24,2020,EN ISO 14937:2009,ISO,explicit,withdrawal,FULL_LIST
32020D0438,2020-03-24,2020,EN ISO 14971:2012,ISO,explicit,withdrawal,FULL_LIST
32020D0438,2020-03-24,2020,EN ISO 15223-1:2016,ISO,explicit,withdrawal,FULL_LIST
32020D0438,2020-03-24,2020,EN ISO 17665-1:2006,ISO,explicit,withdrawal,FULL_LIST
32020D0438,2020-03-24,2020,EN ISO 25424:2019,ISO,explicit,withdrawal,FULL_LIST
32020D0438,2020-03-24,2020,EN 45502-1:1997,CEN,number,withdrawal,FULL_LIST
32020D0438,2020-03-24,2020,EN 45502-2-1:2003,CEN,number,withdrawal,FULL_LIST
32020D0438,2020-03-24,2020,EN 45502-2-2:2008,CEN,number,withdrawal,FULL_LIST
32020D0438,2020-03-24,2020,EN 45502-2-2:2008,CEN,number,withdrawal,FULL_LIST
32020D0438,2020-03-24,2020,EN 45502-2-3:2010,CEN,number,withdrawal,FULL_LIST
32020D0438,2020-03-24,2020,EN 60601-1:2006,IEC,inferred-60000,withdrawal,FULL_LIST
32020D0438,2020-03-24,2020,EN 60601-1:2006,IEC,inferred-60000,withdrawal,FULL_LIST
32020D0438,2020-03-24,2020,EN 60601-1:2006,IEC,inferred-60000,withdrawal,FULL_LIST
32020D0438,2020-03-24,2020,EN 60601-1-6:2010,IEC,inferred-60000,withdrawal,FULL_LIST
32020D0438,2020-03-24,2020,EN 62304:2006,IEC,inferred-60000,withdrawal,FULL_LIST
32020D0438,2020-03-24,2020,EN 62304:2006,IEC,inferred-60000,withdrawal,FULL_LIST
32020D0438,2020-03-24,2020,EN ISO 10993-11:2009,ISO,explicit,withdrawal,FULL_LIST
32020D0438,2020-03-24,2020,EN ISO 11137-1:2015,ISO,explicit,withdrawal,FULL_LIST
32020D0438,2020-03-24,2020,EN ISO 13408-2:2011,ISO,explicit,withdrawal,FULL_LIST
32020D0438,2020-03-24,2020,EN ISO 13485:2016,ISO,explicit,withdrawal,FULL_LIST
32020D0438,2020-03-24,2020,EN ISO 13485:2016,ISO,explicit,withdrawal,FULL_LIST
32020D0439,2020-03-24,2020,EN ISO 11137-1:2015,ISO,explicit,none,FULL_LIST
32020D0439,2020-03-24,2020,EN ISO 13408-2:2011,ISO,explicit,none,FULL_LIST
32020D0439,2020-03-24,2020,EN ISO 13485:2016,ISO,explicit,none,FULL_LIST
32020D0439,2020-03-24,2020,EN ISO 11137-1:2015,ISO,explicit,none,FULL_LIST
32020D0439,2020-03-24,2020,EN ISO 13408-2:2018,ISO,explicit,none,FULL_LIST
32020D0439,2020-03-24,2020,EN ISO 13485:2016,ISO,explicit,none,FULL_LIST
32020D0439,2020-03-24,2020,EN ISO 11137-1:2015,ISO,explicit,none,FULL_LIST
32020D0439,2020-03-24,2020,EN ISO 13408-2:2018,ISO,explicit,none,FULL_LIST
32020D0439,2020-03-24,2020,EN ISO 13485:2016,ISO,explicit,none,FULL_LIST
32020D0439,2020-03-24,2020,EN ISO 11137-1:2015,ISO,explicit,none,FULL_LIST
32020D0439,2020-03-24,2020,EN ISO 13408-2:2018,ISO,explicit,none,FULL_LIST
32020D0439,2020-03-24,2020,EN ISO 13485:2016,ISO,explicit,none,FULL_LIST
32020D0439,2020-03-24,2020,EN ISO 11137-1:2015,ISO,explicit,none,FULL_LIST
32020D0439,2020-03-24,2020,EN ISO 13408-2:2018,ISO,explicit,none,FULL_LIST
32020D0439,2020-03-24,2020,EN ISO 13485:2016,ISO,explicit,none,FULL_LIST
32020D0439,2020-03-24,2020,EN ISO 11137-1:2015,ISO,explicit,none,FULL_LIST
32020D0439,2020-03-24,2020,EN ISO 13408-2:2011,ISO,explicit,none,FULL_LIST
32020D0439,2020-03-24,2020,EN ISO 13485:2016,ISO,explicit,none,FULL_LIST
32020D0439,2020-03-24,2020,EN ISO 11137-1:2015,ISO,explicit,none,FULL_LIST
32020D0439,2020-03-24,2020,EN ISO 13408-2:2011,ISO,explicit,none,FULL_LIST
32020D0439,2020-03-24,2020,EN ISO 13485:2016,ISO,explicit,none,FULL_LIST
32020D0439,2020-03-24,2020,EN ISO 11137-1:2015,ISO,explicit,none,FULL_LIST
32020D0439,2020-03-24,2020,EN ISO 13408-2:2018,ISO,explicit,none,FULL_LIST
32020D0439,2020-03-24,2020,EN ISO 13485:2016,ISO,explicit,none,FULL_LIST
32020D0439,2020-03-24,2020,EN ISO 11137-1:2015,ISO,explicit,none,FULL_LIST
32020D0439,2020-03-24,2020,EN ISO 13408-2:2011,ISO,explicit,none,FULL_LIST
32020D0439,2020-03-24,2020,EN ISO 13485:2016,ISO,explicit,none,FULL_LIST
32020D0439,2020-03-24,2020,EN ISO 25424:2019,ISO,explicit,none,FULL_LIST
32020D0439,2020-03-24,2020,EN ISO 25424:2019,ISO,explicit,none,FULL_LIST
32020D0439,2020-03-24,2020,EN 556-1:2001,CEN,number,withdrawal,FULL_LIST
32020D0439,2020-03-24,2020,EN 556-1:2001,CEN,number,withdrawal,FULL_LIST
32020D0439,2020-03-24,2020,EN 556-2:2015,CEN,number,withdrawal,FULL_LIST
32020D0439,2020-03-24,2020,EN ISO 11137-1:2015,ISO,explicit,withdrawal,FULL_LIST
32020D0439,2020-03-24,2020,EN ISO 11137-1:2015,ISO,explicit,withdrawal,FULL_LIST
32020D0439,2020-03-24,2020,EN ISO 11137-2:2015,ISO,explicit,withdrawal,FULL_LIST
32020D0439,2020-03-24,2020,EN ISO 11737-2:2009,ISO,explicit,withdrawal,FULL_LIST
32020D0439,2020-03-24,2020,EN 12322:1999,CEN,number,withdrawal,FULL_LIST
32020D0439,2020-03-24,2020,EN 12322:1999,CEN,number,withdrawal,FULL_LIST
32020D0439,2020-03-24,2020,EN ISO 13408-1:2015,ISO,explicit,withdrawal,FULL_LIST
32020D0439,2020-03-24,2020,EN ISO 13408-2:2018,ISO,explicit,withdrawal,FULL_LIST
32020D0439,2020-03-24,2020,EN ISO 13408-3:2011,ISO,explicit,withdrawal,FULL_LIST
32020D0439,2020-03-24,2020,EN ISO 13408-4:2011,ISO,explicit,withdrawal,FULL_LIST
32020D0439,2020-03-24,2020,EN ISO 13408-5:2011,ISO,explicit,withdrawal,FULL_LIST
32020D0439,2020-03-24,2020,EN ISO 13408-6:2011,ISO,explicit,withdrawal,FULL_LIST
32020D0439,2020-03-24,2020,EN ISO 13408-7:2015,ISO,explicit,withdrawal,FULL_LIST
32020D0439,2020-03-24,2020,EN ISO 13485:2016,ISO,explicit,withdrawal,FULL_LIST
32020D0439,2020-03-24,2020,EN ISO 13485:2016,ISO,explicit,withdrawal,FULL_LIST
32020D0439,2020-03-24,2020,EN 13532:2002,CEN,number,withdrawal,FULL_LIST
32020D0439,2020-03-24,2020,EN 13612:2002,CEN,number,withdrawal,FULL_LIST
32020D0439,2020-03-24,2020,EN 13612:2002,CEN,number,withdrawal,FULL_LIST
32020D0439,2020-03-24,2020,EN 13641:2002,CEN,number,withdrawal,FULL_LIST
32020D0439,2020-03-24,2020,EN 13975:2003,CEN,number,withdrawal,FULL_LIST
32020D0439,2020-03-24,2020,EN 14136:2004,CEN,number,withdrawal,FULL_LIST
32020D0439,2020-03-24,2020,EN 14254:2004,CEN,number,withdrawal,FULL_LIST
32020D0439,2020-03-24,2020,EN 14820:2004,CEN,number,withdrawal,FULL_LIST
32020D0439,2020-03-24,2020,EN ISO 14937:2009,ISO,explicit,withdrawal,FULL_LIST
32020D0439,2020-03-24,2020,EN ISO 14971:2012,ISO,explicit,withdrawal,FULL_LIST
32020D0439,2020-03-24,2020,EN ISO 15193:2009,ISO,explicit,withdrawal,FULL_LIST
32020D0439,2020-03-24,2020,EN ISO 15194:2009,ISO,explicit,withdrawal,FULL_LIST
32020D0439,2020-03-24,2020,EN ISO 15197:2015,ISO,explicit,withdrawal,FULL_LIST
32020D0439,2020-03-24,2020,EN ISO 15223-1:2016,ISO,explicit,withdrawal,FULL_LIST
32020D0439,2020-03-24,2020,EN ISO 17511:2003,ISO,explicit,withdrawal,FULL_LIST
32020D0439,2020-03-24,2020,EN ISO 18113-1:2011,ISO,explicit,withdrawal,FULL_LIST
32020D0439,2020-03-24,2020,EN ISO 18113-2:2011,ISO,explicit,withdrawal,FULL_LIST
32020D0439,2020-03-24,2020,EN ISO 18113-3:2011,ISO,explicit,withdrawal,FULL_LIST
32020D0439,2020-03-24,2020,EN ISO 18113-4:2011,ISO,explicit,withdrawal,FULL_LIST
32020D0439,2020-03-24,2020,EN ISO 18113-5:2011,ISO,explicit,withdrawal,FULL_LIST
32020D0439,2020-03-24,2020,EN ISO 18153:2003,ISO,explicit,withdrawal,FULL_LIST
32020D0439,2020-03-24,2020,EN ISO 20776-1:2006,ISO,explicit,withdrawal,FULL_LIST
32020D0439,2020-03-24,2020,EN ISO 23640:2015,ISO,explicit,withdrawal,FULL_LIST
32020D0439,2020-03-24,2020,EN ISO 25424:2019,ISO,explicit,withdrawal,FULL_LIST
32020D0439,2020-03-24,2020,EN 61010-2-101:2002,IEC,inferred-60000,withdrawal,FULL_LIST
32020D0439,2020-03-24,2020,EN 61326-2-6:2006,IEC,inferred-60000,withdrawal,FULL_LIST
32020D0439,2020-03-24,2020,EN 62304:2006,IEC,inferred-60000,withdrawal,FULL_LIST
32020D0439,2020-03-24,2020,EN 62304:2006,IEC,inferred-60000,withdrawal,FULL_LIST
32020D0439,2020-03-24,2020,EN 62366:2008,IEC,inferred-60000,withdrawal,FULL_LIST
32020D0439,2020-03-24,2020,EN ISO 11137-1:2015,ISO,explicit,withdrawal,FULL_LIST
32020D0439,2020-03-24,2020,EN ISO 13408-2:2011,ISO,explicit,withdrawal,FULL_LIST
32020D0439,2020-03-24,2020,EN ISO 13485:2016,ISO,explicit,withdrawal,FULL_LIST
32020D0439,2020-03-24,2020,EN ISO 13485:2016,ISO,explicit,withdrawal,FULL_LIST
32020D0453,2020-03-27,2020,EN 14067-4:2013+A1:2018,CEN,number,none,FULL_LIST
32020D0453,2020-03-27,2020,EN 14067-6:2018,CEN,number,none,FULL_LIST
32020D0453,2020-03-27,2020,EN 14198:2016+A1:2018,CEN,number,none,FULL_LIST
32020D0453,2020-03-27,2020,EN 14363:2016+A1:2018,CEN,number,none,FULL_LIST
32020D0453,2020-03-27,2020,EN 15355:2019,CEN,number,none,FULL_LIST
32020D0453,2020-03-27,2020,EN 15610:2019,CEN,number,none,FULL_LIST
32020D0453,2020-03-27,2020,EN 15877-1:2012+A1:2018,CEN,number,none,FULL_LIST
32020D0453,2020-03-27,2020,EN 16186-1:2014+A1:2018,CEN,number,none,FULL_LIST
32020D0453,2020-03-27,2020,EN 16186-3:2016+A1:2018,CEN,number,none,FULL_LIST
32020D0453,2020-03-27,2020,EN 16452:2015+A1:2019,CEN,number,none,FULL_LIST
32020D0453,2020-03-27,2020,EN 16729-4:2018,CEN,number,none,FULL_LIST
32020D0453,2020-03-27,2020,EN 16922:2017+A1:2019,CEN,number,none,FULL_LIST
32020D0453,2020-03-27,2020,EN 17023:2018,CEN,number,none,FULL_LIST
32020D0453,2020-03-27,2020,EN 17069-1:2019,CEN,number,none,FULL_LIST
32020D0453,2020-03-27,2020,EN 50122-1:2011,CENELEC,number,none,FULL_LIST
32020D0453,2020-03-27,2020,EN 50122-1:2011,CENELEC,number,none,FULL_LIST
32020D0453,2020-03-27,2020,EN 50122-1:2011,CENELEC,number,none,FULL_LIST
32020D0453,2020-03-27,2020,EN 50122-1:2011,CENELEC,number,none,FULL_LIST
32020D0453,2020-03-27,2020,EN 50126-1:2017,CENELEC,number,none,FULL_LIST
32020D0453,2020-03-27,2020,EN 50126-2:2017,CENELEC,number,none,FULL_LIST
32020D0453,2020-03-27,2020,EN 50129:2018,CENELEC,number,none,FULL_LIST
32020D0453,2020-03-27,2020,EN 50129:2018,CENELEC,number,none,FULL_LIST
32020D0453,2020-03-27,2020,EN 50318:2018,CENELEC,number,none,FULL_LIST
32020D0453,2020-03-27,2020,EN 50463-1:2017,CENELEC,number,none,FULL_LIST
32020D0453,2020-03-27,2020,EN 50463-2:2017,CENELEC,number,none,FULL_LIST
32020D0453,2020-03-27,2020,EN 50463-2:2017,CENELEC,number,none,FULL_LIST
32020D0453,2020-03-27,2020,EN 50463-3:2017,CENELEC,number,none,FULL_LIST
32020D0453,2020-03-27,2020,EN 50463-4:2017,CENELEC,number,none,FULL_LIST
32020D0453,2020-03-27,2020,EN 50463-5:2017,CENELEC,number,none,FULL_LIST
32020D0453,2020-03-27,2020,EN 14363:2016+A1:2018,CEN,number,none,FULL_LIST
32020D0453,2020-03-27,2020,EN 14067-4:2005+A1:2009,CEN,number,none,FULL_LIST
32020D0453,2020-03-27,2020,EN 14067-6:2010,CEN,number,none,FULL_LIST
32020D0453,2020-03-27,2020,EN 14198:2016,CEN,number,none,FULL_LIST
32020D0453,2020-03-27,2020,EN 15355:2008+A1:2010,CEN,number,none,FULL_LIST
32020D0453,2020-03-27,2020,EN 15610:2009,CEN,number,none,FULL_LIST
32020D0453,2020-03-27,2020,EN 15877-1:2012,CEN,number,none,FULL_LIST
32020D0453,2020-03-27,2020,EN 16186-3:2016,CEN,number,none,FULL_LIST
32020D0453,2020-03-27,2020,EN 16922:2017,CEN,number,none,FULL_LIST
32020D0453,2020-03-27,2020,EN 50122-1:2011,CENELEC,number,none,FULL_LIST
32020D0453,2020-03-27,2020,EN 50126-1:1999,CENELEC,number,none,FULL_LIST
32020D0453,2020-03-27,2020,EN 50129:2003,CENELEC,number,none,FULL_LIST
32020D0453,2020-03-27,2020,EN 50463-1:2012,CENELEC,number,none,FULL_LIST
32020D0453,2020-03-27,2020,EN 50463-2:2012,CENELEC,number,none,FULL_LIST
32020D0453,2020-03-27,2020,EN 50463-3:2012,CENELEC,number,none,FULL_LIST
32020D0453,2020-03-27,2020,EN 50463-4:2012,CENELEC,number,none,FULL_LIST
32020D0453,2020-03-27,2020,EN 50463-5:2012,CENELEC,number,none,FULL_LIST
32020D0453,2020-03-27,2020,EN 14067-4:2013+A1:2018,CEN,number,withdrawal,FULL_LIST
32020D0453,2020-03-27,2020,EN 14067-6:2018,CEN,number,withdrawal,FULL_LIST
32020D0453,2020-03-27,2020,EN 14198:2016+A1:2018,CEN,number,withdrawal,FULL_LIST
32020D0453,2020-03-27,2020,EN 15355:2019,CEN,number,withdrawal,FULL_LIST
32020D0453,2020-03-27,2020,EN 15610:2019,CEN,number,withdrawal,FULL_LIST
32020D0453,2020-03-27,2020,EN 15877-1:2012+A1:2018,CEN,number,withdrawal,FULL_LIST
32020D0453,2020-03-27,2020,EN 16186-1:2014+A1:2018,CEN,number,withdrawal,FULL_LIST
32020D0453,2020-03-27,2020,EN 16186-3:2016+A1:2018,CEN,number,withdrawal,FULL_LIST
32020D0453,2020-03-27,2020,EN 16452:2015+A1:2019,CEN,number,withdrawal,FULL_LIST
32020D0453,2020-03-27,2020,EN 16729-4:2018,CEN,number,withdrawal,FULL_LIST
32020D0453,2020-03-27,2020,EN 16922:2017+A1:2019,CEN,number,withdrawal,FULL_LIST
32020D0453,2020-03-27,2020,EN 17023:2018,CEN,number,withdrawal,FULL_LIST
32020D0453,2020-03-27,2020,EN 17069-1:2019,CEN,number,withdrawal,FULL_LIST
32020D0453,2020-03-27,2020,EN 50122-1:2011,CENELEC,number,withdrawal,FULL_LIST
32020D0453,2020-03-27,2020,EN 50122-1:2011,CENELEC,number,withdrawal,FULL_LIST
32020D0453,2020-03-27,2020,EN 50122-1:2011,CENELEC,number,withdrawal,FULL_LIST
32020D0453,2020-03-27,2020,EN 50122-1:2011,CENELEC,number,withdrawal,FULL_LIST
32020D0453,2020-03-27,2020,EN 50122-1:2011,CENELEC,number,withdrawal,FULL_LIST
32020D0453,2020-03-27,2020,EN 50122-1:2011,CENELEC,number,withdrawal,FULL_LIST
32020D0453,2020-03-27,2020,EN 50126-1:2017,CENELEC,number,withdrawal,FULL_LIST
32020D0453,2020-03-27,2020,EN 50126-2:2017,CENELEC,number,withdrawal,FULL_LIST
32020D0453,2020-03-27,2020,EN 50129:2018,CENELEC,number,withdrawal,FULL_LIST
32020D0453,2020-03-27,2020,EN 50129:2018,CENELEC,number,withdrawal,FULL_LIST
32020D0453,2020-03-27,2020,EN 50318:2018,CENELEC,number,withdrawal,FULL_LIST
32020D0453,2020-03-27,2020,EN 50463-1:2017,CENELEC,number,withdrawal,FULL_LIST
32020D0453,2020-03-27,2020,EN 50463-2:2017,CENELEC,number,withdrawal,FULL_LIST
32020D0453,2020-03-27,2020,EN 50463-2:2017,CENELEC,number,withdrawal,FULL_LIST
32020D0453,2020-03-27,2020,EN 50463-3:2017,CENELEC,number,withdrawal,FULL_LIST
32020D0453,2020-03-27,2020,EN 50463-4:2017,CENELEC,number,withdrawal,FULL_LIST
32020D0453,2020-03-27,2020,EN 50463-5:2017,CENELEC,number,withdrawal,FULL_LIST
32020D0453,2020-03-27,2020,EN 14363:2016+A1:2018,CEN,number,withdrawal,FULL_LIST
32020D0453,2020-03-27,2020,EN 14067-4:2005+A1:2009,CEN,number,withdrawal,FULL_LIST
32020D0453,2020-03-27,2020,EN 14067-6:2010,CEN,number,withdrawal,FULL_LIST
32020D0453,2020-03-27,2020,EN 14198:2016,CEN,number,withdrawal,FULL_LIST
32020D0453,2020-03-27,2020,EN 15355:2008+A1:2010,CEN,number,withdrawal,FULL_LIST
32020D0453,2020-03-27,2020,EN 15610:2009,CEN,number,withdrawal,FULL_LIST
32020D0453,2020-03-27,2020,EN 15877-1:2012,CEN,number,withdrawal,FULL_LIST
32020D0453,2020-03-27,2020,EN 16186-3:2016,CEN,number,withdrawal,FULL_LIST
32020D0453,2020-03-27,2020,EN 16922:2017,CEN,number,withdrawal,FULL_LIST
32020D0453,2020-03-27,2020,EN 50122-1:2011,CENELEC,number,withdrawal,FULL_LIST
32020D0453,2020-03-27,2020,EN 50122-1:2011,CENELEC,number,withdrawal,FULL_LIST
32020D0453,2020-03-27,2020,EN 50126-1:1999,CENELEC,number,withdrawal,FULL_LIST
32020D0453,2020-03-27,2020,EN 50126-1:1999,CENELEC,number,withdrawal,FULL_LIST
32020D0453,2020-03-27,2020,EN 50126-1:1999,CENELEC,number,withdrawal,FULL_LIST
32020D0453,2020-03-27,2020,EN 50126-1:1999,CENELEC,number,withdrawal,FULL_LIST
32020D0453,2020-03-27,2020,EN 50129:2003,CENELEC,number,withdrawal,FULL_LIST
32020D0453,2020-03-27,2020,EN 50129:2003,CENELEC,number,withdrawal,FULL_LIST
32020D0453,2020-03-27,2020,EN 50463-1:2012,CENELEC,number,withdrawal,FULL_LIST
32020D0453,2020-03-27,2020,EN 50463-2:2012,CENELEC,number,withdrawal,FULL_LIST
32020D0453,2020-03-27,2020,EN 50463-3:2012,CENELEC,number,withdrawal,FULL_LIST
32020D0453,2020-03-27,2020,EN 50463-4:2012,CENELEC,number,withdrawal,FULL_LIST
32020D0453,2020-03-27,2020,EN 50463-5:2012,CENELEC,number,withdrawal,FULL_LIST
32020D0480,2020-04-01,2020,EN ISO 18497:2018,ISO,explicit,none,AMENDING
32020D0480,2020-04-01,2020,EN 14033-4:2019,CEN,number,none,AMENDING
32020D0480,2020-04-01,2020,EN 16770:2018,CEN,number,none,AMENDING
32020D0480,2020-04-01,2020,EN 16712-4:2018,CEN,number,none,AMENDING
32020D0480,2020-04-01,2020,EN 62841-4-2:2019,IEC,inferred-60000,none,AMENDING
32020D0480,2020-04-01,2020,EN 62841-3-12:2019,IEC,inferred-60000,none,AMENDING
32020D0480,2020-04-01,2020,EN ISO 20607:2019,ISO,explicit,none,AMENDING
32020D0480,2020-04-01,2020,EN 17067:2018,CEN,number,none,AMENDING
32020D0480,2020-04-01,2020,EN ISO 10517:2019,ISO,explicit,none,AMENDING
32020D0480,2020-04-01,2020,EN ISO 11148-13:2018,ISO,explicit,none,AMENDING
32020D0480,2020-04-01,2020,EN 12012-1:2018,CEN,number,none,AMENDING
32020D0480,2020-04-01,2020,EN 12733:2018,CEN,number,none,AMENDING
32020D0480,2020-04-01,2020,EN 16985:2018,CEN,number,none,AMENDING
32020D0480,2020-04-01,2020,EN ISO 19296:2018,ISO,explicit,none,AMENDING
32020D0480,2020-04-01,2020,EN ISO 28927-4:2010,ISO,explicit,none,AMENDING
32020D0480,2020-04-01,2020,EN ISO 28927-4:2010,ISO,explicit,none,AMENDING
32020D0480,2020-04-01,2020,EN 60204-1:2018,IEC,inferred-60000,none,AMENDING
32020D0480,2020-04-01,2020,EN IEC 60204-11:2019,IEC,explicit,none,AMENDING
32020D0480,2020-04-01,2020,EN 707:2019,CEN,number,none,AMENDING
32020D0480,2020-04-01,2020,EN 1459-2:2015+A1:2018,CEN,number,none,AMENDING
32020D0480,2020-04-01,2020,EN ISO 3691-5:2015,ISO,explicit,none,AMENDING
32020D0480,2020-04-01,2020,EN ISO 4254-9:2018,ISO,explicit,none,AMENDING
32020D0480,2020-04-01,2020,EN 12312-8:2018,CEN,number,none,AMENDING
32020D0480,2020-04-01,2020,EN ISO 19353:2019,ISO,explicit,none,AMENDING
32020D0480,2020-04-01,2020,EN ISO 19085-3:2017,ISO,explicit,none,AMENDING
32020D0480,2020-04-01,2020,EN ISO 28927-2:2009,ISO,explicit,none,AMENDING
32020D0480,2020-04-01,2020,EN 848-3:2012,CEN,number,none,AMENDING
32020D0480,2020-04-01,2020,EN ISO 28927-2:2009,ISO,explicit,none,AMENDING
32020D0480,2020-04-01,2020,EN 848-3:2012,CEN,number,withdrawal,AMENDING
32020D0480,2020-04-01,2020,EN ISO 28927-2:2009,ISO,explicit,withdrawal,AMENDING
32020D0480,2020-04-01,2020,EN ISO 19085-3:2017,ISO,explicit,withdrawal,AMENDING
32020D0480,2020-04-01,2020,EN ISO 28927-2:2009,ISO,explicit,withdrawal,AMENDING
32020D0480,2020-04-01,2020,EN 848-3:2012,CEN,number,withdrawal,AMENDING
32020D0480,2020-04-01,2020,EN ISO 28927-2:2009,ISO,explicit,withdrawal,AMENDING
32020D0480,2020-04-01,2020,EN 62841-2-1:2018,IEC,inferred-60000,withdrawal,AMENDING
32020D0480,2020-04-01,2020,EN 62841-2-1:2018,IEC,inferred-60000,addition,AMENDING
32020D0480,2020-04-01,2020,EN 62841-2-1:2018,IEC,inferred-60000,addition,AMENDING
32020D0480,2020-04-01,2020,EN ISO 18497:2018,ISO,explicit,addition,AMENDING
32020D0480,2020-04-01,2020,EN ISO 19353:2019,ISO,explicit,addition,AMENDING
32020D0480,2020-04-01,2020,EN 707:2018,CEN,number,addition,AMENDING
32020D0480,2020-04-01,2020,EN 1459-2:2015+A1:2018,CEN,number,addition,AMENDING
32020D0480,2020-04-01,2020,EN ISO 3691-5:2015,ISO,explicit,addition,AMENDING
32020D0480,2020-04-01,2020,EN ISO 4254-9:2018,ISO,explicit,addition,AMENDING
32020D0480,2020-04-01,2020,EN ISO 10517:2019,ISO,explicit,addition,AMENDING
32020D0480,2020-04-01,2020,EN ISO 11148-13:2018,ISO,explicit,addition,AMENDING
32020D0480,2020-04-01,2020,EN 12012-1:2018,CEN,number,addition,AMENDING
32020D0480,2020-04-01,2020,EN 12312-8:2018,CEN,number,addition,AMENDING
32020D0480,2020-04-01,2020,EN 12733:2018,CEN,number,addition,AMENDING
32020D0480,2020-04-01,2020,EN 14033-4:2019,CEN,number,addition,AMENDING
32020D0480,2020-04-01,2020,EN 16712-4:2018,CEN,number,addition,AMENDING
32020D0480,2020-04-01,2020,EN 16770:2018,CEN,number,addition,AMENDING
32020D0480,2020-04-01,2020,EN 16985:2018,CEN,number,addition,AMENDING
32020D0480,2020-04-01,2020,EN 17067:2018,CEN,number,addition,AMENDING
32020D0480,2020-04-01,2020,EN ISO 19296:2018,ISO,explicit,addition,AMENDING
32020D0480,2020-04-01,2020,EN ISO 28927-4:2010,ISO,explicit,addition,AMENDING
32020D0480,2020-04-01,2020,EN ISO 28927-4:2010,ISO,explicit,addition,AMENDING
32020D0480,2020-04-01,2020,EN 60204-1:2018,IEC,inferred-60000,addition,AMENDING
32020D0480,2020-04-01,2020,EN IEC 60204-11:2019,IEC,explicit,addition,AMENDING
32020D0480,2020-04-01,2020,EN 62841-4-2:2019,IEC,inferred-60000,addition,AMENDING
32020D0480,2020-04-01,2020,EN 62841-3-12:2019,IEC,inferred-60000,addition,AMENDING
32020D0480,2020-04-01,2020,EN 62841-2-21:2019,IEC,inferred-60000,addition,AMENDING
32020D0480,2020-04-01,2020,EN ISO 20607:2019,ISO,explicit,addition,AMENDING
32020D0480,2020-04-01,2020,EN ISO 19085-7:2019,ISO,explicit,addition,AMENDING
32020D0480,2020-04-01,2020,EN 1114-3:2019,CEN,number,addition,AMENDING
32020D0480,2020-04-01,2020,EN 1127-1:2019,CEN,number,addition,AMENDING
32020D0480,2020-04-01,2020,EN ISO 28927-4:2010,ISO,explicit,addition,AMENDING
32020D0480,2020-04-01,2020,EN ISO 19353:2016,ISO,explicit,addition,AMENDING
32020D0480,2020-04-01,2020,EN 707:1999+A1:2009,CEN,number,addition,AMENDING
32020D0480,2020-04-01,2020,EN 792-13:2000+A1:2008,CEN,number,addition,AMENDING
32020D0480,2020-04-01,2020,EN 1889-1:2011,CEN,number,addition,AMENDING
32020D0480,2020-04-01,2020,EN ISO 3691-5:2014,ISO,explicit,addition,AMENDING
32020D0480,2020-04-01,2020,EN ISO 3691-5:2014,ISO,explicit,addition,AMENDING
32020D0480,2020-04-01,2020,EN ISO 10517:2009,ISO,explicit,addition,AMENDING
32020D0480,2020-04-01,2020,EN ISO 10517:2009,ISO,explicit,addition,AMENDING
32020D0480,2020-04-01,2020,EN 12012-1:2007+A1:2008,CEN,number,addition,AMENDING
32020D0480,2020-04-01,2020,EN 12012-3:2001+A1:2008,CEN,number,addition,AMENDING
32020D0480,2020-04-01,2020,EN 12312-8:2005+A1:2009,CEN,number,addition,AMENDING
32020D0480,2020-04-01,2020,EN 12733:2001+A1:2009,CEN,number,addition,AMENDING
32020D0480,2020-04-01,2020,EN 12981:2005+A1:2009,CEN,number,addition,AMENDING
32020D0480,2020-04-01,2020,EN 13355:2004+A1:2009,CEN,number,addition,AMENDING
32020D0480,2020-04-01,2020,EN 14018:2005+A1:2009,CEN,number,addition,AMENDING
32020D0480,2020-04-01,2020,EN 60204-1:2006,IEC,inferred-60000,addition,AMENDING
32020D0480,2020-04-01,2020,EN 60204-1:2006,IEC,inferred-60000,addition,AMENDING
32020D0480,2020-04-01,2020,EN 60204-1:2006,IEC,inferred-60000,addition,AMENDING
32020D0480,2020-04-01,2020,EN 60204-11:2000,IEC,inferred-60000,addition,AMENDING
32020D0480,2020-04-01,2020,EN 60204-11:2000,IEC,inferred-60000,addition,AMENDING
32020D0480,2020-04-01,2020,EN 848-3:2012,CEN,number,addition,AMENDING
32020D0480,2020-04-01,2020,EN ISO 28927-2:2009,ISO,explicit,addition,AMENDING
32020D0480,2020-04-01,2020,EN 60745-2-21:2009,IEC,inferred-60000,addition,AMENDING
32020D0480,2020-04-01,2020,EN 60745-2-21:2009,IEC,inferred-60000,addition,AMENDING
32020D0480,2020-04-01,2020,EN 859:2007+A2:2012,CEN,number,addition,AMENDING
32020D0480,2020-04-01,2020,EN 860:2007+A2:2012,CEN,number,addition,AMENDING
32020D0480,2020-04-01,2020,EN 861:2007+A2:2012,CEN,number,addition,AMENDING
32020D0480,2020-04-01,2020,EN 1114-3:2001+A1:2008,CEN,number,addition,AMENDING
32020D0480,2020-04-01,2020,EN 1127-1:2011,CEN,number,addition,AMENDING
32020D0480,2020-04-01,2020,EN 1459-2:2015,CEN,number,addition,AMENDING
32020D0553,2020-04-21,2020,EN 301 908-1 V11.1.1,ETSI,spaced,none,AMENDING
32020D0553,2020-04-21,2020,EN 301 908-3 V11.1.3,ETSI,spaced,none,AMENDING
32020D0553,2020-04-21,2020,EN 301 908-14 V11.1.2,ETSI,spaced,none,AMENDING
32020D0553,2020-04-21,2020,EN 301 908-18 V11.1.2,ETSI,spaced,none,AMENDING
32020D0553,2020-04-21,2020,EN 301 908-1 V13.1.1,ETSI,spaced,none,AMENDING
32020D0553,2020-04-21,2020,EN 301 908-3 V13.1.1,ETSI,spaced,none,AMENDING
32020D0553,2020-04-21,2020,EN 301 908-14 V13.1.1,ETSI,spaced,none,AMENDING
32020D0553,2020-04-21,2020,EN 301 908-18 V13.1.1,ETSI,spaced,none,AMENDING
32020D0553,2020-04-21,2020,EN 301 908-1 V13.1.1,ETSI,spaced,none,AMENDING
32020D0553,2020-04-21,2020,EN 301 908-3 V13.1.1,ETSI,spaced,none,AMENDING
32020D0553,2020-04-21,2020,EN 301 908-14 V13.1.1,ETSI,spaced,none,AMENDING
32020D0553,2020-04-21,2020,EN 301 908-18 V13.1.1,ETSI,spaced,none,AMENDING
32020D0553,2020-04-21,2020,EN 301 908-1 V13.1.1,ETSI,spaced,none,AMENDING
32020D0553,2020-04-21,2020,EN 301 908-3 V13.1.1,ETSI,spaced,none,AMENDING
32020D0553,2020-04-21,2020,EN 301 908-14 V13.1.1,ETSI,spaced,none,AMENDING
32020D0553,2020-04-21,2020,EN 301 908-18 V13.1.1,ETSI,spaced,none,AMENDING
32020D0553,2020-04-21,2020,EN 301 908-1 V13.1.1,ETSI,spaced,none,AMENDING
32020D0553,2020-04-21,2020,EN 301 908-3 V13.1.1,ETSI,spaced,none,AMENDING
32020D0553,2020-04-21,2020,EN 301 908-14 V13.1.1,ETSI,spaced,none,AMENDING
32020D0553,2020-04-21,2020,EN 301 908-18 V13.1.1,ETSI,spaced,none,AMENDING
32020D0553,2020-04-21,2020,EN 301 908-1 V11.1.1,ETSI,spaced,none,AMENDING
32020D0553,2020-04-21,2020,EN 301 908-3 V11.1.3,ETSI,spaced,none,AMENDING
32020D0553,2020-04-21,2020,EN 301 908-14 V11.1.2,ETSI,spaced,none,AMENDING
32020D0553,2020-04-21,2020,EN 301 908-18 V11.1.2,ETSI,spaced,none,AMENDING
32020D0553,2020-04-21,2020,EN 301 908-1 V11.1.1,ETSI,spaced,none,AMENDING
32020D0553,2020-04-21,2020,EN 301 908-3 V11.1.3,ETSI,spaced,none,AMENDING
32020D0553,2020-04-21,2020,EN 301 908-14 V11.1.2,ETSI,spaced,none,AMENDING
32020D0553,2020-04-21,2020,EN 301 908-18 V11.1.2,ETSI,spaced,none,AMENDING
32020D0553,2020-04-21,2020,EN 301 908-1 V13.1.1,ETSI,spaced,withdrawal,AMENDING
32020D0553,2020-04-21,2020,EN 301 908-3 V13.1.1,ETSI,spaced,withdrawal,AMENDING
32020D0553,2020-04-21,2020,EN 301 908-14 V13.1.1,ETSI,spaced,withdrawal,AMENDING
32020D0553,2020-04-21,2020,EN 301 908-18 V13.1.1,ETSI,spaced,withdrawal,AMENDING
32020D0553,2020-04-21,2020,EN 301 908-1 V11.1.1,ETSI,spaced,withdrawal,AMENDING
32020D0553,2020-04-21,2020,EN 301 908-3 V11.1.3,ETSI,spaced,withdrawal,AMENDING
32020D0553,2020-04-21,2020,EN 301 908-14 V11.1.2,ETSI,spaced,withdrawal,AMENDING
32020D0553,2020-04-21,2020,EN 301 908-18 V11.1.2,ETSI,spaced,withdrawal,AMENDING
32020D0553,2020-04-21,2020,EN 301 908-1 V13.1.1,ETSI,spaced,addition,AMENDING
32020D0553,2020-04-21,2020,EN 301 908-3 V13.1.1,ETSI,spaced,addition,AMENDING
32020D0553,2020-04-21,2020,EN 301 908-14 V13.1.1,ETSI,spaced,addition,AMENDING
32020D0553,2020-04-21,2020,EN 301 908-18 V13.1.1,ETSI,spaced,addition,AMENDING
32020D0553,2020-04-21,2020,EN 301 908-1 V11.1.1,ETSI,spaced,addition,AMENDING
32020D0553,2020-04-21,2020,EN 301 908-3 V11.1.3,ETSI,spaced,addition,AMENDING
32020D0553,2020-04-21,2020,EN 301 908-14 V11.1.2,ETSI,spaced,addition,AMENDING
32020D0553,2020-04-21,2020,EN 301 908-18 V11.1.2,ETSI,spaced,addition,AMENDING
32020D0668,2020-05-18,2020,EN 893:2019,CEN,number,none,FULL_LIST
32020D0668,2020-05-18,2020,EN 943-2:2019,CEN,number,none,FULL_LIST
32020D0668,2020-05-18,2020,EN 1073-1:2016+A1:2018,CEN,number,none,FULL_LIST
32020D0668,2020-05-18,2020,EN 14458:2018,CEN,number,none,FULL_LIST
32020D0668,2020-05-18,2020,EN 343:2003+A1:2007,CEN,number,none,FULL_LIST
32020D0668,2020-05-18,2020,EN 358:1999,CEN,number,none,FULL_LIST
32020D0668,2020-05-18,2020,EN 381-5:1995,CEN,number,none,FULL_LIST
32020D0668,2020-05-18,2020,EN 381-7:1999,CEN,number,none,FULL_LIST
32020D0668,2020-05-18,2020,EN 381-9:1997,CEN,number,none,FULL_LIST
32020D0668,2020-05-18,2020,EN 381-11:2002,CEN,number,none,FULL_LIST
32020D0668,2020-05-18,2020,EN 13832-2:2006,CEN,number,none,FULL_LIST
32020D0668,2020-05-18,2020,EN 13832-3:2006,CEN,number,none,FULL_LIST
32020D0668,2020-05-18,2020,EN 14594:2005,CEN,number,none,FULL_LIST
32020D0668,2020-05-18,2020,EN 388:2016,CEN,number,none,FULL_LIST
32020D0668,2020-05-18,2020,EN 943-1:2015,CEN,number,none,FULL_LIST
32020D0668,2020-05-18,2020,EN 12277:2015,CEN,number,none,FULL_LIST
32020D0668,2020-05-18,2020,EN 343:2019,CEN,number,none,FULL_LIST
32020D0668,2020-05-18,2020,EN 358:2018,CEN,number,none,FULL_LIST
32020D0668,2020-05-18,2020,EN ISO 11393-2:2019,ISO,explicit,none,FULL_LIST
32020D0668,2020-05-18,2020,EN ISO 11393-4:2019,ISO,explicit,none,FULL_LIST
32020D0668,2020-05-18,2020,EN ISO 11393-5:2019,ISO,explicit,none,FULL_LIST
32020D0668,2020-05-18,2020,EN ISO 11393-6:2019,ISO,explicit,none,FULL_LIST
32020D0668,2020-05-18,2020,EN 13832-2:2018,CEN,number,none,FULL_LIST
32020D0668,2020-05-18,2020,EN 13832-3:2018,CEN,number,none,FULL_LIST
32020D0668,2020-05-18,2020,EN 14594:2018,CEN,number,none,FULL_LIST
32020D0668,2020-05-18,2020,EN 388:2016+A1:2018,CEN,number,none,FULL_LIST
32020D0668,2020-05-18,2020,EN 943-1:2015+A1:2019,CEN,number,none,FULL_LIST
32020D0668,2020-05-18,2020,EN 12277:2015+A1:2018,CEN,number,none,FULL_LIST
32020D0668,2020-05-18,2020,EN ISO 10819:2013,ISO,explicit,none,FULL_LIST
32020D0668,2020-05-18,2020,EN ISO 10819:2013,ISO,explicit,none,FULL_LIST
32020D0668,2020-05-18,2020,EN 893:2019,CEN,number,none,FULL_LIST
32020D0668,2020-05-18,2020,EN 943-2:2019,CEN,number,none,FULL_LIST
32020D0668,2020-05-18,2020,EN 1073-1:2016+A1:2018,CEN,number,none,FULL_LIST
32020D0668,2020-05-18,2020,EN 14458:2018,CEN,number,none,FULL_LIST
32020D0668,2020-05-18,2020,EN 343:2019,CEN,number,none,FULL_LIST
32020D0668,2020-05-18,2020,EN 358:2018,CEN,number,none,FULL_LIST
32020D0668,2020-05-18,2020,EN ISO 11393-2:2019,ISO,explicit,none,FULL_LIST
32020D0668,2020-05-18,2020,EN ISO 11393-4:2019,ISO,explicit,none,FULL_LIST
32020D0668,2020-05-18,2020,EN ISO 11393-5:2019,ISO,explicit,none,FULL_LIST
32020D0668,2020-05-18,2020,EN ISO 11393-6:2019,ISO,explicit,none,FULL_LIST
32020D0668,2020-05-18,2020,EN 13832-2:2018,CEN,number,none,FULL_LIST
32020D0668,2020-05-18,2020,EN 13832-3:2018,CEN,number,none,FULL_LIST
32020D0668,2020-05-18,2020,EN 14594:2018,CEN,number,none,FULL_LIST
32020D0668,2020-05-18,2020,EN 388:2016+A1:2018,CEN,number,none,FULL_LIST
32020D0668,2020-05-18,2020,EN 943-1:2015+A1:2019,CEN,number,none,FULL_LIST
32020D0668,2020-05-18,2020,EN ISO 10819:2013,ISO,explicit,none,FULL_LIST
32020D0668,2020-05-18,2020,EN ISO 10819:2013,ISO,explicit,none,FULL_LIST
32020D0668,2020-05-18,2020,EN 12277:2015+A1:2018,CEN,number,none,FULL_LIST
32020D0668,2020-05-18,2020,EN 50321-1:2018,CENELEC,number,none,FULL_LIST
32020D0668,2020-05-18,2020,EN 50321-1:2018,CENELEC,number,none,FULL_LIST
32020D0668,2020-05-18,2020,EN 50321-1:2018,CENELEC,number,none,FULL_LIST
32020D0668,2020-05-18,2020,EN 343:2003+A1:2007,CEN,number,none,FULL_LIST
32020D0668,2020-05-18,2020,EN 358:1999,CEN,number,none,FULL_LIST
32020D0668,2020-05-18,2020,EN 381-5:1995,CEN,number,none,FULL_LIST
32020D0668,2020-05-18,2020,EN 381-7:1999,CEN,number,none,FULL_LIST
32020D0668,2020-05-18,2020,EN 381-9:1997,CEN,number,none,FULL_LIST
32020D0668,2020-05-18,2020,EN 381-11:2002,CEN,number,none,FULL_LIST
32020D0668,2020-05-18,2020,EN 13832-2:2006,CEN,number,none,FULL_LIST
32020D0668,2020-05-18,2020,EN 13832-3:2006,CEN,number,none,FULL_LIST
32020D0668,2020-05-18,2020,EN 14594:2005,CEN,number,none,FULL_LIST
32020D0668,2020-05-18,2020,EN 388:2016,CEN,number,none,FULL_LIST
32020D0668,2020-05-18,2020,EN 943-1:2015,CEN,number,none,FULL_LIST
32020D0668,2020-05-18,2020,EN ISO 10819:2013,ISO,explicit,none,FULL_LIST
32020D0668,2020-05-18,2020,EN 12277:2015,CEN,number,none,FULL_LIST
32020D0668,2020-05-18,2020,EN 50321-1:2018,CENELEC,number,none,FULL_LIST
32020D0668,2020-05-18,2020,EN 343:2019,CEN,number,none,FULL_LIST
32020D0668,2020-05-18,2020,EN 358:2018,CEN,number,none,FULL_LIST
32020D0668,2020-05-18,2020,EN ISO 11393-2:2019,ISO,explicit,none,FULL_LIST
32020D0668,2020-05-18,2020,EN ISO 11393-4:2019,ISO,explicit,none,FULL_LIST
32020D0668,2020-05-18,2020,EN ISO 11393-5:2019,ISO,explicit,none,FULL_LIST
32020D0668,2020-05-18,2020,EN ISO 11393-6:2019,ISO,explicit,none,FULL_LIST
32020D0668,2020-05-18,2020,EN 13832-2:2018,CEN,number,none,FULL_LIST
32020D0668,2020-05-18,2020,EN 13832-3:2018,CEN,number,none,FULL_LIST
32020D0668,2020-05-18,2020,EN 14594:2018,CEN,number,none,FULL_LIST
32020D0668,2020-05-18,2020,EN 388:2016+A1:2018,CEN,number,none,FULL_LIST
32020D0668,2020-05-18,2020,EN 943-1:2015+A1:2019,CEN,number,none,FULL_LIST
32020D0668,2020-05-18,2020,EN ISO 10819:2013,ISO,explicit,none,FULL_LIST
32020D0668,2020-05-18,2020,EN ISO 10819:2013,ISO,explicit,none,FULL_LIST
32020D0668,2020-05-18,2020,EN 50321-1:2018,CENELEC,number,none,FULL_LIST
32020D0668,2020-05-18,2020,EN 50321-1:2018,CENELEC,number,none,FULL_LIST
32020D0668,2020-05-18,2020,EN 12277:2015+A1:2018,CEN,number,none,FULL_LIST
32020D0668,2020-05-18,2020,EN 343:2003+A1:2007,CEN,number,none,FULL_LIST
32020D0668,2020-05-18,2020,EN 358:1999,CEN,number,none,FULL_LIST
32020D0668,2020-05-18,2020,EN 381-5:1995,CEN,number,none,FULL_LIST
32020D0668,2020-05-18,2020,EN 381-7:1999,CEN,number,none,FULL_LIST
32020D0668,2020-05-18,2020,EN 381-9:1997,CEN,number,none,FULL_LIST
32020D0668,2020-05-18,2020,EN 381-11:2002,CEN,number,none,FULL_LIST
32020D0668,2020-05-18,2020,EN 13832-2:2006,CEN,number,none,FULL_LIST
32020D0668,2020-05-18,2020,EN 13832-3:2006,CEN,number,none,FULL_LIST
32020D0668,2020-05-18,2020,EN 14594:2005,CEN,number,none,FULL_LIST
32020D0668,2020-05-18,2020,EN 388:2016,CEN,number,none,FULL_LIST
32020D0668,2020-05-18,2020,EN 943-1:2015,CEN,number,none,FULL_LIST
32020D0668,2020-05-18,2020,EN ISO 10819:2013,ISO,explicit,none,FULL_LIST
32020D0668,2020-05-18,2020,EN 12277:2015,CEN,number,none,FULL_LIST
32020D0668,2020-05-18,2020,EN 50321-1:2018,CENELEC,number,none,FULL_LIST
32020D0668,2020-05-18,2020,EN 343:2019,CEN,number,withdrawal,FULL_LIST
32020D0668,2020-05-18,2020,EN 358:2018,CEN,number,withdrawal,FULL_LIST
32020D0668,2020-05-18,2020,EN 388:2016+A1:2018,CEN,number,withdrawal,FULL_LIST
32020D0668,2020-05-18,2020,EN 510:2019,CEN,number,withdrawal,FULL_LIST
32020D0668,2020-05-18,2020,EN 893:2019,CEN,number,withdrawal,FULL_LIST
32020D0668,2020-05-18,2020,EN 943-1:2015+A1:2019,CEN,number,withdrawal,FULL_LIST
32020D0668,2020-05-18,2020,EN 943-2:2019,CEN,number,withdrawal,FULL_LIST
32020D0668,2020-05-18,2020,EN 1073-1:2016+A1:2018,CEN,number,withdrawal,FULL_LIST
32020D0668,2020-05-18,2020,EN ISO 10819:2013,ISO,explicit,withdrawal,FULL_LIST
32020D0668,2020-05-18,2020,EN ISO 10819:2013,ISO,explicit,withdrawal,FULL_LIST
32020D0668,2020-05-18,2020,EN ISO 11393-2:2019,ISO,explicit,withdrawal,FULL_LIST
32020D0668,2020-05-18,2020,EN ISO 11393-4:2019,ISO,explicit,withdrawal,FULL_LIST
32020D0668,2020-05-18,2020,EN ISO 11393-5:2019,ISO,explicit,withdrawal,FULL_LIST
32020D0668,2020-05-18,2020,EN ISO 11393-6:2019,ISO,explicit,withdrawal,FULL_LIST
32020D0668,2020-05-18,2020,EN 12277:2015+A1:2018,CEN,number,withdrawal,FULL_LIST
32020D0668,2020-05-18,2020,EN 13832-2:2018,CEN,number,withdrawal,FULL_LIST
32020D0668,2020-05-18,2020,EN 13832-3:2018,CEN,number,withdrawal,FULL_LIST
32020D0668,2020-05-18,2020,EN 14458:2018,CEN,number,withdrawal,FULL_LIST
32020D0668,2020-05-18,2020,EN 14594:2018,CEN,number,withdrawal,FULL_LIST
32020D0668,2020-05-18,2020,EN 50321-1:2018,CENELEC,number,withdrawal,FULL_LIST
32020D0668,2020-05-18,2020,EN 50321-1:2018,CENELEC,number,withdrawal,FULL_LIST
32020D0668,2020-05-18,2020,EN ISO 10819:2013,ISO,explicit,withdrawal,FULL_LIST
32020D0668,2020-05-18,2020,EN 343:2003+A1:2007,CEN,number,withdrawal,FULL_LIST
32020D0668,2020-05-18,2020,EN 343:2003+A1:2007,CEN,number,withdrawal,FULL_LIST
32020D0668,2020-05-18,2020,EN 358:1999,CEN,number,withdrawal,FULL_LIST
32020D0668,2020-05-18,2020,EN 381-5:1995,CEN,number,withdrawal,FULL_LIST
32020D0668,2020-05-18,2020,EN 381-7:1999,CEN,number,withdrawal,FULL_LIST
32020D0668,2020-05-18,2020,EN 381-9:1997,CEN,number,withdrawal,FULL_LIST
32020D0668,2020-05-18,2020,EN 381-11:2002,CEN,number,withdrawal,FULL_LIST
32020D0668,2020-05-18,2020,EN 388:2016,CEN,number,withdrawal,FULL_LIST
32020D0668,2020-05-18,2020,EN 943-1:2015,CEN,number,withdrawal,FULL_LIST
32020D0668,2020-05-18,2020,EN 12277:2015,CEN,number,withdrawal,FULL_LIST
32020D0668,2020-05-18,2020,EN 13832-2:2006,CEN,number,withdrawal,FULL_LIST
32020D0668,2020-05-18,2020,EN 13832-3:2006,CEN,number,withdrawal,FULL_LIST
32020D0668,2020-05-18,2020,EN 14594:2005,CEN,number,withdrawal,FULL_LIST
32020D0668,2020-05-18,2020,EN 14594:2005,CEN,number,withdrawal,FULL_LIST
32020D0668,2020-05-18,2020,EN 50321-1:2018,CENELEC,number,withdrawal,FULL_LIST
32020D1146,2020-07-31,2020,EN 50620:2017,CENELEC,number,none,AMENDING
32020D1146,2020-07-31,2020,EN 50620:2017,CENELEC,number,none,AMENDING
32020D1146,2020-07-31,2020,EN IEC 60947-9-1:2019,IEC,explicit,none,AMENDING
32020D1146,2020-07-31,2020,EN 61643-31:2019,IEC,inferred-60000,none,AMENDING
32020D1146,2020-07-31,2020,EN 60691:2003,IEC,inferred-60000,none,AMENDING
32020D1146,2020-07-31,2020,EN 60934:2001,IEC,inferred-60000,none,AMENDING
32020D1146,2020-07-31,2020,EN 60974-2:2013,IEC,inferred-60000,none,AMENDING
32020D1146,2020-07-31,2020,EN 60974-3:2014,IEC,inferred-60000,none,AMENDING
32020D1146,2020-07-31,2020,EN 60974-5:2013,IEC,inferred-60000,none,AMENDING
32020D1146,2020-07-31,2020,EN 60974-7:2013,IEC,inferred-60000,none,AMENDING
32020D1146,2020-07-31,2020,EN 61535:2009,IEC,inferred-60000,none,AMENDING
32020D1146,2020-07-31,2020,EN 61558-1:2005,IEC,inferred-60000,none,AMENDING
32020D1146,2020-07-31,2020,EN 61851-1:2011,IEC,inferred-60000,none,AMENDING
32020D1146,2020-07-31,2020,EN 62275:2015,IEC,inferred-60000,none,AMENDING
32020D1146,2020-07-31,2020,EN 60691:2016,IEC,inferred-60000,none,AMENDING
32020D1146,2020-07-31,2020,EN 60691:2016,IEC,inferred-60000,none,AMENDING
32020D1146,2020-07-31,2020,EN 60728-11:2017,IEC,inferred-60000,none,AMENDING
32020D1146,2020-07-31,2020,EN 60728-11:2017,IEC,inferred-60000,none,AMENDING
32020D1146,2020-07-31,2020,EN IEC 60934:2019,IEC,explicit,none,AMENDING
32020D1146,2020-07-31,2020,EN IEC 60947-9-1:2019,IEC,explicit,none,AMENDING
32020D1146,2020-07-31,2020,EN IEC 60974-2:2019,IEC,explicit,none,AMENDING
32020D1146,2020-07-31,2020,EN IEC 60974-3:2019,IEC,explicit,none,AMENDING
32020D1146,2020-07-31,2020,EN IEC 60974-5:2019,IEC,explicit,none,AMENDING
32020D1146,2020-07-31,2020,EN IEC 60974-7:2019,IEC,explicit,none,AMENDING
32020D1146,2020-07-31,2020,EN IEC 61535:2019,IEC,explicit,none,AMENDING
32020D1146,2020-07-31,2020,EN IEC 61558-1:2019,IEC,explicit,none,AMENDING
32020D1146,2020-07-31,2020,EN IEC 61851-1:2019,IEC,explicit,none,AMENDING
32020D1146,2020-07-31,2020,EN IEC 62275:2019,IEC,explicit,none,AMENDING
32020D1146,2020-07-31,2020,EN 60335-1:2012,IEC,inferred-60000,none,AMENDING
32020D1146,2020-07-31,2020,EN 60335-2-4:2010,IEC,inferred-60000,none,AMENDING
32020D1146,2020-07-31,2020,EN 60335-1:2012,IEC,inferred-60000,none,AMENDING
32020D1146,2020-07-31,2020,EN 60335-1:2012,IEC,inferred-60000,none,AMENDING
32020D1146,2020-07-31,2020,EN 60335-1:2012,IEC,inferred-60000,none,AMENDING
32020D1146,2020-07-31,2020,EN 60335-2-4:2010,IEC,inferred-60000,none,AMENDING
32020D1146,2020-07-31,2020,EN 60335-2-5:2015,IEC,inferred-60000,none,AMENDING
32020D1146,2020-07-31,2020,EN 60335-2-7:2010,IEC,inferred-60000,none,AMENDING
32020D1146,2020-07-31,2020,EN 60335-2-12:2003,IEC,inferred-60000,none,AMENDING
32020D1146,2020-07-31,2020,EN 60335-2-13:2010,IEC,inferred-60000,none,AMENDING
32020D1146,2020-07-31,2020,EN 60335-2-17:2013,IEC,inferred-60000,none,AMENDING
32020D1146,2020-07-31,2020,EN 60335-2-35:2016,IEC,inferred-60000,none,AMENDING
32020D1146,2020-07-31,2020,EN 60335-2-47:2003,IEC,inferred-60000,none,AMENDING
32020D1146,2020-07-31,2020,EN 60335-2-48:2003,IEC,inferred-60000,none,AMENDING
32020D1146,2020-07-31,2020,EN 60335-2-49:2003,IEC,inferred-60000,none,AMENDING
32020D1146,2020-07-31,2020,EN 60335-2-52:2003,IEC,inferred-60000,none,AMENDING
32020D1146,2020-07-31,2020,EN 60335-2-61:2003,IEC,inferred-60000,none,AMENDING
32020D1146,2020-07-31,2020,EN 60335-2-66:2003,IEC,inferred-60000,none,AMENDING
32020D1146,2020-07-31,2020,EN 60335-2-84:2003,IEC,inferred-60000,none,AMENDING
32020D1146,2020-07-31,2020,EN 60335-2-87:2002,IEC,inferred-60000,none,AMENDING
32020D1146,2020-07-31,2020,EN 60335-2-98:2003,IEC,inferred-60000,none,AMENDING
32020D1146,2020-07-31,2020,EN 60947-5-4:2003,IEC,inferred-60000,none,AMENDING
32020D1146,2020-07-31,2020,EN 61347-2-7:2012,IEC,inferred-60000,none,AMENDING
32020D1146,2020-07-31,2020,EN 61347-2-11:2001,IEC,inferred-60000,none,AMENDING
32020D1146,2020-07-31,2020,EN 61386-1:2008,IEC,inferred-60000,none,AMENDING
32020D1146,2020-07-31,2020,EN 62035:2014,IEC,inferred-60000,none,AMENDING
32020D1146,2020-07-31,2020,EN 60335-2-5:2015,IEC,inferred-60000,none,AMENDING
32020D1146,2020-07-31,2020,EN 60335-2-7:2010,IEC,inferred-60000,none,AMENDING
32020D1146,2020-07-31,2020,EN 60335-2-12:2003,IEC,inferred-60000,none,AMENDING
32020D1146,2020-07-31,2020,EN 60335-2-12:2003,IEC,inferred-60000,none,AMENDING
32020D1146,2020-07-31,2020,EN 60335-2-13:2010,IEC,inferred-60000,none,AMENDING
32020D1146,2020-07-31,2020,EN 60335-2-17:2013,IEC,inferred-60000,none,AMENDING
32020D1146,2020-07-31,2020,EN 60335-2-35:2016,IEC,inferred-60000,none,AMENDING
32020D1146,2020-07-31,2020,EN 60335-2-47:2003,IEC,inferred-60000,none,AMENDING
32020D1146,2020-07-31,2020,EN 60335-2-48:2003,IEC,inferred-60000,none,AMENDING
32020D1146,2020-07-31,2020,EN 60335-2-49:2003,IEC,inferred-60000,none,AMENDING
32020D1146,2020-07-31,2020,EN 60335-2-52:2003,IEC,inferred-60000,none,AMENDING
32020D1146,2020-07-31,2020,EN 60335-2-61:2003,IEC,inferred-60000,none,AMENDING
32020D1146,2020-07-31,2020,EN 60335-2-66:2003,IEC,inferred-60000,none,AMENDING
32020D1146,2020-07-31,2020,EN 60335-2-84:2003,IEC,inferred-60000,none,AMENDING
32020D1146,2020-07-31,2020,EN 60335-2-87:2002,IEC,inferred-60000,none,AMENDING
32020D1146,2020-07-31,2020,EN 60335-2-98:2003,IEC,inferred-60000,none,AMENDING
32020D1146,2020-07-31,2020,EN 60947-5-4:2003,IEC,inferred-60000,none,AMENDING
32020D1146,2020-07-31,2020,EN 61347-2-7:2012,IEC,inferred-60000,none,AMENDING
32020D1146,2020-07-31,2020,EN 61347-2-11:2001,IEC,inferred-60000,none,AMENDING
32020D1146,2020-07-31,2020,EN 61386-1:2008,IEC,inferred-60000,none,AMENDING
32020D1146,2020-07-31,2020,EN 62035:2014,IEC,inferred-60000,none,AMENDING
32020D1146,2020-07-31,2020,EN 50620:2017,CENELEC,number,none,AMENDING
32020D1146,2020-07-31,2020,EN 50620:2017,CENELEC,number,none,AMENDING
32020D1146,2020-07-31,2020,EN IEC 60947-9-1:2019,IEC,explicit,none,AMENDING
32020D1146,2020-07-31,2020,EN 61643-31:2019,IEC,inferred-60000,none,AMENDING
32020D1146,2020-07-31,2020,EN 60691:2003,IEC,inferred-60000,none,AMENDING
32020D1146,2020-07-31,2020,EN 60728-11:2010,IEC,inferred-60000,none,AMENDING
32020D1146,2020-07-31,2020,EN 60934:2001,IEC,inferred-60000,none,AMENDING
32020D1146,2020-07-31,2020,EN 60974-2:2013,IEC,inferred-60000,none,AMENDING
32020D1146,2020-07-31,2020,EN 60974-3:2014,IEC,inferred-60000,none,AMENDING
32020D1146,2020-07-31,2020,EN 60974-5:2013,IEC,inferred-60000,none,AMENDING
32020D1146,2020-07-31,2020,EN 60974-7:2013,IEC,inferred-60000,none,AMENDING
32020D1146,2020-07-31,2020,EN 61535:2009,IEC,inferred-60000,none,AMENDING
32020D1146,2020-07-31,2020,EN 61558-1:2005,IEC,inferred-60000,none,AMENDING
32020D1146,2020-07-31,2020,EN 61851-1:2011,IEC,inferred-60000,none,AMENDING
32020D1146,2020-07-31,2020,EN 62275:2015,IEC,inferred-60000,none,AMENDING
32020D1146,2020-07-31,2020,EN 669-1:2018,CEN,number,none,AMENDING
32020D1146,2020-07-31,2020,EN 60335-1:2012,IEC,inferred-60000,none,AMENDING
32020D1146,2020-07-31,2020,EN 60335-1:2012,IEC,inferred-60000,none,AMENDING
32020D1146,2020-07-31,2020,EN 60335-1:2012,IEC,inferred-60000,none,AMENDING
32020D1146,2020-07-31,2020,EN 60335-1:2012,IEC,inferred-60000,none,AMENDING
32020D1146,2020-07-31,2020,EN 60335-2-4:2010,IEC,inferred-60000,none,AMENDING
32020D1146,2020-07-31,2020,EN 60335-2-4:2010,IEC,inferred-60000,none,AMENDING
32020D1146,2020-07-31,2020,EN 60335-2-5:2015,IEC,inferred-60000,none,AMENDING
32020D1146,2020-07-31,2020,EN 60335-2-5:2015,IEC,inferred-60000,none,AMENDING
32020D1146,2020-07-31,2020,EN 60335-2-7:2010,IEC,inferred-60000,none,AMENDING
32020D1146,2020-07-31,2020,EN 60335-2-7:2010,IEC,inferred-60000,none,AMENDING
32020D1146,2020-07-31,2020,EN 60335-2-12:2003,IEC,inferred-60000,none,AMENDING
32020D1146,2020-07-31,2020,EN 60335-2-12:2003,IEC,inferred-60000,none,AMENDING
32020D1146,2020-07-31,2020,EN 60335-2-13:2010,IEC,inferred-60000,none,AMENDING
32020D1146,2020-07-31,2020,EN 60335-2-13:2010,IEC,inferred-60000,none,AMENDING
32020D1146,2020-07-31,2020,EN 60335-2-17:2013,IEC,inferred-60000,none,AMENDING
32020D1146,2020-07-31,2020,EN 60335-2-17:2013,IEC,inferred-60000,none,AMENDING
32020D1146,2020-07-31,2020,EN 60335-2-35:2016,IEC,inferred-60000,none,AMENDING
32020D1146,2020-07-31,2020,EN 60335-2-35:2016,IEC,inferred-60000,none,AMENDING
32020D1146,2020-07-31,2020,EN 60335-2-47:2003,IEC,inferred-60000,none,AMENDING
32020D1146,2020-07-31,2020,EN 60335-2-47:2003,IEC,inferred-60000,none,AMENDING
32020D1146,2020-07-31,2020,EN 60335-2-48:2003,IEC,inferred-60000,none,AMENDING
32020D1146,2020-07-31,2020,EN 60335-2-48:2003,IEC,inferred-60000,none,AMENDING
32020D1146,2020-07-31,2020,EN 60335-2-49:2003,IEC,inferred-60000,none,AMENDING
32020D1146,2020-07-31,2020,EN 60335-2-49:2003,IEC,inferred-60000,none,AMENDING
32020D1146,2020-07-31,2020,EN 60335-2-52:2003,IEC,inferred-60000,none,AMENDING
32020D1146,2020-07-31,2020,EN 60335-2-52:2003,IEC,inferred-60000,none,AMENDING
32020D1146,2020-07-31,2020,EN 60335-2-61:2003,IEC,inferred-60000,none,AMENDING
32020D1146,2020-07-31,2020,EN 60335-2-61:2003,IEC,inferred-60000,none,AMENDING
32020D1146,2020-07-31,2020,EN 60335-2-66:2003,IEC,inferred-60000,none,AMENDING
32020D1146,2020-07-31,2020,EN 60335-2-66:2003,IEC,inferred-60000,none,AMENDING
32020D1146,2020-07-31,2020,EN 60335-2-84:2003,IEC,inferred-60000,none,AMENDING
32020D1146,2020-07-31,2020,EN 60335-2-47:2003,IEC,inferred-60000,none,AMENDING
32020D1146,2020-07-31,2020,EN 60335-2-87:2002,IEC,inferred-60000,none,AMENDING
32020D1146,2020-07-31,2020,EN 60335-2-87:2002,IEC,inferred-60000,none,AMENDING
32020D1146,2020-07-31,2020,EN 60335-2-98:2003,IEC,inferred-60000,none,AMENDING
32020D1146,2020-07-31,2020,EN 60335-2-98:2003,IEC,inferred-60000,none,AMENDING
32020D1146,2020-07-31,2020,EN 60947-5-4:2003,IEC,inferred-60000,none,AMENDING
32020D1146,2020-07-31,2020,EN 60947-5-4:2003,IEC,inferred-60000,none,AMENDING
32020D1146,2020-07-31,2020,EN 61347-2-7:2012,IEC,inferred-60000,none,AMENDING
32020D1146,2020-07-31,2020,EN 61347-2-11:2001,IEC,inferred-60000,none,AMENDING
32020D1146,2020-07-31,2020,EN 61386-1:2008,IEC,inferred-60000,none,AMENDING
32020D1146,2020-07-31,2020,EN 61386-1:2008,IEC,inferred-60000,none,AMENDING
32020D1146,2020-07-31,2020,EN 62035:2014,IEC,inferred-60000,none,AMENDING
32020D1146,2020-07-31,2020,EN 62035:2014,IEC,inferred-60000,none,AMENDING
32020D1146,2020-07-31,2020,EN 60669-1:2018,IEC,inferred-60000,none,AMENDING
32020D1146,2020-07-31,2020,EN 60669-1:2018,IEC,inferred-60000,none,AMENDING
32020D1146,2020-07-31,2020,EN 61439-3:2012,IEC,inferred-60000,none,AMENDING
32020D1146,2020-07-31,2020,EN 61439-3:2012,IEC,inferred-60000,none,AMENDING
32020D1146,2020-07-31,2020,EN 61557-9:2015,IEC,inferred-60000,none,AMENDING
32020D1146,2020-07-31,2020,EN 61557-9:2015,IEC,inferred-60000,none,AMENDING
32020D1146,2020-07-31,2020,EN 62026-3:2015,IEC,inferred-60000,none,AMENDING
32020D1146,2020-07-31,2020,EN 62026-3:2015,IEC,inferred-60000,none,AMENDING
32020D1146,2020-07-31,2020,EN 60691:2003,IEC,inferred-60000,none,AMENDING
32020D1146,2020-07-31,2020,EN 60728-11:2010,IEC,inferred-60000,none,AMENDING
32020D1146,2020-07-31,2020,EN 60934:2001,IEC,inferred-60000,none,AMENDING
32020D1146,2020-07-31,2020,EN 60974-2:2013,IEC,inferred-60000,none,AMENDING
32020D1146,2020-07-31,2020,EN 60974-3:2014,IEC,inferred-60000,none,AMENDING
32020D1146,2020-07-31,2020,EN 60974-5:2013,IEC,inferred-60000,none,AMENDING
32020D1146,2020-07-31,2020,EN 60974-7:2013,IEC,inferred-60000,none,AMENDING
32020D1146,2020-07-31,2020,EN 61535:2009,IEC,inferred-60000,none,AMENDING
32020D1146,2020-07-31,2020,EN 61558-1:2005,IEC,inferred-60000,none,AMENDING
32020D1146,2020-07-31,2020,EN 61851-1:2011,IEC,inferred-60000,none,AMENDING
32020D1146,2020-07-31,2020,EN 62275:2015,IEC,inferred-60000,none,AMENDING
32020D1146,2020-07-31,2020,EN 669-1:2018,CEN,number,none,AMENDING
32020D1146,2020-07-31,2020,EN 61439-3:2012,IEC,inferred-60000,none,AMENDING
32020D1146,2020-07-31,2020,EN 61557-9:2015,IEC,inferred-60000,none,AMENDING
32020D1146,2020-07-31,2020,EN 62026-3:2015,IEC,inferred-60000,none,AMENDING
32020D1146,2020-07-31,2020,EN 60335-1:2012,IEC,inferred-60000,none,AMENDING
32020D1146,2020-07-31,2020,EN 60335-2-4:2010,IEC,inferred-60000,none,AMENDING
32020D1146,2020-07-31,2020,EN 60335-2-5:2015,IEC,inferred-60000,none,AMENDING
32020D1146,2020-07-31,2020,EN 60335-2-7:2010,IEC,inferred-60000,none,AMENDING
32020D1146,2020-07-31,2020,EN 60335-2-12:2003,IEC,inferred-60000,none,AMENDING
32020D1146,2020-07-31,2020,EN 60335-2-13:2010,IEC,inferred-60000,none,AMENDING
32020D1146,2020-07-31,2020,EN 60335-2-17:2013,IEC,inferred-60000,none,AMENDING
32020D1146,2020-07-31,2020,EN 60335-2-35:2016,IEC,inferred-60000,none,AMENDING
32020D1146,2020-07-31,2020,EN 60335-2-47:2003,IEC,inferred-60000,none,AMENDING
32020D1146,2020-07-31,2020,EN 60335-2-48:2003,IEC,inferred-60000,none,AMENDING
32020D1146,2020-07-31,2020,EN 60335-2-49:2003,IEC,inferred-60000,none,AMENDING
32020D1146,2020-07-31,2020,EN 60335-2-52:2003,IEC,inferred-60000,none,AMENDING
32020D1146,2020-07-31,2020,EN 60335-2-61:2003,IEC,inferred-60000,none,AMENDING
32020D1146,2020-07-31,2020,EN 60335-2-66:2003,IEC,inferred-60000,none,AMENDING
32020D1146,2020-07-31,2020,EN 60335-2-84:2003,IEC,inferred-60000,none,AMENDING
32020D1146,2020-07-31,2020,EN 60335-2-87:2002,IEC,inferred-60000,none,AMENDING
32020D1146,2020-07-31,2020,EN 60335-2-98:2003,IEC,inferred-60000,none,AMENDING
32020D1146,2020-07-31,2020,EN 60669-1:2018,IEC,inferred-60000,none,AMENDING
32020D1146,2020-07-31,2020,EN 60947-5-4:2003,IEC,inferred-60000,none,AMENDING
32020D1146,2020-07-31,2020,EN 61347-2-7:2012,IEC,inferred-60000,none,AMENDING
32020D1146,2020-07-31,2020,EN 61347-2-11:2001,IEC,inferred-60000,none,AMENDING
32020D1146,2020-07-31,2020,EN 61386-1:2008,IEC,inferred-60000,none,AMENDING
32020D1146,2020-07-31,2020,EN 62035:2014,IEC,inferred-60000,none,AMENDING
32020D1146,2020-07-31,2020,EN 60335-1:2012,IEC,inferred-60000,withdrawal,AMENDING
32020D1146,2020-07-31,2020,EN 60335-2-4:2010,IEC,inferred-60000,withdrawal,AMENDING
32020D1146,2020-07-31,2020,EN 50620:2017,CENELEC,number,withdrawal,AMENDING
32020D1146,2020-07-31,2020,EN 50620:2017,CENELEC,number,withdrawal,AMENDING
32020D1146,2020-07-31,2020,EN IEC 60947-9-1:2019,IEC,explicit,withdrawal,AMENDING
32020D1146,2020-07-31,2020,EN 61643-31:2019,IEC,inferred-60000,withdrawal,AMENDING
32020D1146,2020-07-31,2020,EN 60691:2003,IEC,inferred-60000,withdrawal,AMENDING
32020D1146,2020-07-31,2020,EN 60728-11:2010,IEC,inferred-60000,withdrawal,AMENDING
32020D1146,2020-07-31,2020,EN 60934:2001,IEC,inferred-60000,withdrawal,AMENDING
32020D1146,2020-07-31,2020,EN 60974-2:2013,IEC,inferred-60000,withdrawal,AMENDING
32020D1146,2020-07-31,2020,EN 60974-3:2014,IEC,inferred-60000,withdrawal,AMENDING
32020D1146,2020-07-31,2020,EN 60974-5:2013,IEC,inferred-60000,withdrawal,AMENDING
32020D1146,2020-07-31,2020,EN 60974-7:2013,IEC,inferred-60000,withdrawal,AMENDING
32020D1146,2020-07-31,2020,EN 61535:2009,IEC,inferred-60000,withdrawal,AMENDING
32020D1146,2020-07-31,2020,EN 61558-1:2005,IEC,inferred-60000,withdrawal,AMENDING
32020D1146,2020-07-31,2020,EN 61851-1:2011,IEC,inferred-60000,withdrawal,AMENDING
32020D1146,2020-07-31,2020,EN 62275:2015,IEC,inferred-60000,withdrawal,AMENDING
32020D1146,2020-07-31,2020,EN 669-1:2018,CEN,number,withdrawal,AMENDING
32020D1146,2020-07-31,2020,EN 60335-1:2012,IEC,inferred-60000,withdrawal,AMENDING
32020D1146,2020-07-31,2020,EN 60335-1:2012,IEC,inferred-60000,withdrawal,AMENDING
32020D1146,2020-07-31,2020,EN 60335-1:2012,IEC,inferred-60000,withdrawal,AMENDING
32020D1146,2020-07-31,2020,EN 60335-1:2012,IEC,inferred-60000,withdrawal,AMENDING
32020D1146,2020-07-31,2020,EN 60335-2-4:2010,IEC,inferred-60000,withdrawal,AMENDING
32020D1146,2020-07-31,2020,EN 60335-2-4:2010,IEC,inferred-60000,withdrawal,AMENDING
32020D1146,2020-07-31,2020,EN 60335-2-5:2015,IEC,inferred-60000,withdrawal,AMENDING
32020D1146,2020-07-31,2020,EN 60335-2-5:2015,IEC,inferred-60000,withdrawal,AMENDING
32020D1146,2020-07-31,2020,EN 60335-2-7:2010,IEC,inferred-60000,withdrawal,AMENDING
32020D1146,2020-07-31,2020,EN 60335-2-7:2010,IEC,inferred-60000,withdrawal,AMENDING
32020D1146,2020-07-31,2020,EN 60335-2-12:2003,IEC,inferred-60000,withdrawal,AMENDING
32020D1146,2020-07-31,2020,EN 60335-2-12:2003,IEC,inferred-60000,withdrawal,AMENDING
32020D1146,2020-07-31,2020,EN 60335-2-13:2010,IEC,inferred-60000,withdrawal,AMENDING
32020D1146,2020-07-31,2020,EN 60335-2-13:2010,IEC,inferred-60000,withdrawal,AMENDING
32020D1146,2020-07-31,2020,EN 60335-2-17:2013,IEC,inferred-60000,withdrawal,AMENDING
32020D1146,2020-07-31,2020,EN 60335-2-17:2013,IEC,inferred-60000,withdrawal,AMENDING
32020D1146,2020-07-31,2020,EN 60335-2-35:2016,IEC,inferred-60000,withdrawal,AMENDING
32020D1146,2020-07-31,2020,EN 60335-2-35:2016,IEC,inferred-60000,withdrawal,AMENDING
32020D1146,2020-07-31,2020,EN 60335-2-47:2003,IEC,inferred-60000,withdrawal,AMENDING
32020D1146,2020-07-31,2020,EN 60335-2-47:2003,IEC,inferred-60000,withdrawal,AMENDING
32020D1146,2020-07-31,2020,EN 60335-2-48:2003,IEC,inferred-60000,withdrawal,AMENDING
32020D1146,2020-07-31,2020,EN 60335-2-48:2003,IEC,inferred-60000,withdrawal,AMENDING
32020D1146,2020-07-31,2020,EN 60335-2-49:2003,IEC,inferred-60000,withdrawal,AMENDING
32020D1146,2020-07-31,2020,EN 60335-2-49:2003,IEC,inferred-60000,withdrawal,AMENDING
32020D1146,2020-07-31,2020,EN 60335-2-52:2003,IEC,inferred-60000,withdrawal,AMENDING
32020D1146,2020-07-31,2020,EN 60335-2-52:2003,IEC,inferred-60000,withdrawal,AMENDING
32020D1146,2020-07-31,2020,EN 60335-2-61:2003,IEC,inferred-60000,withdrawal,AMENDING
32020D1146,2020-07-31,2020,EN 60335-2-61:2003,IEC,inferred-60000,withdrawal,AMENDING
32020D1146,2020-07-31,2020,EN 60335-2-66:2003,IEC,inferred-60000,withdrawal,AMENDING
32020D1146,2020-07-31,2020,EN 60335-2-66:2003,IEC,inferred-60000,withdrawal,AMENDING
32020D1146,2020-07-31,2020,EN 60335-2-84:2003,IEC,inferred-60000,withdrawal,AMENDING
32020D1146,2020-07-31,2020,EN 60335-2-47:2003,IEC,inferred-60000,withdrawal,AMENDING
32020D1146,2020-07-31,2020,EN 60335-2-87:2002,IEC,inferred-60000,withdrawal,AMENDING
32020D1146,2020-07-31,2020,EN 60335-2-87:2002,IEC,inferred-60000,withdrawal,AMENDING
32020D1146,2020-07-31,2020,EN 60335-2-98:2003,IEC,inferred-60000,withdrawal,AMENDING
32020D1146,2020-07-31,2020,EN 60335-2-98:2003,IEC,inferred-60000,withdrawal,AMENDING
32020D1146,2020-07-31,2020,EN 60947-5-4:2003,IEC,inferred-60000,withdrawal,AMENDING
32020D1146,2020-07-31,2020,EN 60947-5-4:2003,IEC,inferred-60000,withdrawal,AMENDING
32020D1146,2020-07-31,2020,EN 61347-2-7:2012,IEC,inferred-60000,withdrawal,AMENDING
32020D1146,2020-07-31,2020,EN 61347-2-11:2001,IEC,inferred-60000,withdrawal,AMENDING
32020D1146,2020-07-31,2020,EN 61386-1:2008,IEC,inferred-60000,withdrawal,AMENDING
32020D1146,2020-07-31,2020,EN 61386-1:2008,IEC,inferred-60000,withdrawal,AMENDING
32020D1146,2020-07-31,2020,EN 62035:2014,IEC,inferred-60000,withdrawal,AMENDING
32020D1146,2020-07-31,2020,EN 62035:2014,IEC,inferred-60000,withdrawal,AMENDING
32020D1146,2020-07-31,2020,EN 61439-3:2012,IEC,inferred-60000,withdrawal,AMENDING
32020D1146,2020-07-31,2020,EN 61439-3:2012,IEC,inferred-60000,withdrawal,AMENDING
32020D1146,2020-07-31,2020,EN 61557-9:2015,IEC,inferred-60000,withdrawal,AMENDING
32020D1146,2020-07-31,2020,EN 61557-9:2015,IEC,inferred-60000,withdrawal,AMENDING
32020D1146,2020-07-31,2020,EN 62026-3:2015,IEC,inferred-60000,withdrawal,AMENDING
32020D1146,2020-07-31,2020,EN 62026-3:2015,IEC,inferred-60000,withdrawal,AMENDING
32020D1146,2020-07-31,2020,EN 60669-1:2018,IEC,inferred-60000,withdrawal,AMENDING
32020D1146,2020-07-31,2020,EN 60669-1:2018,IEC,inferred-60000,withdrawal,AMENDING
32020D1146,2020-07-31,2020,EN 60335-1:2012,IEC,inferred-60000,withdrawal,AMENDING
32020D1146,2020-07-31,2020,EN 60335-2-4:2010,IEC,inferred-60000,withdrawal,AMENDING
32020D1146,2020-07-31,2020,EN 60335-2-5:2015,IEC,inferred-60000,withdrawal,AMENDING
32020D1146,2020-07-31,2020,EN 60335-2-7:2010,IEC,inferred-60000,withdrawal,AMENDING
32020D1146,2020-07-31,2020,EN 60335-2-12:2003,IEC,inferred-60000,withdrawal,AMENDING
32020D1146,2020-07-31,2020,EN 60335-2-13:2010,IEC,inferred-60000,withdrawal,AMENDING
32020D1146,2020-07-31,2020,EN 60335-2-17:2013,IEC,inferred-60000,withdrawal,AMENDING
32020D1146,2020-07-31,2020,EN 60335-2-35:2016,IEC,inferred-60000,withdrawal,AMENDING
32020D1146,2020-07-31,2020,EN 60335-2-47:2003,IEC,inferred-60000,withdrawal,AMENDING
32020D1146,2020-07-31,2020,EN 60335-2-48:2003,IEC,inferred-60000,withdrawal,AMENDING
32020D1146,2020-07-31,2020,EN 60335-2-49:2003,IEC,inferred-60000,withdrawal,AMENDING
32020D1146,2020-07-31,2020,EN 60335-2-52:2003,IEC,inferred-60000,withdrawal,AMENDING
32020D1146,2020-07-31,2020,EN 60335-2-61:2003,IEC,inferred-60000,withdrawal,AMENDING
32020D1146,2020-07-31,2020,EN 60335-2-66:2003,IEC,inferred-60000,withdrawal,AMENDING
32020D1146,2020-07-31,2020,EN 60335-2-84:2003,IEC,inferred-60000,withdrawal,AMENDING
32020D1146,2020-07-31,2020,EN 60335-2-87:2002,IEC,inferred-60000,withdrawal,AMENDING
32020D1146,2020-07-31,2020,EN 60335-2-98:2003,IEC,inferred-60000,withdrawal,AMENDING
32020D1146,2020-07-31,2020,EN 60669-1:2018,IEC,inferred-60000,withdrawal,AMENDING
32020D1146,2020-07-31,2020,EN 60947-5-4:2003,IEC,inferred-60000,withdrawal,AMENDING
32020D1146,2020-07-31,2020,EN 61347-2-7:2012,IEC,inferred-60000,withdrawal,AMENDING
32020D1146,2020-07-31,2020,EN 61347-2-11:2001,IEC,inferred-60000,withdrawal,AMENDING
32020D1146,2020-07-31,2020,EN 61386-1:2008,IEC,inferred-60000,withdrawal,AMENDING
32020D1146,2020-07-31,2020,EN 62035:2014,IEC,inferred-60000,withdrawal,AMENDING
32020D1146,2020-07-31,2020,EN 50178:1997,CENELEC,number,withdrawal,AMENDING
32020D1146,2020-07-31,2020,EN 62477-1:2012,IEC,inferred-60000,withdrawal,AMENDING
32020D1146,2020-07-31,2020,EN 62477-1:2012,IEC,inferred-60000,withdrawal,AMENDING
32020D1146,2020-07-31,2020,EN 62477-1:2012,IEC,inferred-60000,withdrawal,AMENDING
32020D1146,2020-07-31,2020,EN 62477-1:2012,IEC,inferred-60000,withdrawal,AMENDING
32020D1146,2020-07-31,2020,EN 50178:1997,CENELEC,number,withdrawal,AMENDING
32020D1146,2020-07-31,2020,EN 50178:1997,CENELEC,number,withdrawal,AMENDING
32020D1146,2020-07-31,2020,EN 62477-1:2012,IEC,inferred-60000,withdrawal,AMENDING
32020D1146,2020-07-31,2020,EN 62477-1:2012,IEC,inferred-60000,withdrawal,AMENDING
32020D1146,2020-07-31,2020,EN 50178:1997,CENELEC,number,withdrawal,AMENDING
32020D1146,2020-07-31,2020,EN 50178:1997,CENELEC,number,withdrawal,AMENDING
32020D1146,2020-07-31,2020,EN 50178:1997,CENELEC,number,withdrawal,AMENDING
32020D1146,2020-07-31,2020,EN 50178:1997,CENELEC,number,withdrawal,AMENDING
32020D1146,2020-07-31,2020,EN 60335-1:2012,IEC,inferred-60000,addition,AMENDING
32020D1146,2020-07-31,2020,EN 60335-1:2012,IEC,inferred-60000,addition,AMENDING
32020D1146,2020-07-31,2020,EN 60335-1:2012,IEC,inferred-60000,addition,AMENDING
32020D1146,2020-07-31,2020,EN 60335-1:2012,IEC,inferred-60000,addition,AMENDING
32020D1146,2020-07-31,2020,EN 60335-1:2012,IEC,inferred-60000,addition,AMENDING
32020D1146,2020-07-31,2020,EN 60335-1:2012,IEC,inferred-60000,addition,AMENDING
32020D1146,2020-07-31,2020,EN 60335-2-4:2010,IEC,inferred-60000,addition,AMENDING
32020D1146,2020-07-31,2020,EN 60335-2-4:2010,IEC,inferred-60000,addition,AMENDING
32020D1146,2020-07-31,2020,EN 60335-2-4:2010,IEC,inferred-60000,addition,AMENDING
32020D1146,2020-07-31,2020,EN 60335-2-4:2010,IEC,inferred-60000,addition,AMENDING
32020D1146,2020-07-31,2020,EN 50620:2017,CENELEC,number,addition,AMENDING
32020D1146,2020-07-31,2020,EN 50620:2017,CENELEC,number,addition,AMENDING
32020D1146,2020-07-31,2020,EN 60335-2-5:2015,IEC,inferred-60000,addition,AMENDING
32020D1146,2020-07-31,2020,EN 60335-2-5:2015,IEC,inferred-60000,addition,AMENDING
32020D1146,2020-07-31,2020,EN 60335-2-7:2010,IEC,inferred-60000,addition,AMENDING
32020D1146,2020-07-31,2020,EN 60335-2-7:2010,IEC,inferred-60000,addition,AMENDING
32020D1146,2020-07-31,2020,EN 60335-2-7:2010,IEC,inferred-60000,addition,AMENDING
32020D1146,2020-07-31,2020,EN 60335-2-7:2010,IEC,inferred-60000,addition,AMENDING
32020D1146,2020-07-31,2020,EN 60335-2-12:2003,IEC,inferred-60000,addition,AMENDING
32020D1146,2020-07-31,2020,EN 60335-2-12:2003,IEC,inferred-60000,addition,AMENDING
32020D1146,2020-07-31,2020,EN 60335-2-12:2003,IEC,inferred-60000,addition,AMENDING
32020D1146,2020-07-31,2020,EN 60335-2-12:2003,IEC,inferred-60000,addition,AMENDING
32020D1146,2020-07-31,2020,EN 60335-2-13:2010,IEC,inferred-60000,addition,AMENDING
32020D1146,2020-07-31,2020,EN 60335-2-13:2010,IEC,inferred-60000,addition,AMENDING
32020D1146,2020-07-31,2020,EN 60335-2-13:2010,IEC,inferred-60000,addition,AMENDING
32020D1146,2020-07-31,2020,EN 60335-2-17:2013,IEC,inferred-60000,addition,AMENDING
32020D1146,2020-07-31,2020,EN 60335-2-17:2013,IEC,inferred-60000,addition,AMENDING
32020D1146,2020-07-31,2020,EN 60335-2-35:2016,IEC,inferred-60000,addition,AMENDING
32020D1146,2020-07-31,2020,EN 60335-2-35:2016,IEC,inferred-60000,addition,AMENDING
32020D1146,2020-07-31,2020,EN 60335-2-47:2003,IEC,inferred-60000,addition,AMENDING
32020D1146,2020-07-31,2020,EN 60335-2-47:2003,IEC,inferred-60000,addition,AMENDING
32020D1146,2020-07-31,2020,EN 60335-2-47:2003,IEC,inferred-60000,addition,AMENDING
32020D1146,2020-07-31,2020,EN 60335-2-47:2003,IEC,inferred-60000,addition,AMENDING
32020D1146,2020-07-31,2020,EN 60335-2-47:2003,IEC,inferred-60000,addition,AMENDING
32020D1146,2020-07-31,2020,EN 60335-2-48:2003,IEC,inferred-60000,addition,AMENDING
32020D1146,2020-07-31,2020,EN 60335-2-48:2003,IEC,inferred-60000,addition,AMENDING
32020D1146,2020-07-31,2020,EN 60335-2-48:2003,IEC,inferred-60000,addition,AMENDING
32020D1146,2020-07-31,2020,EN 60335-2-48:2003,IEC,inferred-60000,addition,AMENDING
32020D1146,2020-07-31,2020,EN 60335-2-48:2003,IEC,inferred-60000,addition,AMENDING
32020D1146,2020-07-31,2020,EN 60335-2-49:2003,IEC,inferred-60000,addition,AMENDING
32020D1146,2020-07-31,2020,EN 60335-2-49:2003,IEC,inferred-60000,addition,AMENDING
32020D1146,2020-07-31,2020,EN 60335-2-49:2003,IEC,inferred-60000,addition,AMENDING
32020D1146,2020-07-31,2020,EN 60335-2-49:2003,IEC,inferred-60000,addition,AMENDING
32020D1146,2020-07-31,2020,EN 60335-2-49:2003,IEC,inferred-60000,addition,AMENDING
32020D1146,2020-07-31,2020,EN 60335-2-52:2003,IEC,inferred-60000,addition,AMENDING
32020D1146,2020-07-31,2020,EN 60335-2-52:2003,IEC,inferred-60000,addition,AMENDING
32020D1146,2020-07-31,2020,EN 60335-2-52:2003,IEC,inferred-60000,addition,AMENDING
32020D1146,2020-07-31,2020,EN 60335-2-52:2003,IEC,inferred-60000,addition,AMENDING
32020D1146,2020-07-31,2020,EN 60335-2-52:2003,IEC,inferred-60000,addition,AMENDING
32020D1146,2020-07-31,2020,EN 60335-2-61:2003,IEC,inferred-60000,addition,AMENDING
32020D1146,2020-07-31,2020,EN 60335-2-61:2003,IEC,inferred-60000,addition,AMENDING
32020D1146,2020-07-31,2020,EN 60335-2-61:2003,IEC,inferred-60000,addition,AMENDING
32020D1146,2020-07-31,2020,EN 60335-2-61:2003,IEC,inferred-60000,addition,AMENDING
32020D1146,2020-07-31,2020,EN 60335-2-66:2003,IEC,inferred-60000,addition,AMENDING
32020D1146,2020-07-31,2020,EN 60335-2-66:2003,IEC,inferred-60000,addition,AMENDING
32020D1146,2020-07-31,2020,EN 60335-2-66:2003,IEC,inferred-60000,addition,AMENDING
32020D1146,2020-07-31,2020,EN 60335-2-66:2003,IEC,inferred-60000,addition,AMENDING
32020D1146,2020-07-31,2020,EN 60335-2-84:2003,IEC,inferred-60000,addition,AMENDING
32020D1146,2020-07-31,2020,EN 60335-2-84:2003,IEC,inferred-60000,addition,AMENDING
32020D1146,2020-07-31,2020,EN 60335-2-84:2003,IEC,inferred-60000,addition,AMENDING
32020D1146,2020-07-31,2020,EN 60335-2-87:2002,IEC,inferred-60000,addition,AMENDING
32020D1146,2020-07-31,2020,EN 60335-2-87:2002,IEC,inferred-60000,addition,AMENDING
32020D1146,2020-07-31,2020,EN 60335-2-87:2002,IEC,inferred-60000,addition,AMENDING
32020D1146,2020-07-31,2020,EN 60335-2-98:2003,IEC,inferred-60000,addition,AMENDING
32020D1146,2020-07-31,2020,EN 60335-2-98:2003,IEC,inferred-60000,addition,AMENDING
32020D1146,2020-07-31,2020,EN 60335-2-98:2003,IEC,inferred-60000,addition,AMENDING
32020D1146,2020-07-31,2020,EN 60335-2-98:2003,IEC,inferred-60000,addition,AMENDING
32020D1146,2020-07-31,2020,EN 60669-1:2018,IEC,inferred-60000,addition,AMENDING
32020D1146,2020-07-31,2020,EN 60669-1:2018,IEC,inferred-60000,addition,AMENDING
32020D1146,2020-07-31,2020,EN 60691:2016,IEC,inferred-60000,addition,AMENDING
32020D1146,2020-07-31,2020,EN 60691:2016,IEC,inferred-60000,addition,AMENDING
32020D1146,2020-07-31,2020,EN 60728-11:2017,IEC,inferred-60000,addition,AMENDING
32020D1146,2020-07-31,2020,EN 60728-11:2017,IEC,inferred-60000,addition,AMENDING
32020D1146,2020-07-31,2020,EN IEC 60934:2019,IEC,explicit,addition,AMENDING
32020D1146,2020-07-31,2020,EN 60947-5-4:2003,IEC,inferred-60000,addition,AMENDING
32020D1146,2020-07-31,2020,EN 60947-5-4:2003,IEC,inferred-60000,addition,AMENDING
32020D1146,2020-07-31,2020,EN IEC 60947-9-1:2019,IEC,explicit,addition,AMENDING
32020D1146,2020-07-31,2020,EN IEC 60974-2:2019,IEC,explicit,addition,AMENDING
32020D1146,2020-07-31,2020,EN IEC 60974-3:2019,IEC,explicit,addition,AMENDING
32020D1146,2020-07-31,2020,EN IEC 60974-5:2019,IEC,explicit,addition,AMENDING
32020D1146,2020-07-31,2020,EN IEC 60974-7:2019,IEC,explicit,addition,AMENDING
32020D1146,2020-07-31,2020,EN 61347-2-7:2012,IEC,inferred-60000,addition,AMENDING
32020D1146,2020-07-31,2020,EN 61347-2-7:2012,IEC,inferred-60000,addition,AMENDING
32020D1146,2020-07-31,2020,EN 61347-2-11:2001,IEC,inferred-60000,addition,AMENDING
32020D1146,2020-07-31,2020,EN 61347-2-11:2001,IEC,inferred-60000,addition,AMENDING
32020D1146,2020-07-31,2020,EN 61347-2-11:2001,IEC,inferred-60000,addition,AMENDING
32020D1146,2020-07-31,2020,EN 61347-2-11:2001,IEC,inferred-60000,addition,AMENDING
32020D1146,2020-07-31,2020,EN 61386-1:2008,IEC,inferred-60000,addition,AMENDING
32020D1146,2020-07-31,2020,EN 61386-1:2008,IEC,inferred-60000,addition,AMENDING
32020D1146,2020-07-31,2020,EN 61439-3:2012,IEC,inferred-60000,addition,AMENDING
32020D1146,2020-07-31,2020,EN 61439-3:2012,IEC,inferred-60000,addition,AMENDING
32020D1146,2020-07-31,2020,EN IEC 61535:2019,IEC,explicit,addition,AMENDING
32020D1146,2020-07-31,2020,EN 61557-9:2015,IEC,inferred-60000,addition,AMENDING
32020D1146,2020-07-31,2020,EN 61557-9:2015,IEC,inferred-60000,addition,AMENDING
32020D1146,2020-07-31,2020,EN IEC 61558-1:2019,IEC,explicit,addition,AMENDING
32020D1146,2020-07-31,2020,EN 61643-31:2019,IEC,inferred-60000,addition,AMENDING
32020D1146,2020-07-31,2020,EN IEC 61851-1:2019,IEC,explicit,addition,AMENDING
32020D1146,2020-07-31,2020,EN 62026-3:2015,IEC,inferred-60000,addition,AMENDING
32020D1146,2020-07-31,2020,EN 62026-3:2015,IEC,inferred-60000,addition,AMENDING
32020D1146,2020-07-31,2020,EN 62035:2014,IEC,inferred-60000,addition,AMENDING
32020D1146,2020-07-31,2020,EN 62035:2014,IEC,inferred-60000,addition,AMENDING
32020D1146,2020-07-31,2020,EN IEC 62275:2019,IEC,explicit,addition,AMENDING
32020D1146,2020-07-31,2020,EN 60335-2-5:2015,IEC,inferred-60000,addition,AMENDING
32020D1146,2020-07-31,2020,EN 60335-2-7:2010,IEC,inferred-60000,addition,AMENDING
32020D1146,2020-07-31,2020,EN 60335-2-7:2010,IEC,inferred-60000,addition,AMENDING
32020D1146,2020-07-31,2020,EN 60335-2-7:2010,IEC,inferred-60000,addition,AMENDING
32020D1146,2020-07-31,2020,EN 60335-2-12:2003,IEC,inferred-60000,addition,AMENDING
32020D1146,2020-07-31,2020,EN 60335-2-12:2003,IEC,inferred-60000,addition,AMENDING
32020D1146,2020-07-31,2020,EN 60335-2-13:2010,IEC,inferred-60000,addition,AMENDING
32020D1146,2020-07-31,2020,EN 60335-2-13:2010,IEC,inferred-60000,addition,AMENDING
32020D1146,2020-07-31,2020,EN 60335-2-17:2013,IEC,inferred-60000,addition,AMENDING
32020D1146,2020-07-31,2020,EN 60335-2-35:2016,IEC,inferred-60000,addition,AMENDING
32020D1146,2020-07-31,2020,EN 60335-2-47:2003,IEC,inferred-60000,addition,AMENDING
32020D1146,2020-07-31,2020,EN 60335-2-47:2003,IEC,inferred-60000,addition,AMENDING
32020D1146,2020-07-31,2020,EN 60335-2-47:2003,IEC,inferred-60000,addition,AMENDING
32020D1146,2020-07-31,2020,EN 60335-2-47:2003,IEC,inferred-60000,addition,AMENDING
32020D1146,2020-07-31,2020,EN 60335-2-48:2003,IEC,inferred-60000,addition,AMENDING
32020D1146,2020-07-31,2020,EN 60335-2-48:2003,IEC,inferred-60000,addition,AMENDING
32020D1146,2020-07-31,2020,EN 60335-2-48:2003,IEC,inferred-60000,addition,AMENDING
32020D1146,2020-07-31,2020,EN 60335-2-48:2003,IEC,inferred-60000,addition,AMENDING
32020D1146,2020-07-31,2020,EN 60335-2-49:2003,IEC,inferred-60000,addition,AMENDING
32020D1146,2020-07-31,2020,EN 60335-2-49:2003,IEC,inferred-60000,addition,AMENDING
32020D1146,2020-07-31,2020,EN 60335-2-49:2003,IEC,inferred-60000,addition,AMENDING
32020D1146,2020-07-31,2020,EN 60335-2-49:2003,IEC,inferred-60000,addition,AMENDING
32020D1146,2020-07-31,2020,EN 60335-2-52:2003,IEC,inferred-60000,addition,AMENDING
32020D1146,2020-07-31,2020,EN 60335-2-52:2003,IEC,inferred-60000,addition,AMENDING
32020D1146,2020-07-31,2020,EN 60335-2-52:2003,IEC,inferred-60000,addition,AMENDING
32020D1146,2020-07-31,2020,EN 60335-2-52:2003,IEC,inferred-60000,addition,AMENDING
32020D1146,2020-07-31,2020,EN 60335-2-61:2003,IEC,inferred-60000,addition,AMENDING
32020D1146,2020-07-31,2020,EN 60335-2-61:2003,IEC,inferred-60000,addition,AMENDING
32020D1146,2020-07-31,2020,EN 60335-2-61:2003,IEC,inferred-60000,addition,AMENDING
32020D1146,2020-07-31,2020,EN 60335-2-66:2003,IEC,inferred-60000,addition,AMENDING
32020D1146,2020-07-31,2020,EN 60335-2-66:2003,IEC,inferred-60000,addition,AMENDING
32020D1146,2020-07-31,2020,EN 60335-2-66:2003,IEC,inferred-60000,addition,AMENDING
32020D1146,2020-07-31,2020,EN 60335-2-84:2003,IEC,inferred-60000,addition,AMENDING
32020D1146,2020-07-31,2020,EN 60335-2-84:2003,IEC,inferred-60000,addition,AMENDING
32020D1146,2020-07-31,2020,EN 60335-2-87:2002,IEC,inferred-60000,addition,AMENDING
32020D1146,2020-07-31,2020,EN 60335-2-87:2002,IEC,inferred-60000,addition,AMENDING
32020D1146,2020-07-31,2020,EN 60335-2-98:2003,IEC,inferred-60000,addition,AMENDING
32020D1146,2020-07-31,2020,EN 60335-2-98:2003,IEC,inferred-60000,addition,AMENDING
32020D1146,2020-07-31,2020,EN 60335-2-98:2003,IEC,inferred-60000,addition,AMENDING
32020D1146,2020-07-31,2020,EN 60669-1:2018,IEC,inferred-60000,addition,AMENDING
32020D1146,2020-07-31,2020,EN 60691:2003,IEC,inferred-60000,addition,AMENDING
32020D1146,2020-07-31,2020,EN 60691:2003,IEC,inferred-60000,addition,AMENDING
32020D1146,2020-07-31,2020,EN 60691:2003,IEC,inferred-60000,addition,AMENDING
32020D1146,2020-07-31,2020,EN 60728-11:2010,IEC,inferred-60000,addition,AMENDING
32020D1146,2020-07-31,2020,EN 60934:2001,IEC,inferred-60000,addition,AMENDING
32020D1146,2020-07-31,2020,EN 60934:2001,IEC,inferred-60000,addition,AMENDING
32020D1146,2020-07-31,2020,EN 60934:2001,IEC,inferred-60000,addition,AMENDING
32020D1146,2020-07-31,2020,EN 60947-5-4:2003,IEC,inferred-60000,addition,AMENDING
32020D1146,2020-07-31,2020,EN 60974-2:2013,IEC,inferred-60000,addition,AMENDING
32020D1146,2020-07-31,2020,EN 60974-3:2014,IEC,inferred-60000,addition,AMENDING
32020D1146,2020-07-31,2020,EN 60974-5:2013,IEC,inferred-60000,addition,AMENDING
32020D1146,2020-07-31,2020,EN 60974-7:2013,IEC,inferred-60000,addition,AMENDING
32020D1146,2020-07-31,2020,EN 61347-2-7:2012,IEC,inferred-60000,addition,AMENDING
32020D1146,2020-07-31,2020,EN 61347-2-11:2001,IEC,inferred-60000,addition,AMENDING
32020D1146,2020-07-31,2020,EN 61347-2-11:2001,IEC,inferred-60000,addition,AMENDING
32020D1146,2020-07-31,2020,EN 61347-2-11:2001,IEC,inferred-60000,addition,AMENDING
32020D1146,2020-07-31,2020,EN 61386-1:2008,IEC,inferred-60000,addition,AMENDING
32020D1146,2020-07-31,2020,EN 61439-3:2012,IEC,inferred-60000,addition,AMENDING
32020D1146,2020-07-31,2020,EN 61535:2009,IEC,inferred-60000,addition,AMENDING
32020D1146,2020-07-31,2020,EN 61535:2009,IEC,inferred-60000,addition,AMENDING
32020D1146,2020-07-31,2020,EN 61557-9:2015,IEC,inferred-60000,addition,AMENDING
32020D1146,2020-07-31,2020,EN 61558-1:2005,IEC,inferred-60000,addition,AMENDING
32020D1146,2020-07-31,2020,EN 61558-1:2005,IEC,inferred-60000,addition,AMENDING
32020D1146,2020-07-31,2020,EN 61558-1:2005,IEC,inferred-60000,addition,AMENDING
32020D1146,2020-07-31,2020,EN 61851-1:2011,IEC,inferred-60000,addition,AMENDING
32020D1146,2020-07-31,2020,EN 62026-3:2015,IEC,inferred-60000,addition,AMENDING
32020D1146,2020-07-31,2020,EN 62035:2014,IEC,inferred-60000,addition,AMENDING
32020D1146,2020-07-31,2020,EN 62275:2015,IEC,inferred-60000,addition,AMENDING
32020D1146,2020-07-31,2020,EN 50178:1997,CENELEC,number,addition,AMENDING
32020D1562,2020-10-26,2020,EN 303 213-5-1 V1.1.1,ETSI,spaced,none,AMENDING
32020D1562,2020-10-26,2020,EN 303 345-2 V1.1.1,ETSI,spaced,none,AMENDING
32020D1562,2020-10-26,2020,EN 303 345-5 V1.1.1,ETSI,spaced,none,AMENDING
32020D1562,2020-10-26,2020,EN 303 364-3 V1.1.1,ETSI,spaced,none,AMENDING
32020D1562,2020-10-26,2020,EN 301 908-2 V11.1.2,ETSI,spaced,none,AMENDING
32020D1562,2020-10-26,2020,EN 301 908-13 V11.1.2,ETSI,spaced,none,AMENDING
32020D1562,2020-10-26,2020,EN 302 217-2 V3.1.1,ETSI,spaced,none,AMENDING
32020D1562,2020-10-26,2020,EN 303 213-6-1 V2.1.1,ETSI,spaced,none,AMENDING
32020D1562,2020-10-26,2020,EN 301 908-2 V13.1.1,ETSI,spaced,none,AMENDING
32020D1562,2020-10-26,2020,EN 301 908-13 V13.1.1,ETSI,spaced,none,AMENDING
32020D1562,2020-10-26,2020,EN 302 217-2 V3.2.2,ETSI,spaced,none,AMENDING
32020D1562,2020-10-26,2020,EN 303 213-6-1 V3.1.1,ETSI,spaced,none,AMENDING
32020D1562,2020-10-26,2020,EN 303 213-5-1 V1.1.1,ETSI,spaced,none,AMENDING
32020D1562,2020-10-26,2020,EN 301 908-2 V13.1.1,ETSI,spaced,none,AMENDING
32020D1562,2020-10-26,2020,EN 301 908-13 V13.1.1,ETSI,spaced,none,AMENDING
32020D1562,2020-10-26,2020,EN 302 217-2 V3.2.2,ETSI,spaced,none,AMENDING
32020D1562,2020-10-26,2020,EN 303 345-2 V1.1.1,ETSI,spaced,none,AMENDING
32020D1562,2020-10-26,2020,EN 303 345-5 V1.1.1,ETSI,spaced,none,AMENDING
32020D1562,2020-10-26,2020,EN 303 345-2 V1.1.1,ETSI,spaced,none,AMENDING
32020D1562,2020-10-26,2020,EN 303 345-5 V1.1.1,ETSI,spaced,none,AMENDING
32020D1562,2020-10-26,2020,EN 303 345-2 V1.1.1,ETSI,spaced,none,AMENDING
32020D1562,2020-10-26,2020,EN 303 345-5 V1.1.1,ETSI,spaced,none,AMENDING
32020D1562,2020-10-26,2020,EN 303 213-6-1 V3.1.1,ETSI,spaced,none,AMENDING
32020D1562,2020-10-26,2020,EN 303 364-3 V1.1.1,ETSI,spaced,none,AMENDING
32020D1562,2020-10-26,2020,EN 303 213-5-1 V1.1.1,ETSI,spaced,none,AMENDING
32020D1562,2020-10-26,2020,EN 301 908-2 V13.1.1,ETSI,spaced,none,AMENDING
32020D1562,2020-10-26,2020,EN 302 217-2 V3.2.2,ETSI,spaced,none,AMENDING
32020D1562,2020-10-26,2020,EN 303 213-6-1 V3.1.1,ETSI,spaced,none,AMENDING
32020D1562,2020-10-26,2020,EN 303 345-2 V1.1.1,ETSI,spaced,none,AMENDING
32020D1562,2020-10-26,2020,EN 303 345-5 V1.1.1,ETSI,spaced,none,AMENDING
32020D1562,2020-10-26,2020,EN 303 364-3 V1.1.1,ETSI,spaced,none,AMENDING
32020D1562,2020-10-26,2020,EN 303 339 V1.1.1,ETSI,spaced,none,AMENDING
32020D1562,2020-10-26,2020,EN 301 908-2 V11.1.2,ETSI,spaced,none,AMENDING
32020D1562,2020-10-26,2020,EN 301 908-13 V11.1.2,ETSI,spaced,none,AMENDING
32020D1562,2020-10-26,2020,EN 302 217-2 V3.1.1,ETSI,spaced,none,AMENDING
32020D1562,2020-10-26,2020,EN 303 213-6-1 V2.1.1,ETSI,spaced,none,AMENDING
32020D1562,2020-10-26,2020,EN 303 339 V1.1.1,ETSI,spaced,none,AMENDING
32020D1562,2020-10-26,2020,EN 301 908-2 V13.1.1,ETSI,spaced,withdrawal,AMENDING
32020D1562,2020-10-26,2020,EN 301 908-13 V13.1.1,ETSI,spaced,withdrawal,AMENDING
32020D1562,2020-10-26,2020,EN 302 217-2 V3.2.2,ETSI,spaced,withdrawal,AMENDING
32020D1562,2020-10-26,2020,EN 303 213-6-1 V3.1.1,ETSI,spaced,withdrawal,AMENDING
32020D1562,2020-10-26,2020,EN 301 908-2 V11.1.2,ETSI,spaced,withdrawal,AMENDING
32020D1562,2020-10-26,2020,EN 301 908-13 V11.1.2,ETSI,spaced,withdrawal,AMENDING
32020D1562,2020-10-26,2020,EN 302 217-2 V3.1.1,ETSI,spaced,withdrawal,AMENDING
32020D1562,2020-10-26,2020,EN 303 213-6-1 V2.1.1,ETSI,spaced,withdrawal,AMENDING
32020D1562,2020-10-26,2020,EN 303 339 V1.1.1,ETSI,spaced,withdrawal,AMENDING
32020D1562,2020-10-26,2020,EN 301 908-2 V13.1.1,ETSI,spaced,addition,AMENDING
32020D1562,2020-10-26,2020,EN 303 213-5-1 V1.1.1,ETSI,spaced,addition,AMENDING
32020D1562,2020-10-26,2020,EN 301 908-13 V13.1.1,ETSI,spaced,addition,AMENDING
32020D1562,2020-10-26,2020,EN 302 217-2 V3.2.2,ETSI,spaced,addition,AMENDING
32020D1562,2020-10-26,2020,EN 303 213-6-1 V3.1.1,ETSI,spaced,addition,AMENDING
32020D1562,2020-10-26,2020,EN 303 345-2 V1.1.1,ETSI,spaced,addition,AMENDING
32020D1562,2020-10-26,2020,EN 303 345-5 V1.1.1,ETSI,spaced,addition,AMENDING
32020D1562,2020-10-26,2020,EN 303 364-3 V1.1.1,ETSI,spaced,addition,AMENDING
32020D1562,2020-10-26,2020,EN 301 908-2 V11.1.2,ETSI,spaced,addition,AMENDING
32020D1562,2020-10-26,2020,EN 301 908-13 V11.1.2,ETSI,spaced,addition,AMENDING
32020D1562,2020-10-26,2020,EN 302 217-2 V3.1.1,ETSI,spaced,addition,AMENDING
32020D1562,2020-10-26,2020,EN 303 213-6-1 V2.1.1,ETSI,spaced,addition,AMENDING
32020D1562,2020-10-26,2020,EN 303 339 V1.1.1,ETSI,spaced,addition,AMENDING
32020D1779,2020-11-27,2020,EN 60947-5-2:2007,IEC,inferred-60000,none,AMENDING
32020D1779,2020-11-27,2020,EN 60974-1:2012,IEC,inferred-60000,none,AMENDING
32020D1779,2020-11-27,2020,EN IEC 60947-5-2:2020,IEC,explicit,none,AMENDING
32020D1779,2020-11-27,2020,EN IEC 60974-1:2018,IEC,explicit,none,AMENDING
32020D1779,2020-11-27,2020,EN IEC 60974-1:2018,IEC,explicit,none,AMENDING
32020D1779,2020-11-27,2020,EN 60598-2-22:2014,IEC,inferred-60000,none,AMENDING
32020D1779,2020-11-27,2020,EN 60947-2:2017,IEC,inferred-60000,none,AMENDING
32020D1779,2020-11-27,2020,EN 60598-2-22:2014,IEC,inferred-60000,none,AMENDING
32020D1779,2020-11-27,2020,EN 60947-2:2017,IEC,inferred-60000,none,AMENDING
32020D1779,2020-11-27,2020,EN 60335-2-78:2003,IEC,inferred-60000,none,AMENDING
32020D1779,2020-11-27,2020,EN 60335-2-82:2003,IEC,inferred-60000,none,AMENDING
32020D1779,2020-11-27,2020,EN 60335-2-105:2005,IEC,inferred-60000,none,AMENDING
32020D1779,2020-11-27,2020,EN 60570:2003,IEC,inferred-60000,none,AMENDING
32020D1779,2020-11-27,2020,EN 61010-1:2010,IEC,inferred-60000,none,AMENDING
32020D1779,2020-11-27,2020,EN 60335-2-78:2003,IEC,inferred-60000,none,AMENDING
32020D1779,2020-11-27,2020,EN 60335-2-82:2003,IEC,inferred-60000,none,AMENDING
32020D1779,2020-11-27,2020,EN 60335-2-105:2005,IEC,inferred-60000,none,AMENDING
32020D1779,2020-11-27,2020,EN 60570:2003,IEC,inferred-60000,none,AMENDING
32020D1779,2020-11-27,2020,EN 61010-1:2010,IEC,inferred-60000,none,AMENDING
32020D1779,2020-11-27,2020,EN 61010-1:2010,IEC,inferred-60000,none,AMENDING
32020D1779,2020-11-27,2020,EN IEC 60947-5-2:2020,IEC,explicit,none,AMENDING
32020D1779,2020-11-27,2020,EN IEC 60974-1:2018,IEC,explicit,none,AMENDING
32020D1779,2020-11-27,2020,EN IEC 60974-1:2018,IEC,explicit,none,AMENDING
32020D1779,2020-11-27,2020,EN 60335-2-78:2003,IEC,inferred-60000,none,AMENDING
32020D1779,2020-11-27,2020,EN 60335-2-78:2003,IEC,inferred-60000,none,AMENDING
32020D1779,2020-11-27,2020,EN 60335-2-82:2003,IEC,inferred-60000,none,AMENDING
32020D1779,2020-11-27,2020,EN 60335-2-82:2003,IEC,inferred-60000,none,AMENDING
32020D1779,2020-11-27,2020,EN 60335-2-105:2005,IEC,inferred-60000,none,AMENDING
32020D1779,2020-11-27,2020,EN 60335-2-105:2005,IEC,inferred-60000,none,AMENDING
32020D1779,2020-11-27,2020,EN 60570:2003,IEC,inferred-60000,none,AMENDING
32020D1779,2020-11-27,2020,EN 60570:2003,IEC,inferred-60000,none,AMENDING
32020D1779,2020-11-27,2020,EN 60598-2-22:2014,IEC,inferred-60000,none,AMENDING
32020D1779,2020-11-27,2020,EN 60598-2-22:2014,IEC,inferred-60000,none,AMENDING
32020D1779,2020-11-27,2020,EN 60947-2:2017,IEC,inferred-60000,none,AMENDING
32020D1779,2020-11-27,2020,EN 60947-2:2017,IEC,inferred-60000,none,AMENDING
32020D1779,2020-11-27,2020,EN 61010-1:2010,IEC,inferred-60000,none,AMENDING
32020D1779,2020-11-27,2020,EN 61010-1:2010,IEC,inferred-60000,none,AMENDING
32020D1779,2020-11-27,2020,EN 61010-1:2010,IEC,inferred-60000,none,AMENDING
32020D1779,2020-11-27,2020,EN 60669-1:2018,IEC,inferred-60000,none,AMENDING
32020D1779,2020-11-27,2020,EN 60669-1:2018,IEC,inferred-60000,none,AMENDING
32020D1779,2020-11-27,2020,EN 60947-5-2:2007,IEC,inferred-60000,none,AMENDING
32020D1779,2020-11-27,2020,EN 60974-1:2012,IEC,inferred-60000,none,AMENDING
32020D1779,2020-11-27,2020,EN 60335-2-78:2003,IEC,inferred-60000,none,AMENDING
32020D1779,2020-11-27,2020,EN 60335-2-82:2003,IEC,inferred-60000,none,AMENDING
32020D1779,2020-11-27,2020,EN 60335-2-105:2005,IEC,inferred-60000,none,AMENDING
32020D1779,2020-11-27,2020,EN 60570:2003,IEC,inferred-60000,none,AMENDING
32020D1779,2020-11-27,2020,EN 61010-1:2010,IEC,inferred-60000,none,AMENDING
32020D1779,2020-11-27,2020,EN 60669-1:2018,IEC,inferred-60000,withdrawal,AMENDING
32020D1779,2020-11-27,2020,EN 60598-2-22:2014,IEC,inferred-60000,withdrawal,AMENDING
32020D1779,2020-11-27,2020,EN 60947-2:2017,IEC,inferred-60000,withdrawal,AMENDING
32020D1779,2020-11-27,2020,EN IEC 60947-5-2:2020,IEC,explicit,withdrawal,AMENDING
32020D1779,2020-11-27,2020,EN IEC 60974-1:2018,IEC,explicit,withdrawal,AMENDING
32020D1779,2020-11-27,2020,EN IEC 60974-1:2018,IEC,explicit,withdrawal,AMENDING
32020D1779,2020-11-27,2020,EN 60335-2-78:2003,IEC,inferred-60000,withdrawal,AMENDING
32020D1779,2020-11-27,2020,EN 60335-2-78:2003,IEC,inferred-60000,withdrawal,AMENDING
32020D1779,2020-11-27,2020,EN 60335-2-82:2003,IEC,inferred-60000,withdrawal,AMENDING
32020D1779,2020-11-27,2020,EN 60335-2-82:2003,IEC,inferred-60000,withdrawal,AMENDING
32020D1779,2020-11-27,2020,EN 60335-2-105:2005,IEC,inferred-60000,withdrawal,AMENDING
32020D1779,2020-11-27,2020,EN 60335-2-105:2005,IEC,inferred-60000,withdrawal,AMENDING
32020D1779,2020-11-27,2020,EN 60570:2003,IEC,inferred-60000,withdrawal,AMENDING
32020D1779,2020-11-27,2020,EN 60570:2003,IEC,inferred-60000,withdrawal,AMENDING
32020D1779,2020-11-27,2020,EN 60598-2-22:2014,IEC,inferred-60000,withdrawal,AMENDING
32020D1779,2020-11-27,2020,EN 60598-2-22:2014,IEC,inferred-60000,withdrawal,AMENDING
32020D1779,2020-11-27,2020,EN 60947-2:2017,IEC,inferred-60000,withdrawal,AMENDING
32020D1779,2020-11-27,2020,EN 60947-2:2017,IEC,inferred-60000,withdrawal,AMENDING
32020D1779,2020-11-27,2020,EN 61010-1:2010,IEC,inferred-60000,withdrawal,AMENDING
32020D1779,2020-11-27,2020,EN 61010-1:2010,IEC,inferred-60000,withdrawal,AMENDING
32020D1779,2020-11-27,2020,EN 61010-1:2010,IEC,inferred-60000,withdrawal,AMENDING
32020D1779,2020-11-27,2020,EN 60669-1:2018,IEC,inferred-60000,withdrawal,AMENDING
32020D1779,2020-11-27,2020,EN 60669-1:2018,IEC,inferred-60000,withdrawal,AMENDING
32020D1779,2020-11-27,2020,EN 60947-5-2:2007,IEC,inferred-60000,withdrawal,AMENDING
32020D1779,2020-11-27,2020,EN 60974-1:2012,IEC,inferred-60000,withdrawal,AMENDING
32020D1779,2020-11-27,2020,EN 60598-2-22:2014,IEC,inferred-60000,withdrawal,AMENDING
32020D1779,2020-11-27,2020,EN 60947-2:2017,IEC,inferred-60000,withdrawal,AMENDING
32020D1779,2020-11-27,2020,EN 60335-2-78:2003,IEC,inferred-60000,withdrawal,AMENDING
32020D1779,2020-11-27,2020,EN 60335-2-82:2003,IEC,inferred-60000,withdrawal,AMENDING
32020D1779,2020-11-27,2020,EN 60335-2-105:2005,IEC,inferred-60000,withdrawal,AMENDING
32020D1779,2020-11-27,2020,EN 60570:2003,IEC,inferred-60000,withdrawal,AMENDING
32020D1779,2020-11-27,2020,EN 61010-1:2010,IEC,inferred-60000,withdrawal,AMENDING
32020D1779,2020-11-27,2020,EN 60669-1:2018,IEC,inferred-60000,withdrawal,AMENDING
32020D1779,2020-11-27,2020,EN 60598-2-22:2014,IEC,inferred-60000,addition,AMENDING
32020D1779,2020-11-27,2020,EN 60598-2-22:2014,IEC,inferred-60000,addition,AMENDING
32020D1779,2020-11-27,2020,EN 60598-2-22:2014,IEC,inferred-60000,addition,AMENDING
32020D1779,2020-11-27,2020,EN 60598-2-22:2014,IEC,inferred-60000,addition,AMENDING
32020D1779,2020-11-27,2020,EN 60598-2-22:2014,IEC,inferred-60000,addition,AMENDING
32020D1779,2020-11-27,2020,EN 60947-2:2017,IEC,inferred-60000,addition,AMENDING
32020D1779,2020-11-27,2020,EN 60947-2:2017,IEC,inferred-60000,addition,AMENDING
32020D1779,2020-11-27,2020,EN 60669-1:2018,IEC,inferred-60000,addition,AMENDING
32020D1779,2020-11-27,2020,EN 60669-1:2018,IEC,inferred-60000,addition,AMENDING
32020D1779,2020-11-27,2020,EN 60669-1:2018,IEC,inferred-60000,addition,AMENDING
32020D1779,2020-11-27,2020,EN 60335-2-78:2003,IEC,inferred-60000,addition,AMENDING
32020D1779,2020-11-27,2020,EN 60335-2-78:2003,IEC,inferred-60000,addition,AMENDING
32020D1779,2020-11-27,2020,EN 60335-2-78:2003,IEC,inferred-60000,addition,AMENDING
32020D1779,2020-11-27,2020,EN 60335-2-82:2003,IEC,inferred-60000,addition,AMENDING
32020D1779,2020-11-27,2020,EN 60335-2-82:2003,IEC,inferred-60000,addition,AMENDING
32020D1779,2020-11-27,2020,EN 60335-2-82:2003,IEC,inferred-60000,addition,AMENDING
32020D1779,2020-11-27,2020,EN 60335-2-105:2005,IEC,inferred-60000,addition,AMENDING
32020D1779,2020-11-27,2020,EN 60335-2-105:2005,IEC,inferred-60000,addition,AMENDING
32020D1779,2020-11-27,2020,EN 60335-2-105:2005,IEC,inferred-60000,addition,AMENDING
32020D1779,2020-11-27,2020,EN 60335-2-105:2005,IEC,inferred-60000,addition,AMENDING
32020D1779,2020-11-27,2020,EN 60570:2003,IEC,inferred-60000,addition,AMENDING
32020D1779,2020-11-27,2020,EN 60570:2003,IEC,inferred-60000,addition,AMENDING
32020D1779,2020-11-27,2020,EN 60570:2003,IEC,inferred-60000,addition,AMENDING
32020D1779,2020-11-27,2020,EN IEC 60947-5-2:2020,IEC,explicit,addition,AMENDING
32020D1779,2020-11-27,2020,EN IEC 60974-1:2018,IEC,explicit,addition,AMENDING
32020D1779,2020-11-27,2020,EN IEC 60974-1:2018,IEC,explicit,addition,AMENDING
32020D1779,2020-11-27,2020,EN 61010-1:2010,IEC,inferred-60000,addition,AMENDING
32020D1779,2020-11-27,2020,EN 61010-1:2010,IEC,inferred-60000,addition,AMENDING
32020D1779,2020-11-27,2020,EN 61010-1:2010,IEC,inferred-60000,addition,AMENDING
32020D1779,2020-11-27,2020,EN 60335-2-78:2003,IEC,inferred-60000,addition,AMENDING
32020D1779,2020-11-27,2020,EN 60335-2-78:2003,IEC,inferred-60000,addition,AMENDING
32020D1779,2020-11-27,2020,EN 60335-2-82:2003,IEC,inferred-60000,addition,AMENDING
32020D1779,2020-11-27,2020,EN 60335-2-82:2003,IEC,inferred-60000,addition,AMENDING
32020D1779,2020-11-27,2020,EN 60335-2-105:2005,IEC,inferred-60000,addition,AMENDING
32020D1779,2020-11-27,2020,EN 60335-2-105:2005,IEC,inferred-60000,addition,AMENDING
32020D1779,2020-11-27,2020,EN 60335-2-105:2005,IEC,inferred-60000,addition,AMENDING
32020D1779,2020-11-27,2020,EN 60570:2003,IEC,inferred-60000,addition,AMENDING
32020D1779,2020-11-27,2020,EN 60570:2003,IEC,inferred-60000,addition,AMENDING
32020D1779,2020-11-27,2020,EN 60947-5-2:2007,IEC,inferred-60000,addition,AMENDING
32020D1779,2020-11-27,2020,EN 60947-5-2:2007,IEC,inferred-60000,addition,AMENDING
32020D1779,2020-11-27,2020,EN 60974-1:2012,IEC,inferred-60000,addition,AMENDING
32020D1779,2020-11-27,2020,EN 61010-1:2010,IEC,inferred-60000,addition,AMENDING
32020D1835,2020-12-03,2020,EN ISO 14064-1:2019,ISO,explicit,none,FULL_LIST
32020D1835,2020-12-03,2020,EN ISO 14064-2:2019,ISO,explicit,none,FULL_LIST
32020D1835,2020-12-03,2020,EN ISO 14064-3:2019,ISO,explicit,none,FULL_LIST
32020D1835,2020-12-03,2020,EN ISO 15195:2019,ISO,explicit,none,FULL_LIST
32020D1835,2020-12-03,2020,EN ISO/IEC 17029:2019,ISO,explicit,none,FULL_LIST
32020D1835,2020-12-03,2020,EN ISO 14064-1:2019,ISO,explicit,none,FULL_LIST
32020D1835,2020-12-03,2020,EN ISO 14064-2:2019,ISO,explicit,none,FULL_LIST
32020D1835,2020-12-03,2020,EN ISO 14064-3:2019,ISO,explicit,none,FULL_LIST
32020D1835,2020-12-03,2020,EN ISO 15195:2019,ISO,explicit,none,FULL_LIST
32020D1835,2020-12-03,2020,EN ISO/IEC 17029:2019,ISO,explicit,none,FULL_LIST
32020D1835,2020-12-03,2020,EN ISO 14064-1:2019,ISO,explicit,none,FULL_LIST
32020D1835,2020-12-03,2020,EN ISO 14064-2:2019,ISO,explicit,none,FULL_LIST
32020D1835,2020-12-03,2020,EN ISO 14064-3:2019,ISO,explicit,none,FULL_LIST
32020D1835,2020-12-03,2020,EN ISO 15195:2019,ISO,explicit,none,FULL_LIST
32020D1835,2020-12-03,2020,EN ISO 17029:2019,ISO,explicit,none,FULL_LIST
32020D1835,2020-12-03,2020,EN ISO 14064-1:2019,ISO,explicit,none,FULL_LIST
32020D1835,2020-12-03,2020,EN ISO 14064-2:2019,ISO,explicit,none,FULL_LIST
32020D1835,2020-12-03,2020,EN ISO 14064-3:2019,ISO,explicit,none,FULL_LIST
32020D1835,2020-12-03,2020,EN ISO 15195:2019,ISO,explicit,none,FULL_LIST
32020D1835,2020-12-03,2020,EN ISO 14064-1:2012,ISO,explicit,none,FULL_LIST
32020D1835,2020-12-03,2020,EN ISO 14064-2:2012,ISO,explicit,none,FULL_LIST
32020D1835,2020-12-03,2020,EN ISO 14064-3:2012,ISO,explicit,none,FULL_LIST
32020D1835,2020-12-03,2020,EN ISO 15195:2003,ISO,explicit,none,FULL_LIST
32020D1835,2020-12-03,2020,EN ISO 14064-1:2012,ISO,explicit,none,FULL_LIST
32020D1835,2020-12-03,2020,EN ISO 14064-2:2012,ISO,explicit,none,FULL_LIST
32020D1835,2020-12-03,2020,EN ISO 14064-3:2012,ISO,explicit,none,FULL_LIST
32020D1835,2020-12-03,2020,EN ISO 15195:2003,ISO,explicit,none,FULL_LIST
32020D1835,2020-12-03,2020,EN ISO 14064-1:2012,ISO,explicit,none,FULL_LIST
32020D1835,2020-12-03,2020,EN ISO 14064-2:2012,ISO,explicit,none,FULL_LIST
32020D1835,2020-12-03,2020,EN ISO 14064-3:2012,ISO,explicit,none,FULL_LIST
32020D1835,2020-12-03,2020,EN ISO 15195:2003,ISO,explicit,none,FULL_LIST
32020D1835,2020-12-03,2020,EN ISO/IEC 17025:2017,ISO,explicit,none,FULL_LIST
32020D1835,2020-12-03,2020,EN ISO/IEC 17025:2005,ISO,explicit,none,FULL_LIST
32020D1835,2020-12-03,2020,EN ISO/IEC 17025:2017,ISO,explicit,none,FULL_LIST
32020D1835,2020-12-03,2020,EN ISO/IEC 17025:2005,ISO,explicit,none,FULL_LIST
32020D1835,2020-12-03,2020,EN ISO 14064-1:2019,ISO,explicit,withdrawal,FULL_LIST
32020D1835,2020-12-03,2020,EN ISO 14064-2:2019,ISO,explicit,withdrawal,FULL_LIST
32020D1835,2020-12-03,2020,EN ISO 14064-3:2019,ISO,explicit,withdrawal,FULL_LIST
32020D1835,2020-12-03,2020,EN ISO 15195:2019,ISO,explicit,withdrawal,FULL_LIST
32020D1835,2020-12-03,2020,EN ISO/IEC 17029:2019,ISO,explicit,withdrawal,FULL_LIST
32020D1835,2020-12-03,2020,EN ISO 14064-1:2012,ISO,explicit,withdrawal,FULL_LIST
32020D1835,2020-12-03,2020,EN ISO 14064-2:2012,ISO,explicit,withdrawal,FULL_LIST
32020D1835,2020-12-03,2020,EN ISO 14064-3:2012,ISO,explicit,withdrawal,FULL_LIST
32020D1835,2020-12-03,2020,EN ISO 15195:2003,ISO,explicit,withdrawal,FULL_LIST
32020D1835,2020-12-03,2020,EN ISO/IEC 17025:2005,ISO,explicit,withdrawal,FULL_LIST
32020D1835,2020-12-03,2020,EN ISO/IEC 17025:2005,ISO,explicit,withdrawal,FULL_LIST
32021D0076,2021-01-26,2021,EN 81-20:2014,CEN,number,none,FULL_LIST
32021D0076,2021-01-26,2021,EN 81-50:2014,CEN,number,none,FULL_LIST
32021D0076,2021-01-26,2021,EN 81-20:2020,CEN,number,none,FULL_LIST
32021D0076,2021-01-26,2021,EN 81-50:2020,CEN,number,none,FULL_LIST
32021D0076,2021-01-26,2021,EN 81-20:2014,CEN,number,none,FULL_LIST
32021D0076,2021-01-26,2021,EN 81-50:2014,CEN,number,none,FULL_LIST
32021D0076,2021-01-26,2021,EN 81-20:2020,CEN,number,none,FULL_LIST
32021D0076,2021-01-26,2021,EN 81-50:2020,CEN,number,none,FULL_LIST
32021D0076,2021-01-26,2021,EN 81-20:2020,CEN,number,none,FULL_LIST
32021D0076,2021-01-26,2021,EN 81-50:2020,CEN,number,none,FULL_LIST
32021D0076,2021-01-26,2021,EN 81-20:2020,CEN,number,none,FULL_LIST
32021D0076,2021-01-26,2021,EN 81-50:2020,CEN,number,none,FULL_LIST
32021D0076,2021-01-26,2021,EN 81-20:2014,CEN,number,none,FULL_LIST
32021D0076,2021-01-26,2021,EN 81-50:2014,CEN,number,none,FULL_LIST
32021D0076,2021-01-26,2021,EN 81-20:2014,CEN,number,none,FULL_LIST
32021D0076,2021-01-26,2021,EN 81-50:2014,CEN,number,none,FULL_LIST
32021D0076,2021-01-26,2021,EN 81-20:2020,CEN,number,none,FULL_LIST
32021D0076,2021-01-26,2021,EN 81-50:2020,CEN,number,none,FULL_LIST
32021D0076,2021-01-26,2021,EN 81-20:2014,CEN,number,none,FULL_LIST
32021D0076,2021-01-26,2021,EN 81-50:2014,CEN,number,none,FULL_LIST
32021D0076,2021-01-26,2021,EN 81-20:2014,CEN,number,none,FULL_LIST
32021D0076,2021-01-26,2021,EN 81-50:2014,CEN,number,none,FULL_LIST
32021D0076,2021-01-26,2021,EN 81-20:2020,CEN,number,none,FULL_LIST
32021D0076,2021-01-26,2021,EN 81-21:2009+A1:2012,CEN,number,none,FULL_LIST
32021D0076,2021-01-26,2021,EN 81-22:2014,CEN,number,none,FULL_LIST
32021D0076,2021-01-26,2021,EN 81-28:2003,CEN,number,none,FULL_LIST
32021D0076,2021-01-26,2021,EN 81-50:2020,CEN,number,none,FULL_LIST
32021D0076,2021-01-26,2021,EN 81-58:2003,CEN,number,none,FULL_LIST
32021D0076,2021-01-26,2021,EN 81-70:2003,CEN,number,none,FULL_LIST
32021D0076,2021-01-26,2021,EN 81-70:2003,CEN,number,none,FULL_LIST
32021D0076,2021-01-26,2021,EN 81-71:2005+A1:2006,CEN,number,none,FULL_LIST
32021D0076,2021-01-26,2021,EN 81-72:2015,CEN,number,none,FULL_LIST
32021D0076,2021-01-26,2021,EN 81-73:2016,CEN,number,none,FULL_LIST
32021D0076,2021-01-26,2021,EN 81-77:2013,CEN,number,none,FULL_LIST
32021D0076,2021-01-26,2021,EN 12016:2013,CEN,number,none,FULL_LIST
32021D0076,2021-01-26,2021,EN 12385-3:2004+A1:2008,CEN,number,none,FULL_LIST
32021D0076,2021-01-26,2021,EN 12385-5:2002,CEN,number,none,FULL_LIST
32021D0076,2021-01-26,2021,EN 12385-5:2002,CEN,number,none,FULL_LIST
32021D0076,2021-01-26,2021,EN 13015:2001+A1:2008,CEN,number,none,FULL_LIST
32021D0076,2021-01-26,2021,EN 13411-7:2006+A1:2008,CEN,number,none,FULL_LIST
32021D0076,2021-01-26,2021,EN 81-20:2014,CEN,number,none,FULL_LIST
32021D0076,2021-01-26,2021,EN 81-50:2014,CEN,number,none,FULL_LIST
32021D0117,2021-02-01,2021,EN ISO 11105:2017,ISO,explicit,none,AMENDING
32021D0117,2021-02-01,2021,EN ISO 11105:2020,ISO,explicit,none,AMENDING
32021D0117,2021-02-01,2021,EN ISO 11105:2020,ISO,explicit,none,AMENDING
32021D0117,2021-02-01,2021,EN ISO 11105:2020,ISO,explicit,none,AMENDING
32021D0117,2021-02-01,2021,EN ISO 11105:2020,ISO,explicit,none,AMENDING
32021D0117,2021-02-01,2021,EN ISO 11105:2020,ISO,explicit,none,AMENDING
32021D0117,2021-02-01,2021,EN ISO 11105:2017,ISO,explicit,none,AMENDING
32021D0117,2021-02-01,2021,EN ISO 11105:2017,ISO,explicit,none,AMENDING
32021D0117,2021-02-01,2021,EN ISO 11105:2020,ISO,explicit,none,AMENDING
32021D0117,2021-02-01,2021,EN ISO 11105:2017,ISO,explicit,none,AMENDING
32021D0117,2021-02-01,2021,EN ISO 11105:2020,ISO,explicit,none,AMENDING
32021D0117,2021-02-01,2021,EN ISO 9097:2017,ISO,explicit,none,AMENDING
32021D0117,2021-02-01,2021,EN ISO 9097:2017,ISO,explicit,none,AMENDING
32021D0117,2021-02-01,2021,EN ISO 9097:2017,ISO,explicit,none,AMENDING
32021D0117,2021-02-01,2021,EN ISO 11105:2020,ISO,explicit,none,AMENDING
32021D0117,2021-02-01,2021,EN ISO 11105:2017,ISO,explicit,withdrawal,AMENDING
32021D0117,2021-02-01,2021,EN ISO 9097:2017,ISO,explicit,withdrawal,AMENDING
32021D0117,2021-02-01,2021,EN ISO 11105:2020,ISO,explicit,addition,AMENDING
32021D0117,2021-02-01,2021,EN ISO 9097:2017,ISO,explicit,addition,AMENDING
32021D0117,2021-02-01,2021,EN ISO 11105:2017,ISO,explicit,addition,AMENDING
32021D0377,2021-03-02,2021,EN ISO 3743-2:2019,ISO,explicit,none,AMENDING
32021D0377,2021-03-02,2021,EN 62841-2-11:2016,IEC,inferred-60000,none,AMENDING
32021D0377,2021-03-02,2021,EN 62745:2017,IEC,inferred-60000,none,AMENDING
32021D0377,2021-03-02,2021,EN 574:1996+A1:2008,CEN,number,none,AMENDING
32021D0377,2021-03-02,2021,EN 349:1993+A1:2008,CEN,number,none,AMENDING
32021D0377,2021-03-02,2021,EN ISO 13857:2008,ISO,explicit,none,AMENDING
32021D0377,2021-03-02,2021,EN 1612-1:1997+A1:2008,CEN,number,none,AMENDING
32021D0377,2021-03-02,2021,EN 12643:2014,CEN,number,none,AMENDING
32021D0377,2021-03-02,2021,EN ISO 7096:2008,ISO,explicit,none,AMENDING
32021D0377,2021-03-02,2021,EN 12301:2000+A1:2008,CEN,number,none,AMENDING
32021D0377,2021-03-02,2021,EN 12965:2003+A2:2009,CEN,number,none,AMENDING
32021D0377,2021-03-02,2021,EN 13525:2005+A2:2009,CEN,number,none,AMENDING
32021D0377,2021-03-02,2021,EN 1870-19:2013,CEN,number,none,AMENDING
32021D0377,2021-03-02,2021,EN 940:2009+A1:2012,CEN,number,none,AMENDING
32021D0377,2021-03-02,2021,EN 1870-4:2012,CEN,number,none,AMENDING
32021D0377,2021-03-02,2021,EN ISO 19432:2012,ISO,explicit,none,AMENDING
32021D0377,2021-03-02,2021,EN ISO 15012-4:2016,ISO,explicit,none,AMENDING
32021D0377,2021-03-02,2021,EN 60745-2-14:2009,IEC,inferred-60000,none,AMENDING
32021D0377,2021-03-02,2021,EN ISO 13851:2019,ISO,explicit,none,AMENDING
32021D0377,2021-03-02,2021,EN ISO 13854:2019,ISO,explicit,none,AMENDING
32021D0377,2021-03-02,2021,EN ISO 13857:2019,ISO,explicit,none,AMENDING
32021D0377,2021-03-02,2021,EN 1612:2019,CEN,number,none,AMENDING
32021D0377,2021-03-02,2021,EN ISO 5010:2019,ISO,explicit,none,AMENDING
32021D0377,2021-03-02,2021,EN ISO 7096:2020,ISO,explicit,none,AMENDING
32021D0377,2021-03-02,2021,EN 12301:2019,CEN,number,none,AMENDING
32021D0377,2021-03-02,2021,EN 12965:2019,CEN,number,none,AMENDING
32021D0377,2021-03-02,2021,EN 13525:2020,CEN,number,none,AMENDING
32021D0377,2021-03-02,2021,EN ISO 19085-9:2020,ISO,explicit,none,AMENDING
32021D0377,2021-03-02,2021,EN ISO 19085-11:2020,ISO,explicit,none,AMENDING
32021D0377,2021-03-02,2021,EN ISO 19085-13:2020,ISO,explicit,none,AMENDING
32021D0377,2021-03-02,2021,EN ISO 19432-1:2020,ISO,explicit,none,AMENDING
32021D0377,2021-03-02,2021,EN ISO 21904-1:2020,ISO,explicit,none,AMENDING
32021D0377,2021-03-02,2021,EN 62841-4-1:2020,IEC,inferred-60000,none,AMENDING
32021D0377,2021-03-02,2021,EN ISO 19225:2017,ISO,explicit,none,AMENDING
32021D0377,2021-03-02,2021,EN ISO 3691-5:2015,ISO,explicit,none,AMENDING
32021D0377,2021-03-02,2021,EN 62841-3-4:2016,IEC,inferred-60000,none,AMENDING
32021D0377,2021-03-02,2021,EN ISO 19225:2017,ISO,explicit,none,AMENDING
32021D0377,2021-03-02,2021,EN ISO 3691-5:2015,ISO,explicit,none,AMENDING
32021D0377,2021-03-02,2021,EN 62841-3-4:2016,IEC,inferred-60000,none,AMENDING
32021D0377,2021-03-02,2021,EN ISO 11203:2009,ISO,explicit,none,AMENDING
32021D0377,2021-03-02,2021,EN ISO 3691-1:2015,ISO,explicit,none,AMENDING
32021D0377,2021-03-02,2021,EN ISO 4254-11:2010,ISO,explicit,none,AMENDING
32021D0377,2021-03-02,2021,EN ISO 20361:2015,ISO,explicit,none,AMENDING
32021D0377,2021-03-02,2021,EN 50636-2-107:2015,CENELEC,number,none,AMENDING
32021D0377,2021-03-02,2021,EN 62841-3-9:2015,IEC,inferred-60000,none,AMENDING
32021D0377,2021-03-02,2021,EN ISO 11203:2009,ISO,explicit,none,AMENDING
32021D0377,2021-03-02,2021,EN ISO 3691-1:2015,ISO,explicit,none,AMENDING
32021D0377,2021-03-02,2021,EN ISO 4254-11:2010,ISO,explicit,none,AMENDING
32021D0377,2021-03-02,2021,EN ISO 20361:2019,ISO,explicit,none,AMENDING
32021D0377,2021-03-02,2021,EN 62745:2017,IEC,inferred-60000,none,AMENDING
32021D0377,2021-03-02,2021,EN 50636-2-107:2015,CENELEC,number,none,AMENDING
32021D0377,2021-03-02,2021,EN IEC 62841-3-9:2020,IEC,explicit,none,AMENDING
32021D0377,2021-03-02,2021,EN 12301:2000+A1:2008,CEN,number,withdrawal,AMENDING
32021D0377,2021-03-02,2021,EN 574:1996+A1:2008,CEN,number,withdrawal,AMENDING
32021D0377,2021-03-02,2021,EN ISO 15012-4:2016,ISO,explicit,withdrawal,AMENDING
32021D0377,2021-03-02,2021,EN 12643:2014,CEN,number,withdrawal,AMENDING
32021D0377,2021-03-02,2021,EN 12965:2003+A2:2009,CEN,number,withdrawal,AMENDING
32021D0377,2021-03-02,2021,EN 13525:2005+A2:2009,CEN,number,withdrawal,AMENDING
32021D0377,2021-03-02,2021,EN 1612-1:1997+A1:2008,CEN,number,withdrawal,AMENDING
32021D0377,2021-03-02,2021,EN 1870-19:2013,CEN,number,withdrawal,AMENDING
32021D0377,2021-03-02,2021,EN 1870-4:2012,CEN,number,withdrawal,AMENDING
32021D0377,2021-03-02,2021,EN 349:1993+A1:2008,CEN,number,withdrawal,AMENDING
32021D0377,2021-03-02,2021,EN 50636-2-107:2015,CENELEC,number,withdrawal,AMENDING
32021D0377,2021-03-02,2021,EN 50636-2-107:2015,CENELEC,number,withdrawal,AMENDING
32021D0377,2021-03-02,2021,EN 60745-2-13:2009,IEC,inferred-60000,withdrawal,AMENDING
32021D0377,2021-03-02,2021,EN 60745-2-13:2009,IEC,inferred-60000,withdrawal,AMENDING
32021D0377,2021-03-02,2021,EN 62841-2-11:2016,IEC,inferred-60000,withdrawal,AMENDING
32021D0377,2021-03-02,2021,EN 62841-3-9:2015,IEC,inferred-60000,withdrawal,AMENDING
32021D0377,2021-03-02,2021,EN 62841-3-9:2015,IEC,inferred-60000,withdrawal,AMENDING
32021D0377,2021-03-02,2021,EN 62841-3-9:2015,IEC,inferred-60000,withdrawal,AMENDING
32021D0377,2021-03-02,2021,EN 940:2009+A1:2012,CEN,number,withdrawal,AMENDING
32021D0377,2021-03-02,2021,EN ISO 11203:2009,ISO,explicit,withdrawal,AMENDING
32021D0377,2021-03-02,2021,EN ISO 13857:2008,ISO,explicit,withdrawal,AMENDING
32021D0377,2021-03-02,2021,EN ISO 19432:2012,ISO,explicit,withdrawal,AMENDING
32021D0377,2021-03-02,2021,EN ISO 20361:2015,ISO,explicit,withdrawal,AMENDING
32021D0377,2021-03-02,2021,EN ISO 3691-1:2015,ISO,explicit,withdrawal,AMENDING
32021D0377,2021-03-02,2021,EN ISO 3691-1:2015,ISO,explicit,withdrawal,AMENDING
32021D0377,2021-03-02,2021,EN ISO 4254-11:2010,ISO,explicit,withdrawal,AMENDING
32021D0377,2021-03-02,2021,EN ISO 7096:2008,ISO,explicit,withdrawal,AMENDING
32021D0377,2021-03-02,2021,EN ISO 7096:2008,ISO,explicit,withdrawal,AMENDING
32021D0377,2021-03-02,2021,EN ISO 19225:2017,ISO,explicit,withdrawal,AMENDING
32021D0377,2021-03-02,2021,EN ISO 3691-5:2015,ISO,explicit,withdrawal,AMENDING
32021D0377,2021-03-02,2021,EN ISO 19225:2017,ISO,explicit,addition,AMENDING
32021D0377,2021-03-02,2021,EN ISO 19225:2017,ISO,explicit,addition,AMENDING
32021D0377,2021-03-02,2021,EN ISO 3691-5:2015,ISO,explicit,addition,AMENDING
32021D0377,2021-03-02,2021,EN ISO 3691-5:2015,ISO,explicit,addition,AMENDING
32021D0377,2021-03-02,2021,EN ISO 3743-2:2019,ISO,explicit,addition,AMENDING
32021D0377,2021-03-02,2021,EN ISO 11203:2009,ISO,explicit,addition,AMENDING
32021D0377,2021-03-02,2021,EN ISO 11203:2009,ISO,explicit,addition,AMENDING
32021D0377,2021-03-02,2021,EN ISO 13851:2019,ISO,explicit,addition,AMENDING
32021D0377,2021-03-02,2021,EN ISO 13854:2019,ISO,explicit,addition,AMENDING
32021D0377,2021-03-02,2021,EN ISO 13857:2019,ISO,explicit,addition,AMENDING
32021D0377,2021-03-02,2021,EN 1612:2019,CEN,number,addition,AMENDING
32021D0377,2021-03-02,2021,EN ISO 3691-1:2015,ISO,explicit,addition,AMENDING
32021D0377,2021-03-02,2021,EN ISO 3691-1:2015,ISO,explicit,addition,AMENDING
32021D0377,2021-03-02,2021,EN ISO 3691-1:2015,ISO,explicit,addition,AMENDING
32021D0377,2021-03-02,2021,EN ISO 4254-11:2010,ISO,explicit,addition,AMENDING
32021D0377,2021-03-02,2021,EN ISO 4254-11:2010,ISO,explicit,addition,AMENDING
32021D0377,2021-03-02,2021,EN ISO 5010:2019,ISO,explicit,addition,AMENDING
32021D0377,2021-03-02,2021,EN ISO 7096:2020,ISO,explicit,addition,AMENDING
32021D0377,2021-03-02,2021,EN 12301:2019,CEN,number,addition,AMENDING
32021D0377,2021-03-02,2021,EN 12965:2019,CEN,number,addition,AMENDING
32021D0377,2021-03-02,2021,EN 13525:2020,CEN,number,addition,AMENDING
32021D0377,2021-03-02,2021,EN ISO 19085-9:2020,ISO,explicit,addition,AMENDING
32021D0377,2021-03-02,2021,EN ISO 19085-11:2020,ISO,explicit,addition,AMENDING
32021D0377,2021-03-02,2021,EN ISO 19085-13:2020,ISO,explicit,addition,AMENDING
32021D0377,2021-03-02,2021,EN ISO 19432-1:2020,ISO,explicit,addition,AMENDING
32021D0377,2021-03-02,2021,EN ISO 20361:2019,ISO,explicit,addition,AMENDING
32021D0377,2021-03-02,2021,EN ISO 20361:2019,ISO,explicit,addition,AMENDING
32021D0377,2021-03-02,2021,EN ISO 21904-1:2020,ISO,explicit,addition,AMENDING
32021D0377,2021-03-02,2021,EN 62745:2017,IEC,inferred-60000,addition,AMENDING
32021D0377,2021-03-02,2021,EN 62745:2017,IEC,inferred-60000,addition,AMENDING
32021D0377,2021-03-02,2021,EN 50636-2-107:2015,CENELEC,number,addition,AMENDING
32021D0377,2021-03-02,2021,EN 50636-2-107:2015,CENELEC,number,addition,AMENDING
32021D0377,2021-03-02,2021,EN 50636-2-107:2015,CENELEC,number,addition,AMENDING
32021D0377,2021-03-02,2021,EN 62841-2-11:2016,IEC,inferred-60000,addition,AMENDING
32021D0377,2021-03-02,2021,EN 62841-2-11:2016,IEC,inferred-60000,addition,AMENDING
32021D0377,2021-03-02,2021,EN 62841-3-4:2016,IEC,inferred-60000,addition,AMENDING
32021D0377,2021-03-02,2021,EN 62841-3-4:2016,IEC,inferred-60000,addition,AMENDING
32021D0377,2021-03-02,2021,EN 62841-3-4:2016,IEC,inferred-60000,addition,AMENDING
32021D0377,2021-03-02,2021,EN 62841-3-4:2016,IEC,inferred-60000,addition,AMENDING
32021D0377,2021-03-02,2021,EN IEC 62841-3-9:2020,IEC,explicit,addition,AMENDING
32021D0377,2021-03-02,2021,EN IEC 62841-3-9:2020,IEC,explicit,addition,AMENDING
32021D0377,2021-03-02,2021,EN 62841-4-1:2020,IEC,inferred-60000,addition,AMENDING
32021D0377,2021-03-02,2021,EN 12301:2000+A1:2008,CEN,number,addition,AMENDING
32021D0377,2021-03-02,2021,EN 12643:2014,CEN,number,addition,AMENDING
32021D0377,2021-03-02,2021,EN 12965:2003+A2:2009,CEN,number,addition,AMENDING
32021D0377,2021-03-02,2021,EN 1612-1:1997+A1:2008,CEN,number,addition,AMENDING
32021D0377,2021-03-02,2021,EN 1870-19:2013,CEN,number,addition,AMENDING
32021D0377,2021-03-02,2021,EN 1870-4:2012,CEN,number,addition,AMENDING
32021D0377,2021-03-02,2021,EN 349:1993+A1:2008,CEN,number,addition,AMENDING
32021D0377,2021-03-02,2021,EN 574:1996+A1:2008,CEN,number,addition,AMENDING
32021D0377,2021-03-02,2021,EN 50636-2-107:2015,CENELEC,number,addition,AMENDING
32021D0377,2021-03-02,2021,EN 50636-2-107:2015,CENELEC,number,addition,AMENDING
32021D0377,2021-03-02,2021,EN 60745-2-13:2009,IEC,inferred-60000,addition,AMENDING
32021D0377,2021-03-02,2021,EN 60745-2-13:2009,IEC,inferred-60000,addition,AMENDING
32021D0377,2021-03-02,2021,EN 62841-2-11:2016,IEC,inferred-60000,addition,AMENDING
32021D0377,2021-03-02,2021,EN 62841-3-4:2016,IEC,inferred-60000,addition,AMENDING
32021D0377,2021-03-02,2021,EN 62841-3-4:2016,IEC,inferred-60000,addition,AMENDING
32021D0377,2021-03-02,2021,EN 62841-3-9:2015,IEC,inferred-60000,addition,AMENDING
32021D0377,2021-03-02,2021,EN 62841-3-9:2015,IEC,inferred-60000,addition,AMENDING
32021D0377,2021-03-02,2021,EN 62841-3-9:2015,IEC,inferred-60000,addition,AMENDING
32021D0377,2021-03-02,2021,EN 940:2009+A1:2012,CEN,number,addition,AMENDING
32021D0377,2021-03-02,2021,EN ISO 11203:2009,ISO,explicit,addition,AMENDING
32021D0377,2021-03-02,2021,EN ISO 13857:2008,ISO,explicit,addition,AMENDING
32021D0377,2021-03-02,2021,EN ISO 19432:2012,ISO,explicit,addition,AMENDING
32021D0377,2021-03-02,2021,EN ISO 20361:2015,ISO,explicit,addition,AMENDING
32021D0377,2021-03-02,2021,EN ISO 3691-1:2015,ISO,explicit,addition,AMENDING
32021D0377,2021-03-02,2021,EN ISO 3691-1:2015,ISO,explicit,addition,AMENDING
32021D0377,2021-03-02,2021,EN ISO 4254-11:2010,ISO,explicit,addition,AMENDING
32021D0377,2021-03-02,2021,EN ISO 7096:2008,ISO,explicit,addition,AMENDING
32021D0377,2021-03-02,2021,EN ISO 7096:2008,ISO,explicit,addition,AMENDING
32021D0377,2021-03-02,2021,EN ISO 15012-4:2016,ISO,explicit,addition,AMENDING
32021D0395,2021-03-04,2021,EN 17109:2020,CEN,number,none,AMENDING
32021D0395,2021-03-04,2021,EN ISO 20320:2020,ISO,explicit,none,AMENDING
32021D0395,2021-03-04,2021,EN ISO 27065:2017,ISO,explicit,none,AMENDING
32021D0395,2021-03-04,2021,EN ISO 27065:2017,ISO,explicit,none,AMENDING
32021D0395,2021-03-04,2021,EN 61482-2:2020,IEC,inferred-60000,none,AMENDING
32021D0395,2021-03-04,2021,EN 469:2005,CEN,number,none,AMENDING
32021D0395,2021-03-04,2021,EN 469:2005,CEN,number,none,AMENDING
32021D0395,2021-03-04,2021,EN 469:2005,CEN,number,none,AMENDING
32021D0395,2021-03-04,2021,EN 1149-5:2008,CEN,number,none,AMENDING
32021D0395,2021-03-04,2021,EN 469:2020,CEN,number,none,AMENDING
32021D0395,2021-03-04,2021,EN 1149-5:2018,CEN,number,none,AMENDING
32021D0395,2021-03-04,2021,EN 13595-1:2002,CEN,number,none,AMENDING
32021D0395,2021-03-04,2021,EN 13595-3:2002,CEN,number,none,AMENDING
32021D0395,2021-03-04,2021,EN 17092-2:2020,CEN,number,none,AMENDING
32021D0395,2021-03-04,2021,EN 17092-3:2020,CEN,number,none,AMENDING
32021D0395,2021-03-04,2021,EN 17092-4:2020,CEN,number,none,AMENDING
32021D0395,2021-03-04,2021,EN 17092-5:2020,CEN,number,none,AMENDING
32021D0395,2021-03-04,2021,EN 17092-6:2020,CEN,number,none,AMENDING
32021D0395,2021-03-04,2021,EN 1150:1999,CEN,number,none,AMENDING
32021D0395,2021-03-04,2021,EN 13356:2001,CEN,number,none,AMENDING
32021D0395,2021-03-04,2021,EN 17353:2020,CEN,number,none,AMENDING
32021D0395,2021-03-04,2021,EN 17109:2020,CEN,number,none,AMENDING
32021D0395,2021-03-04,2021,EN ISO 20320:2020,ISO,explicit,none,AMENDING
32021D0395,2021-03-04,2021,EN ISO 27065:2017,ISO,explicit,none,AMENDING
32021D0395,2021-03-04,2021,EN 469:2020,CEN,number,none,AMENDING
32021D0395,2021-03-04,2021,EN 1149-5:2018,CEN,number,none,AMENDING
32021D0395,2021-03-04,2021,EN 17092-2:2020,CEN,number,none,AMENDING
32021D0395,2021-03-04,2021,EN 17092-3:2020,CEN,number,none,AMENDING
32021D0395,2021-03-04,2021,EN 17092-4:2020,CEN,number,none,AMENDING
32021D0395,2021-03-04,2021,EN 17092-5:2020,CEN,number,none,AMENDING
32021D0395,2021-03-04,2021,EN 17092-6:2020,CEN,number,none,AMENDING
32021D0395,2021-03-04,2021,EN 17353:2020,CEN,number,none,AMENDING
32021D0395,2021-03-04,2021,EN 61482-2:2020,IEC,inferred-60000,none,AMENDING
32021D0395,2021-03-04,2021,EN ISO 27065:2017,ISO,explicit,none,AMENDING
32021D0395,2021-03-04,2021,EN ISO 27065:2017,ISO,explicit,none,AMENDING
32021D0395,2021-03-04,2021,EN 469:2005,CEN,number,none,AMENDING
32021D0395,2021-03-04,2021,EN 469:2005,CEN,number,none,AMENDING
32021D0395,2021-03-04,2021,EN 469:2005,CEN,number,none,AMENDING
32021D0395,2021-03-04,2021,EN 1149-5:2008,CEN,number,none,AMENDING
32021D0395,2021-03-04,2021,EN 13595-1:2002,CEN,number,none,AMENDING
32021D0395,2021-03-04,2021,EN 13595-3:2002,CEN,number,none,AMENDING
32021D0395,2021-03-04,2021,EN 1150:1999,CEN,number,none,AMENDING
32021D0395,2021-03-04,2021,EN 13356:2001,CEN,number,none,AMENDING
32021D0395,2021-03-04,2021,EN ISO 27065:2017,ISO,explicit,none,AMENDING
32021D0395,2021-03-04,2021,EN 1149-5:2018,CEN,number,addition,AMENDING
32021D0395,2021-03-04,2021,EN 17092-2:2020,CEN,number,addition,AMENDING
32021D0395,2021-03-04,2021,EN 17092-3:2020,CEN,number,addition,AMENDING
32021D0395,2021-03-04,2021,EN 17092-4:2020,CEN,number,addition,AMENDING
32021D0395,2021-03-04,2021,EN 17092-5:2020,CEN,number,addition,AMENDING
32021D0395,2021-03-04,2021,EN 17092-6:2020,CEN,number,addition,AMENDING
32021D0395,2021-03-04,2021,EN 17109:2020,CEN,number,addition,AMENDING
32021D0395,2021-03-04,2021,EN 61482-2:2020,IEC,inferred-60000,addition,AMENDING
32021D0395,2021-03-04,2021,EN ISO 20320:2020,ISO,explicit,addition,AMENDING
32021D0395,2021-03-04,2021,EN 17353:2020,CEN,number,addition,AMENDING
32021D0395,2021-03-04,2021,EN 469:2020,CEN,number,addition,AMENDING
32021D0395,2021-03-04,2021,EN ISO 27065:2017,ISO,explicit,addition,AMENDING
32021D0395,2021-03-04,2021,EN ISO 27065:2017,ISO,explicit,addition,AMENDING
32021D0395,2021-03-04,2021,EN 469:2005,CEN,number,addition,AMENDING
32021D0395,2021-03-04,2021,EN 469:2005,CEN,number,addition,AMENDING
32021D0395,2021-03-04,2021,EN 469:2005,CEN,number,addition,AMENDING
32021D0395,2021-03-04,2021,EN 1149-5:2008,CEN,number,addition,AMENDING
32021D0395,2021-03-04,2021,EN 13595-1:2002,CEN,number,addition,AMENDING
32021D0395,2021-03-04,2021,EN 13595-3:2002,CEN,number,addition,AMENDING
32021D0395,2021-03-04,2021,EN 1150:1999,CEN,number,addition,AMENDING
32021D0395,2021-03-04,2021,EN 13356:2001,CEN,number,addition,AMENDING
32021D0395,2021-03-04,2021,EN ISO 27065:2017,ISO,explicit,addition,AMENDING
32021D0455,2021-03-15,2021,EN 60947-5-2:2007,IEC,inferred-60000,none,AMENDING
32021D0455,2021-03-15,2021,EN IEC 60947-5-2:2020,IEC,explicit,none,AMENDING
32021D0455,2021-03-15,2021,EN IEC 60947-5-2:2020,IEC,explicit,none,AMENDING
32021D0455,2021-03-15,2021,EN IEC 60947-5-2:2020,IEC,explicit,none,AMENDING
32021D0455,2021-03-15,2021,EN 60947-5-2:2007,IEC,inferred-60000,none,AMENDING
32021D0455,2021-03-15,2021,EN 60947-5-2:2007,IEC,inferred-60000,none,AMENDING
32021D0455,2021-03-15,2021,EN 60947-5-2:2007,IEC,inferred-60000,withdrawal,AMENDING
32021D0455,2021-03-15,2021,EN 60947-5-2:2007,IEC,inferred-60000,withdrawal,AMENDING
32021D0455,2021-03-15,2021,EN 55035:2017,CENELEC,number,withdrawal,AMENDING
32021D0455,2021-03-15,2021,EN 55035:2017,CENELEC,number,withdrawal,AMENDING
32021D0455,2021-03-15,2021,EN 55035:2017,CENELEC,number,withdrawal,AMENDING
32021D0455,2021-03-15,2021,EN 55020:2007,CENELEC,number,withdrawal,AMENDING
32021D0455,2021-03-15,2021,EN 55024:2010,CENELEC,number,withdrawal,AMENDING
32021D0455,2021-03-15,2021,EN 55103-2:2009,CENELEC,number,withdrawal,AMENDING
32021D0455,2021-03-15,2021,EN 55035:2017,CENELEC,number,withdrawal,AMENDING
32021D0455,2021-03-15,2021,EN 55035:2017,CENELEC,number,withdrawal,AMENDING
32021D0455,2021-03-15,2021,EN 55035:2017,CENELEC,number,withdrawal,AMENDING
32021D0455,2021-03-15,2021,EN 55035:2017,CENELEC,number,withdrawal,AMENDING
32021D0455,2021-03-15,2021,EN 55035:2017,CENELEC,number,withdrawal,AMENDING
32021D0455,2021-03-15,2021,EN 55024:2010,CENELEC,number,withdrawal,AMENDING
32021D0455,2021-03-15,2021,EN IEC 60947-5-2:2020,IEC,explicit,withdrawal,AMENDING
32021D0455,2021-03-15,2021,EN 55024:2010,CENELEC,number,withdrawal,AMENDING
32021D0455,2021-03-15,2021,EN 60947-5-2:2007,IEC,inferred-60000,withdrawal,AMENDING
32021D0455,2021-03-15,2021,EN 60947-5-2:2007,IEC,inferred-60000,withdrawal,AMENDING
32021D0455,2021-03-15,2021,EN 55024:2010,CENELEC,number,withdrawal,AMENDING
32021D0455,2021-03-15,2021,EN 55035:2017,CENELEC,number,withdrawal,AMENDING
32021D0455,2021-03-15,2021,EN 55103-2:2009,CENELEC,number,withdrawal,AMENDING
32021D0455,2021-03-15,2021,EN 55035:2017,CENELEC,number,withdrawal,AMENDING
32021D0455,2021-03-15,2021,EN 55103-2:2009,CENELEC,number,withdrawal,AMENDING
32021D0455,2021-03-15,2021,EN 55103-2:2009,CENELEC,number,withdrawal,AMENDING
32021D0455,2021-03-15,2021,EN 55103-2:2009,CENELEC,number,withdrawal,AMENDING
32021D0455,2021-03-15,2021,EN 55103-2:2009,CENELEC,number,withdrawal,AMENDING
32021D0455,2021-03-15,2021,EN 55103-2:2009,CENELEC,number,withdrawal,AMENDING
32021D0455,2021-03-15,2021,EN 55035:2017,CENELEC,number,addition,AMENDING
32021D0455,2021-03-15,2021,EN 55035:2017,CENELEC,number,addition,AMENDING
32021D0455,2021-03-15,2021,EN IEC 60947-5-2:2020,IEC,explicit,addition,AMENDING
32021D0455,2021-03-15,2021,EN 55103-2:2009,CENELEC,number,addition,AMENDING
32021D0455,2021-03-15,2021,EN 55024:2010,CENELEC,number,addition,AMENDING
32021D0455,2021-03-15,2021,EN 60947-5-2:2007,IEC,inferred-60000,addition,AMENDING
32021D0455,2021-03-15,2021,EN 60947-5-2:2007,IEC,inferred-60000,addition,AMENDING
32021D0609,2021-04-14,2021,EN ISO 11737-2:2009,ISO,explicit,none,AMENDING
32021D0609,2021-04-14,2021,EN ISO 11737-2:2020,ISO,explicit,none,AMENDING
32021D0609,2021-04-14,2021,EN ISO 11607-1:2020,ISO,explicit,none,AMENDING
32021D0609,2021-04-14,2021,EN ISO 11607-2:2020,ISO,explicit,none,AMENDING
32021D0609,2021-04-14,2021,EN ISO 11607-1:2020,ISO,explicit,none,AMENDING
32021D0609,2021-04-14,2021,EN ISO 11607-2:2020,ISO,explicit,none,AMENDING
32021D0609,2021-04-14,2021,EN ISO 11737-2:2020,ISO,explicit,none,AMENDING
32021D0609,2021-04-14,2021,EN ISO 11737-2:2009,ISO,explicit,none,AMENDING
32021D0609,2021-04-14,2021,EN ISO 11607-1:2020,ISO,explicit,none,AMENDING
32021D0609,2021-04-14,2021,EN ISO 11607-2:2020,ISO,explicit,none,AMENDING
32021D0609,2021-04-14,2021,EN ISO 11737-2:2020,ISO,explicit,addition,AMENDING
32021D0609,2021-04-14,2021,EN ISO 11607-1:2020,ISO,explicit,addition,AMENDING
32021D0609,2021-04-14,2021,EN ISO 11607-2:2020,ISO,explicit,addition,AMENDING
32021D0610,2021-04-14,2021,EN 1789:2007+A1:2010,CEN,number,none,AMENDING
32021D0610,2021-04-14,2021,EN ISO 10993-16:2010,ISO,explicit,none,AMENDING
32021D0610,2021-04-14,2021,EN ISO 11607-1:2009,ISO,explicit,none,AMENDING
32021D0610,2021-04-14,2021,EN ISO 11607-2:2006,ISO,explicit,none,AMENDING
32021D0610,2021-04-14,2021,EN ISO 11737-2:2009,ISO,explicit,none,AMENDING
32021D0610,2021-04-14,2021,EN 13718-1:2008,CEN,number,none,AMENDING
32021D0610,2021-04-14,2021,EN 13718-2:2015,CEN,number,none,AMENDING
32021D0610,2021-04-14,2021,EN ISO 22442-1:2007,ISO,explicit,none,AMENDING
32021D0610,2021-04-14,2021,EN ISO 22442-2:2007,ISO,explicit,none,AMENDING
32021D0610,2021-04-14,2021,EN 1789:2020,CEN,number,none,AMENDING
32021D0610,2021-04-14,2021,EN ISO 10993-16:2017,ISO,explicit,none,AMENDING
32021D0610,2021-04-14,2021,EN ISO 11607-1:2020,ISO,explicit,none,AMENDING
32021D0610,2021-04-14,2021,EN ISO 11607-2:2020,ISO,explicit,none,AMENDING
32021D0610,2021-04-14,2021,EN ISO 11737-2:2020,ISO,explicit,none,AMENDING
32021D0610,2021-04-14,2021,EN 13718-1:2014+A1:2020,CEN,number,none,AMENDING
32021D0610,2021-04-14,2021,EN 13718-2:2015+A1:2020,CEN,number,none,AMENDING
32021D0610,2021-04-14,2021,EN ISO 22442-1:2020,ISO,explicit,none,AMENDING
32021D0610,2021-04-14,2021,EN ISO 22442-2:2020,ISO,explicit,none,AMENDING
32021D0610,2021-04-14,2021,EN ISO 10993-18:2009,ISO,explicit,none,AMENDING
32021D0610,2021-04-14,2021,EN ISO 10993-18:2020,ISO,explicit,none,AMENDING
32021D0610,2021-04-14,2021,EN ISO 14155:2011,ISO,explicit,none,AMENDING
32021D0610,2021-04-14,2021,EN ISO 14155:2011,ISO,explicit,none,AMENDING
32021D0610,2021-04-14,2021,EN 60601-2-4:2003,IEC,inferred-60000,none,AMENDING
32021D0610,2021-04-14,2021,EN ISO 14155:2020,ISO,explicit,none,AMENDING
32021D0610,2021-04-14,2021,EN 60601-2-4:2011,IEC,inferred-60000,none,AMENDING
32021D0610,2021-04-14,2021,EN ISO 14607:2009,ISO,explicit,none,AMENDING
32021D0610,2021-04-14,2021,EN ISO 14607:2018,ISO,explicit,none,AMENDING
32021D0610,2021-04-14,2021,EN 60118-13:2005,IEC,inferred-60000,none,AMENDING
32021D0610,2021-04-14,2021,EN IEC 60118-13:2020,IEC,explicit,none,AMENDING
32021D0610,2021-04-14,2021,EN ISO 5361:2016,ISO,explicit,none,AMENDING
32021D0610,2021-04-14,2021,EN IEC 60601-2-83:2020,IEC,explicit,none,AMENDING
32021D0610,2021-04-14,2021,EN ISO 80601-2-55:2018,ISO,explicit,none,AMENDING
32021D0610,2021-04-14,2021,EN IEC 60601-2-66:2020,IEC,explicit,none,AMENDING
32021D0610,2021-04-14,2021,EN 1789:2020,CEN,number,none,AMENDING
32021D0610,2021-04-14,2021,EN ISO 5361:2016,ISO,explicit,none,AMENDING
32021D0610,2021-04-14,2021,EN ISO 10993-16:2017,ISO,explicit,none,AMENDING
32021D0610,2021-04-14,2021,EN ISO 10993-18:2020,ISO,explicit,none,AMENDING
32021D0610,2021-04-14,2021,EN ISO 11607-1:2020,ISO,explicit,none,AMENDING
32021D0610,2021-04-14,2021,EN ISO 11607-2:2020,ISO,explicit,none,AMENDING
32021D0610,2021-04-14,2021,EN ISO 11737-2:2020,ISO,explicit,none,AMENDING
32021D0610,2021-04-14,2021,EN 13718-1:2014+A1:2020,CEN,number,none,AMENDING
32021D0610,2021-04-14,2021,EN 13718-2:2015+A1:2020,CEN,number,none,AMENDING
32021D0610,2021-04-14,2021,EN ISO 14155:2020,ISO,explicit,none,AMENDING
32021D0610,2021-04-14,2021,EN ISO 14607:2018,ISO,explicit,none,AMENDING
32021D0610,2021-04-14,2021,EN ISO 22442-1:2020,ISO,explicit,none,AMENDING
32021D0610,2021-04-14,2021,EN ISO 22442-2:2020,ISO,explicit,none,AMENDING
32021D0610,2021-04-14,2021,EN IEC 60118-13:2020,IEC,explicit,none,AMENDING
32021D0610,2021-04-14,2021,EN 60601-2-4:2011,IEC,inferred-60000,none,AMENDING
32021D0610,2021-04-14,2021,EN IEC 60601-2-66:2020,IEC,explicit,none,AMENDING
32021D0610,2021-04-14,2021,EN IEC 60601-2-83:2020,IEC,explicit,none,AMENDING
32021D0610,2021-04-14,2021,EN ISO 80601-2-55:2018,ISO,explicit,none,AMENDING
32021D0610,2021-04-14,2021,EN 1789:2007+A1:2010,CEN,number,none,AMENDING
32021D0610,2021-04-14,2021,EN ISO 10993-16:2010,ISO,explicit,none,AMENDING
32021D0610,2021-04-14,2021,EN ISO 10993-18:2009,ISO,explicit,none,AMENDING
32021D0610,2021-04-14,2021,EN ISO 11607-1:2009,ISO,explicit,none,AMENDING
32021D0610,2021-04-14,2021,EN ISO 11607-2:2006,ISO,explicit,none,AMENDING
32021D0610,2021-04-14,2021,EN ISO 11737-2:2009,ISO,explicit,none,AMENDING
32021D0610,2021-04-14,2021,EN 13718-1:2008,CEN,number,none,AMENDING
32021D0610,2021-04-14,2021,EN 13718-2:2015,CEN,number,none,AMENDING
32021D0610,2021-04-14,2021,EN ISO 14155:2011,ISO,explicit,none,AMENDING
32021D0610,2021-04-14,2021,EN ISO 14155:2011,ISO,explicit,none,AMENDING
32021D0610,2021-04-14,2021,EN ISO 14607:2009,ISO,explicit,none,AMENDING
32021D0610,2021-04-14,2021,EN ISO 22442-1:2007,ISO,explicit,none,AMENDING
32021D0610,2021-04-14,2021,EN ISO 22442-2:2007,ISO,explicit,none,AMENDING
32021D0610,2021-04-14,2021,EN 60118-13:2005,IEC,inferred-60000,none,AMENDING
32021D0610,2021-04-14,2021,EN 60601-2-4:2003,IEC,inferred-60000,none,AMENDING
32021D0610,2021-04-14,2021,EN ISO 5361:2016,ISO,explicit,none,AMENDING
32021D0610,2021-04-14,2021,EN IEC 60601-2-66:2020,IEC,explicit,none,AMENDING
32021D0610,2021-04-14,2021,EN IEC 60601-2-83:2020,IEC,explicit,none,AMENDING
32021D0610,2021-04-14,2021,EN ISO 80601-2-55:2018,ISO,explicit,none,AMENDING
32021D0610,2021-04-14,2021,EN 1789:2020,CEN,number,addition,AMENDING
32021D0610,2021-04-14,2021,EN ISO 10993-16:2017,ISO,explicit,addition,AMENDING
32021D0610,2021-04-14,2021,EN ISO 10993-18:2020,ISO,explicit,addition,AMENDING
32021D0610,2021-04-14,2021,EN ISO 11607-1:2020,ISO,explicit,addition,AMENDING
32021D0610,2021-04-14,2021,EN ISO 11607-2:2020,ISO,explicit,addition,AMENDING
32021D0610,2021-04-14,2021,EN ISO 11737-2:2020,ISO,explicit,addition,AMENDING
32021D0610,2021-04-14,2021,EN 13718-1:2014+A1:2020,CEN,number,addition,AMENDING
32021D0610,2021-04-14,2021,EN 13718-2:2015+A1:2020,CEN,number,addition,AMENDING
32021D0610,2021-04-14,2021,EN ISO 14155:2020,ISO,explicit,addition,AMENDING
32021D0610,2021-04-14,2021,EN ISO 14607:2018,ISO,explicit,addition,AMENDING
32021D0610,2021-04-14,2021,EN ISO 22442-1:2020,ISO,explicit,addition,AMENDING
32021D0610,2021-04-14,2021,EN ISO 22442-2:2020,ISO,explicit,addition,AMENDING
32021D0610,2021-04-14,2021,EN IEC 60118-13:2020,IEC,explicit,addition,AMENDING
32021D0610,2021-04-14,2021,EN 60601-2-4:2011,IEC,inferred-60000,addition,AMENDING
32021D0610,2021-04-14,2021,EN ISO 5361:2016,ISO,explicit,addition,AMENDING
32021D0610,2021-04-14,2021,EN IEC 60601-2-66:2020,IEC,explicit,addition,AMENDING
32021D0610,2021-04-14,2021,EN IEC 60601-2-83:2020,IEC,explicit,addition,AMENDING
32021D0610,2021-04-14,2021,EN ISO 80601-2-55:2018,ISO,explicit,addition,AMENDING
32021D0611,2021-04-14,2021,EN ISO 10993-16:2010,ISO,explicit,none,AMENDING
32021D0611,2021-04-14,2021,EN ISO 11607-1:2009,ISO,explicit,none,AMENDING
32021D0611,2021-04-14,2021,EN ISO 11737-2:2009,ISO,explicit,none,AMENDING
32021D0611,2021-04-14,2021,EN ISO 10993-16:2017,ISO,explicit,none,AMENDING
32021D0611,2021-04-14,2021,EN ISO 11607-1:2020,ISO,explicit,none,AMENDING
32021D0611,2021-04-14,2021,EN ISO 11737-2:2020,ISO,explicit,none,AMENDING
32021D0611,2021-04-14,2021,EN ISO 10993-18:2009,ISO,explicit,none,AMENDING
32021D0611,2021-04-14,2021,EN ISO 10993-18:2020,ISO,explicit,none,AMENDING
32021D0611,2021-04-14,2021,EN ISO 14155:2011,ISO,explicit,none,AMENDING
32021D0611,2021-04-14,2021,EN ISO 14155:2011,ISO,explicit,none,AMENDING
32021D0611,2021-04-14,2021,EN ISO 14155:2020,ISO,explicit,none,AMENDING
32021D0611,2021-04-14,2021,EN ISO 11607-2:2020,ISO,explicit,none,AMENDING
32021D0611,2021-04-14,2021,EN ISO 10993-16:2017,ISO,explicit,none,AMENDING
32021D0611,2021-04-14,2021,EN ISO 10993-18:2020,ISO,explicit,none,AMENDING
32021D0611,2021-04-14,2021,EN ISO 11607-1:2020,ISO,explicit,none,AMENDING
32021D0611,2021-04-14,2021,EN ISO 11607-2:2020,ISO,explicit,none,AMENDING
32021D0611,2021-04-14,2021,EN ISO 11737-2:2020,ISO,explicit,none,AMENDING
32021D0611,2021-04-14,2021,EN ISO 14155:2020,ISO,explicit,none,AMENDING
32021D0611,2021-04-14,2021,EN ISO 10993-16:2010,ISO,explicit,none,AMENDING
32021D0611,2021-04-14,2021,EN ISO 10993-18:2009,ISO,explicit,none,AMENDING
32021D0611,2021-04-14,2021,EN ISO 11607-1:2009,ISO,explicit,none,AMENDING
32021D0611,2021-04-14,2021,EN ISO 11737-2:2009,ISO,explicit,none,AMENDING
32021D0611,2021-04-14,2021,EN ISO 14155:2011,ISO,explicit,none,AMENDING
32021D0611,2021-04-14,2021,EN ISO 14155:2011,ISO,explicit,none,AMENDING
32021D0611,2021-04-14,2021,EN ISO 11607-2:2020,ISO,explicit,none,AMENDING
32021D0611,2021-04-14,2021,EN ISO 10993-16:2017,ISO,explicit,addition,AMENDING
32021D0611,2021-04-14,2021,EN ISO 10993-18:2020,ISO,explicit,addition,AMENDING
32021D0611,2021-04-14,2021,EN ISO 11607-1:2020,ISO,explicit,addition,AMENDING
32021D0611,2021-04-14,2021,EN ISO 11737-2:2020,ISO,explicit,addition,AMENDING
32021D0611,2021-04-14,2021,EN ISO 14155:2020,ISO,explicit,addition,AMENDING
32021D0611,2021-04-14,2021,EN ISO 11607-2:2020,ISO,explicit,addition,AMENDING
32021D0867,2021-05-28,2021,EN 71-7:2014+A2:2018,CEN,number,none,FULL_LIST
32021D0867,2021-05-28,2021,EN 71-7:2014+A3:2020,CEN,number,none,FULL_LIST
32021D0867,2021-05-28,2021,EN 71-7:2014+A3:2020,CEN,number,none,FULL_LIST
32021D0867,2021-05-28,2021,EN 71-7:2014+A3:2020,CEN,number,none,FULL_LIST
32021D0867,2021-05-28,2021,EN 71-12:2013,CEN,number,none,FULL_LIST
32021D0867,2021-05-28,2021,EN 71-12:2016,CEN,number,none,FULL_LIST
32021D0867,2021-05-28,2021,EN 71-12:2016,CEN,number,none,FULL_LIST
32021D0867,2021-05-28,2021,EN 62115:2005,IEC,inferred-60000,none,FULL_LIST
32021D0867,2021-05-28,2021,EN IEC 62115:2020,IEC,explicit,none,FULL_LIST
32021D0867,2021-05-28,2021,EN IEC 62115:2020,IEC,explicit,none,FULL_LIST
32021D0867,2021-05-28,2021,EN IEC 62115:2020,IEC,explicit,none,FULL_LIST
32021D0867,2021-05-28,2021,EN IEC 62115:2020,IEC,explicit,none,FULL_LIST
32021D0867,2021-05-28,2021,EN 71-7:2014+A3:2020,CEN,number,none,FULL_LIST
32021D0867,2021-05-28,2021,EN 71-7:2014+A3:2020,CEN,number,none,FULL_LIST
32021D0867,2021-05-28,2021,EN 71-7:2014+A3:2020,CEN,number,none,FULL_LIST
32021D0867,2021-05-28,2021,EN 71-7:2014+A2:2018,CEN,number,none,FULL_LIST
32021D0867,2021-05-28,2021,EN 71-7:2014+A3:2020,CEN,number,none,FULL_LIST
32021D0867,2021-05-28,2021,EN 71-7:2014+A2:2018,CEN,number,none,FULL_LIST
32021D0867,2021-05-28,2021,EN 71-12:2016,CEN,number,none,FULL_LIST
32021D0867,2021-05-28,2021,EN 71-12:2016,CEN,number,none,FULL_LIST
32021D0867,2021-05-28,2021,EN 71-12:2016,CEN,number,none,FULL_LIST
32021D0867,2021-05-28,2021,EN 71-12:2016,CEN,number,none,FULL_LIST
32021D0867,2021-05-28,2021,EN 71-12:2016,CEN,number,none,FULL_LIST
32021D0867,2021-05-28,2021,EN 71-12:2013,CEN,number,none,FULL_LIST
32021D0867,2021-05-28,2021,EN 71-12:2016,CEN,number,none,FULL_LIST
32021D0867,2021-05-28,2021,EN 71-12:2013,CEN,number,none,FULL_LIST
32021D0867,2021-05-28,2021,EN IEC 62115:2020,IEC,explicit,none,FULL_LIST
32021D0867,2021-05-28,2021,EN IEC 62115:2020,IEC,explicit,none,FULL_LIST
32021D0867,2021-05-28,2021,EN IEC 62115:2020,IEC,explicit,none,FULL_LIST
32021D0867,2021-05-28,2021,EN IEC 62115:2020,IEC,explicit,none,FULL_LIST
32021D0867,2021-05-28,2021,EN IEC 62115:2020,IEC,explicit,none,FULL_LIST
32021D0867,2021-05-28,2021,EN IEC 62115:2020,IEC,explicit,none,FULL_LIST
32021D0867,2021-05-28,2021,EN 62115:2005,IEC,inferred-60000,none,FULL_LIST
32021D0867,2021-05-28,2021,EN 62115:2005,IEC,inferred-60000,none,FULL_LIST
32021D0867,2021-05-28,2021,EN IEC 62115:2020,IEC,explicit,none,FULL_LIST
32021D0867,2021-05-28,2021,EN IEC 62115:2020,IEC,explicit,none,FULL_LIST
32021D0867,2021-05-28,2021,EN 62115:2005,IEC,inferred-60000,none,FULL_LIST
32021D0867,2021-05-28,2021,EN 71-1:2014+A1:2018,CEN,number,none,FULL_LIST
32021D0867,2021-05-28,2021,EN 71-2:2011+A1:2014,CEN,number,none,FULL_LIST
32021D0867,2021-05-28,2021,EN 71-3:2019,CEN,number,none,FULL_LIST
32021D0867,2021-05-28,2021,EN 71-4:2013,CEN,number,none,FULL_LIST
32021D0867,2021-05-28,2021,EN 71-5:2015,CEN,number,none,FULL_LIST
32021D0867,2021-05-28,2021,EN 71-7:2014+A3:2020,CEN,number,none,FULL_LIST
32021D0867,2021-05-28,2021,EN 71-8:2018,CEN,number,none,FULL_LIST
32021D0867,2021-05-28,2021,EN 71-12:2016,CEN,number,none,FULL_LIST
32021D0867,2021-05-28,2021,EN 71-12:2016,CEN,number,none,FULL_LIST
32021D0867,2021-05-28,2021,EN 71-12:2016,CEN,number,none,FULL_LIST
32021D0867,2021-05-28,2021,EN 71-13:2014,CEN,number,none,FULL_LIST
32021D0867,2021-05-28,2021,EN 71-14:2018,CEN,number,none,FULL_LIST
32021D0867,2021-05-28,2021,EN IEC 62115:2020,IEC,explicit,none,FULL_LIST
32021D0867,2021-05-28,2021,EN IEC 62115:2020,IEC,explicit,none,FULL_LIST
32021D0867,2021-05-28,2021,EN 71-7:2014+A2:2018,CEN,number,none,FULL_LIST
32021D0867,2021-05-28,2021,EN 71-12:2013,CEN,number,none,FULL_LIST
32021D0867,2021-05-28,2021,EN 62115:2005,IEC,inferred-60000,none,FULL_LIST
32021D0867,2021-05-28,2021,EN 62115:2005,IEC,inferred-60000,none,FULL_LIST
32021D0867,2021-05-28,2021,EN 62115:2005,IEC,inferred-60000,none,FULL_LIST
32021D0867,2021-05-28,2021,EN 62115:2005,IEC,inferred-60000,none,FULL_LIST
32021D0867,2021-05-28,2021,EN 62115:2005,IEC,inferred-60000,none,FULL_LIST
32021D0913,2021-06-03,2021,EN 60436:2020,IEC,inferred-60000,none,FULL_LIST
32021D0913,2021-06-03,2021,EN 60436:2020,IEC,inferred-60000,none,FULL_LIST
32021D0913,2021-06-03,2021,EN 60436:2020,IEC,inferred-60000,none,FULL_LIST
32021D0913,2021-06-03,2021,EN 60436:2020,IEC,inferred-60000,none,FULL_LIST
32021D0913,2021-06-03,2021,EN 60436:2020,IEC,inferred-60000,none,FULL_LIST
32021D0913,2021-06-03,2021,EN 60436:2020,IEC,inferred-60000,none,FULL_LIST
32021D0913,2021-06-03,2021,EN 60436:2020,IEC,inferred-60000,none,FULL_LIST
32021D0913,2021-06-03,2021,EN 60436:2020,IEC,inferred-60000,none,FULL_LIST
32021D0913,2021-06-03,2021,EN 60436:2020,IEC,inferred-60000,none,FULL_LIST
32021D0913,2021-06-03,2021,EN 60436:2020,IEC,inferred-60000,none,FULL_LIST
32021D0913,2021-06-03,2021,EN 60436:2020,IEC,inferred-60000,none,FULL_LIST
32021D0913,2021-06-03,2021,EN 60436:2020,IEC,inferred-60000,none,FULL_LIST
32021D0913,2021-06-03,2021,EN 60436:2020,IEC,inferred-60000,none,FULL_LIST
32021D0913,2021-06-03,2021,EN 60436:2020,IEC,inferred-60000,none,FULL_LIST
32021D0913,2021-06-03,2021,EN 60436:2020,IEC,inferred-60000,none,FULL_LIST
32021D0913,2021-06-03,2021,EN 60436:2020,IEC,inferred-60000,none,FULL_LIST
32021D0913,2021-06-03,2021,EN 50242:2016,CENELEC,number,none,FULL_LIST
32021D0913,2021-06-03,2021,EN 60436:2020,IEC,inferred-60000,none,FULL_LIST
32021D0913,2021-06-03,2021,EN 60436:2020,IEC,inferred-60000,none,FULL_LIST
32021D0913,2021-06-03,2021,EN 60436:2020,IEC,inferred-60000,none,FULL_LIST
32021D0913,2021-06-03,2021,EN 50564:2011,CENELEC,number,none,FULL_LIST
32021D0913,2021-06-03,2021,EN 50643:2018,CENELEC,number,none,FULL_LIST
32021D0913,2021-06-03,2021,EN 50643:2018,CENELEC,number,none,FULL_LIST
32021D0913,2021-06-03,2021,EN 60704-2-3:2019,IEC,inferred-60000,none,FULL_LIST
32021D0913,2021-06-03,2021,EN 60704-2-3:2019,IEC,inferred-60000,none,FULL_LIST
32021D0913,2021-06-03,2021,EN 60704-2-3:2019,IEC,inferred-60000,none,FULL_LIST
32021D0913,2021-06-03,2021,EN 60705:2015,IEC,inferred-60000,none,FULL_LIST
32021D0913,2021-06-03,2021,EN 60705:2015,IEC,inferred-60000,none,FULL_LIST
32021D0913,2021-06-03,2021,EN 60734:2012,IEC,inferred-60000,none,FULL_LIST
32021D0913,2021-06-03,2021,EN 60436:2020,IEC,inferred-60000,none,FULL_LIST
32021D0913,2021-06-03,2021,EN 60436:2020,IEC,inferred-60000,none,FULL_LIST
32021D0913,2021-06-03,2021,EN 60436:2020,IEC,inferred-60000,none,FULL_LIST
32021D0913,2021-06-03,2021,EN 50564:2011,CENELEC,number,none,FULL_LIST
32021D0913,2021-06-03,2021,EN 50643:2018,CENELEC,number,none,FULL_LIST
32021D0913,2021-06-03,2021,EN 50643:2018,CENELEC,number,none,FULL_LIST
32021D0913,2021-06-03,2021,EN 60704-2-3:2019,IEC,inferred-60000,none,FULL_LIST
32021D0913,2021-06-03,2021,EN 60704-2-3:2019,IEC,inferred-60000,none,FULL_LIST
32021D0913,2021-06-03,2021,EN 60704-2-3:2019,IEC,inferred-60000,none,FULL_LIST
32021D0913,2021-06-03,2021,EN 60705:2015,IEC,inferred-60000,none,FULL_LIST
32021D0913,2021-06-03,2021,EN 60705:2015,IEC,inferred-60000,none,FULL_LIST
32021D0913,2021-06-03,2021,EN 60734:2012,IEC,inferred-60000,none,FULL_LIST
32021D0936,2021-06-03,2021,EN 60456:2016,IEC,inferred-60000,none,FULL_LIST
32021D0936,2021-06-03,2021,EN 50229:2015,CENELEC,number,none,FULL_LIST
32021D0936,2021-06-03,2021,EN 60456:2016,IEC,inferred-60000,none,FULL_LIST
32021D0936,2021-06-03,2021,EN IEC 62512:2020,IEC,explicit,none,FULL_LIST
32021D0936,2021-06-03,2021,EN IEC 62512:2020,IEC,explicit,none,FULL_LIST
32021D0936,2021-06-03,2021,EN 60456:2016,IEC,inferred-60000,none,FULL_LIST
32021D0936,2021-06-03,2021,EN 60456:2016,IEC,inferred-60000,none,FULL_LIST
32021D0936,2021-06-03,2021,EN IEC 62512:2020,IEC,explicit,none,FULL_LIST
32021D0936,2021-06-03,2021,EN IEC 62512:2020,IEC,explicit,none,FULL_LIST
32021D0936,2021-06-03,2021,EN 60456:2016,IEC,inferred-60000,none,FULL_LIST
32021D0936,2021-06-03,2021,EN 60456:2016,IEC,inferred-60000,none,FULL_LIST
32021D0936,2021-06-03,2021,EN IEC 62512:2020,IEC,explicit,none,FULL_LIST
32021D0936,2021-06-03,2021,EN IEC 62512:2020,IEC,explicit,none,FULL_LIST
32021D0936,2021-06-03,2021,EN 60456:2016,IEC,inferred-60000,none,FULL_LIST
32021D0936,2021-06-03,2021,EN IEC 62512:2020,IEC,explicit,none,FULL_LIST
32021D0936,2021-06-03,2021,EN 60456:2016,IEC,inferred-60000,none,FULL_LIST
32021D0936,2021-06-03,2021,EN IEC 62512:2020,IEC,explicit,none,FULL_LIST
32021D0936,2021-06-03,2021,EN 60456:2016,IEC,inferred-60000,none,FULL_LIST
32021D0936,2021-06-03,2021,EN 60456:2016,IEC,inferred-60000,none,FULL_LIST
32021D0936,2021-06-03,2021,EN IEC 62512:2020,IEC,explicit,none,FULL_LIST
32021D0936,2021-06-03,2021,EN IEC 62512:2020,IEC,explicit,none,FULL_LIST
32021D0936,2021-06-03,2021,EN 60456:2016,IEC,inferred-60000,none,FULL_LIST
32021D0936,2021-06-03,2021,EN 60456:2016,IEC,inferred-60000,none,FULL_LIST
32021D0936,2021-06-03,2021,EN 60456:2016,IEC,inferred-60000,none,FULL_LIST
32021D0936,2021-06-03,2021,EN 60704-2-4:2012,IEC,inferred-60000,none,FULL_LIST
32021D0936,2021-06-03,2021,EN IEC 62512:2020,IEC,explicit,none,FULL_LIST
32021D0936,2021-06-03,2021,EN IEC 62512:2020,IEC,explicit,none,FULL_LIST
32021D0936,2021-06-03,2021,EN 50229:2015,CENELEC,number,none,FULL_LIST
32021D0936,2021-06-03,2021,EN 50229:2015,CENELEC,number,none,FULL_LIST
32021D0936,2021-06-03,2021,EN 60456:2016,IEC,inferred-60000,none,FULL_LIST
32021D0936,2021-06-03,2021,EN 60456:2016,IEC,inferred-60000,none,FULL_LIST
32021D0936,2021-06-03,2021,EN IEC 62512:2020,IEC,explicit,none,FULL_LIST
32021D0936,2021-06-03,2021,EN IEC 62512:2020,IEC,explicit,none,FULL_LIST
32021D0936,2021-06-03,2021,EN 60456:2016,IEC,inferred-60000,none,FULL_LIST
32021D0936,2021-06-03,2021,EN 60456:2016,IEC,inferred-60000,none,FULL_LIST
32021D0936,2021-06-03,2021,EN IEC 62512:2020,IEC,explicit,none,FULL_LIST
32021D0936,2021-06-03,2021,EN IEC 62512:2020,IEC,explicit,none,FULL_LIST
32021D1015,2021-06-17,2021,EN 60335-2-24:2010,IEC,inferred-60000,none,AMENDING
32021D1015,2021-06-17,2021,EN 60335-2-24:2010,IEC,inferred-60000,none,AMENDING
32021D1015,2021-06-17,2021,EN 60335-2-24:2010,IEC,inferred-60000,none,AMENDING
32021D1015,2021-06-17,2021,EN 60335-2-24:2010,IEC,inferred-60000,none,AMENDING
32021D1015,2021-06-17,2021,EN 61010-2-010:2014,IEC,inferred-60000,none,AMENDING
32021D1015,2021-06-17,2021,EN 61293:1994,IEC,inferred-60000,none,AMENDING
32021D1015,2021-06-17,2021,EN IEC 61010-2-010:2020,IEC,explicit,none,AMENDING
32021D1015,2021-06-17,2021,EN IEC 61293:2020,IEC,explicit,none,AMENDING
32021D1015,2021-06-17,2021,EN 60335-2-17:2013,IEC,inferred-60000,none,AMENDING
32021D1015,2021-06-17,2021,EN 60335-2-85:2003,IEC,inferred-60000,none,AMENDING
32021D1015,2021-06-17,2021,EN 60335-2-17:2013,IEC,inferred-60000,none,AMENDING
32021D1015,2021-06-17,2021,EN 60335-2-85:2003,IEC,inferred-60000,none,AMENDING
32021D1015,2021-06-17,2021,EN 60335-2-27:2013,IEC,inferred-60000,none,AMENDING
32021D1015,2021-06-17,2021,EN 60335-2-30:2009,IEC,inferred-60000,none,AMENDING
32021D1015,2021-06-17,2021,EN 60335-2-6:2015,IEC,inferred-60000,none,AMENDING
32021D1015,2021-06-17,2021,EN 60335-2-27:2013,IEC,inferred-60000,none,AMENDING
32021D1015,2021-06-17,2021,EN 60335-2-27:2013,IEC,inferred-60000,none,AMENDING
32021D1015,2021-06-17,2021,EN 60335-2-30:2009,IEC,inferred-60000,none,AMENDING
32021D1015,2021-06-17,2021,EN 60335-2-30:2009,IEC,inferred-60000,none,AMENDING
32021D1015,2021-06-17,2021,EN 60335-2-6:2015,IEC,inferred-60000,none,AMENDING
32021D1015,2021-06-17,2021,EN 60335-2-6:2015,IEC,inferred-60000,none,AMENDING
32021D1015,2021-06-17,2021,EN 61010-2-081:2015,IEC,inferred-60000,none,AMENDING
32021D1015,2021-06-17,2021,EN 60335-2-3:2016,IEC,inferred-60000,none,AMENDING
32021D1015,2021-06-17,2021,EN IEC 61010-2-081:2020,IEC,explicit,none,AMENDING
32021D1015,2021-06-17,2021,EN 60335-2-3:2016,IEC,inferred-60000,none,AMENDING
32021D1015,2021-06-17,2021,EN IEC 61010-2-010:2020,IEC,explicit,none,AMENDING
32021D1015,2021-06-17,2021,EN IEC 61010-2-081:2020,IEC,explicit,none,AMENDING
32021D1015,2021-06-17,2021,EN IEC 61293:2020,IEC,explicit,none,AMENDING
32021D1015,2021-06-17,2021,EN 60335-2-17:2013,IEC,inferred-60000,none,AMENDING
32021D1015,2021-06-17,2021,EN 60335-2-17:2013,IEC,inferred-60000,none,AMENDING
32021D1015,2021-06-17,2021,EN 60335-2-27:2013,IEC,inferred-60000,none,AMENDING
32021D1015,2021-06-17,2021,EN 60335-2-27:2013,IEC,inferred-60000,none,AMENDING
32021D1015,2021-06-17,2021,EN 60335-2-27:2013,IEC,inferred-60000,none,AMENDING
32021D1015,2021-06-17,2021,EN 60335-2-30:2009,IEC,inferred-60000,none,AMENDING
32021D1015,2021-06-17,2021,EN 60335-2-30:2009,IEC,inferred-60000,none,AMENDING
32021D1015,2021-06-17,2021,EN 60335-2-30:2009,IEC,inferred-60000,none,AMENDING
32021D1015,2021-06-17,2021,EN 60335-2-3:2016,IEC,inferred-60000,none,AMENDING
32021D1015,2021-06-17,2021,EN 60335-2-3:2016,IEC,inferred-60000,none,AMENDING
32021D1015,2021-06-17,2021,EN 60335-2-6:2015,IEC,inferred-60000,none,AMENDING
32021D1015,2021-06-17,2021,EN 60335-2-6:2015,IEC,inferred-60000,none,AMENDING
32021D1015,2021-06-17,2021,EN 60335-2-6:2015,IEC,inferred-60000,none,AMENDING
32021D1015,2021-06-17,2021,EN 60335-2-85:2003,IEC,inferred-60000,none,AMENDING
32021D1015,2021-06-17,2021,EN 60335-2-85:2003,IEC,inferred-60000,none,AMENDING
32021D1015,2021-06-17,2021,EN 60335-2-24:2010,IEC,inferred-60000,none,AMENDING
32021D1015,2021-06-17,2021,EN 60335-2-24:2010,IEC,inferred-60000,none,AMENDING
32021D1015,2021-06-17,2021,EN 60335-2-24:2010,IEC,inferred-60000,none,AMENDING
32021D1015,2021-06-17,2021,EN 60335-2-24:2010,IEC,inferred-60000,none,AMENDING
32021D1015,2021-06-17,2021,EN 60947-5-1:2017,IEC,inferred-60000,none,AMENDING
32021D1015,2021-06-17,2021,EN 60947-5-1:2017,IEC,inferred-60000,none,AMENDING
32021D1015,2021-06-17,2021,EN 61010-2-010:2014,IEC,inferred-60000,none,AMENDING
32021D1015,2021-06-17,2021,EN 61293:1994,IEC,inferred-60000,none,AMENDING
32021D1015,2021-06-17,2021,EN 60335-2-27:2013,IEC,inferred-60000,none,AMENDING
32021D1015,2021-06-17,2021,EN 60335-2-30:2009,IEC,inferred-60000,none,AMENDING
32021D1015,2021-06-17,2021,EN 60335-2-6:2015,IEC,inferred-60000,none,AMENDING
32021D1015,2021-06-17,2021,EN 60335-2-17:2013,IEC,inferred-60000,withdrawal,AMENDING
32021D1015,2021-06-17,2021,EN 60335-2-85:2003,IEC,inferred-60000,withdrawal,AMENDING
32021D1015,2021-06-17,2021,EN 60947-5-1:2017,IEC,inferred-60000,withdrawal,AMENDING
32021D1015,2021-06-17,2021,EN IEC 61010-2-010:2020,IEC,explicit,withdrawal,AMENDING
32021D1015,2021-06-17,2021,EN IEC 61293:2020,IEC,explicit,withdrawal,AMENDING
32021D1015,2021-06-17,2021,EN 60335-2-17:2013,IEC,inferred-60000,withdrawal,AMENDING
32021D1015,2021-06-17,2021,EN 60335-2-17:2013,IEC,inferred-60000,withdrawal,AMENDING
32021D1015,2021-06-17,2021,EN 60335-2-27:2013,IEC,inferred-60000,withdrawal,AMENDING
32021D1015,2021-06-17,2021,EN 60335-2-27:2013,IEC,inferred-60000,withdrawal,AMENDING
32021D1015,2021-06-17,2021,EN 60335-2-27:2013,IEC,inferred-60000,withdrawal,AMENDING
32021D1015,2021-06-17,2021,EN 60335-2-30:2009,IEC,inferred-60000,withdrawal,AMENDING
32021D1015,2021-06-17,2021,EN 60335-2-30:2009,IEC,inferred-60000,withdrawal,AMENDING
32021D1015,2021-06-17,2021,EN 60335-2-30:2009,IEC,inferred-60000,withdrawal,AMENDING
32021D1015,2021-06-17,2021,EN 60335-2-6:2015,IEC,inferred-60000,withdrawal,AMENDING
32021D1015,2021-06-17,2021,EN 60335-2-6:2015,IEC,inferred-60000,withdrawal,AMENDING
32021D1015,2021-06-17,2021,EN 60335-2-6:2015,IEC,inferred-60000,withdrawal,AMENDING
32021D1015,2021-06-17,2021,EN 60335-2-85:2003,IEC,inferred-60000,withdrawal,AMENDING
32021D1015,2021-06-17,2021,EN 60335-2-85:2003,IEC,inferred-60000,withdrawal,AMENDING
32021D1015,2021-06-17,2021,EN 60947-5-1:2017,IEC,inferred-60000,withdrawal,AMENDING
32021D1015,2021-06-17,2021,EN 60947-5-1:2017,IEC,inferred-60000,withdrawal,AMENDING
32021D1015,2021-06-17,2021,EN 61010-2-010:2014,IEC,inferred-60000,withdrawal,AMENDING
32021D1015,2021-06-17,2021,EN 61293:1994,IEC,inferred-60000,withdrawal,AMENDING
32021D1015,2021-06-17,2021,EN 60335-2-27:2013,IEC,inferred-60000,withdrawal,AMENDING
32021D1015,2021-06-17,2021,EN 60335-2-30:2009,IEC,inferred-60000,withdrawal,AMENDING
32021D1015,2021-06-17,2021,EN 60335-2-6:2015,IEC,inferred-60000,withdrawal,AMENDING
32021D1015,2021-06-17,2021,EN 60335-2-85:2003,IEC,inferred-60000,withdrawal,AMENDING
32021D1015,2021-06-17,2021,EN 60335-2-17:2013,IEC,inferred-60000,withdrawal,AMENDING
32021D1015,2021-06-17,2021,EN 60947-5-1:2017,IEC,inferred-60000,withdrawal,AMENDING
32021D1015,2021-06-17,2021,EN 61010-2-081:2015,IEC,inferred-60000,withdrawal,AMENDING
32021D1015,2021-06-17,2021,EN IEC 61010-2-081:2020,IEC,explicit,withdrawal,AMENDING
32021D1015,2021-06-17,2021,EN 60335-2-3:2016,IEC,inferred-60000,withdrawal,AMENDING
32021D1015,2021-06-17,2021,EN 60335-2-3:2016,IEC,inferred-60000,withdrawal,AMENDING
32021D1015,2021-06-17,2021,EN 60335-2-3:2016,IEC,inferred-60000,withdrawal,AMENDING
32021D1015,2021-06-17,2021,EN 60664-1:2007,IEC,inferred-60000,withdrawal,AMENDING
32021D1015,2021-06-17,2021,EN 60051-1:1998,IEC,inferred-60000,withdrawal,AMENDING
32021D1015,2021-06-17,2021,EN 60127-3:1996,IEC,inferred-60000,withdrawal,AMENDING
32021D1015,2021-06-17,2021,EN 60664-3:2003,IEC,inferred-60000,withdrawal,AMENDING
32021D1015,2021-06-17,2021,EN 60695-10-3:2002,IEC,inferred-60000,withdrawal,AMENDING
32021D1015,2021-06-17,2021,EN 60695-11-2:2014,IEC,inferred-60000,withdrawal,AMENDING
32021D1015,2021-06-17,2021,EN 60695-11-5:2005,IEC,inferred-60000,withdrawal,AMENDING
32021D1015,2021-06-17,2021,EN ISO 11252:2013,ISO,explicit,withdrawal,AMENDING
32021D1015,2021-06-17,2021,EN 60664-4:2006,IEC,inferred-60000,withdrawal,AMENDING
32021D1015,2021-06-17,2021,EN 60695-2-10:2013,IEC,inferred-60000,withdrawal,AMENDING
32021D1015,2021-06-17,2021,EN 60695-2-11:2014,IEC,inferred-60000,withdrawal,AMENDING
32021D1015,2021-06-17,2021,EN 60695-10-2:2014,IEC,inferred-60000,withdrawal,AMENDING
32021D1015,2021-06-17,2021,EN 60695-11-3:2012,IEC,inferred-60000,withdrawal,AMENDING
32021D1015,2021-06-17,2021,EN 60695-11-4:2011,IEC,inferred-60000,withdrawal,AMENDING
32021D1015,2021-06-17,2021,EN 60695-11-10:2013,IEC,inferred-60000,withdrawal,AMENDING
32021D1015,2021-06-17,2021,EN 60695-11-20:2015,IEC,inferred-60000,withdrawal,AMENDING
32021D1015,2021-06-17,2021,EN 61010-2-091:2012,IEC,inferred-60000,withdrawal,AMENDING
32021D1015,2021-06-17,2021,EN 61557-8:2015,IEC,inferred-60000,withdrawal,AMENDING
32021D1015,2021-06-17,2021,EN 61557-15:2014,IEC,inferred-60000,withdrawal,AMENDING
32021D1015,2021-06-17,2021,EN 61557-16:2015,IEC,inferred-60000,withdrawal,AMENDING
32021D1015,2021-06-17,2021,EN 50288-2-1:2013,CENELEC,number,withdrawal,AMENDING
32021D1015,2021-06-17,2021,EN 50288-2-2:2013,CENELEC,number,withdrawal,AMENDING
32021D1015,2021-06-17,2021,EN 50288-3-1:2013,CENELEC,number,withdrawal,AMENDING
32021D1015,2021-06-17,2021,EN 50288-3-2:2013,CENELEC,number,withdrawal,AMENDING
32021D1015,2021-06-17,2021,EN 50288-4-1:2013,CENELEC,number,withdrawal,AMENDING
32021D1015,2021-06-17,2021,EN 50288-4-2:2013,CENELEC,number,withdrawal,AMENDING
32021D1015,2021-06-17,2021,EN 50288-5-1:2013,CENELEC,number,withdrawal,AMENDING
32021D1015,2021-06-17,2021,EN 50288-5-2:2013,CENELEC,number,withdrawal,AMENDING
32021D1015,2021-06-17,2021,EN 50288-6-1:2013,CENELEC,number,withdrawal,AMENDING
32021D1015,2021-06-17,2021,EN 50288-6-2:2013,CENELEC,number,withdrawal,AMENDING
32021D1015,2021-06-17,2021,EN 50288-10-2:2015,CENELEC,number,withdrawal,AMENDING
32021D1015,2021-06-17,2021,EN 50288-11-2:2015,CENELEC,number,withdrawal,AMENDING
32021D1015,2021-06-17,2021,EN 62493:2010,IEC,inferred-60000,withdrawal,AMENDING
32021D1015,2021-06-17,2021,EN 50288-1:2013,CENELEC,number,withdrawal,AMENDING
32021D1015,2021-06-17,2021,EN 61010-2-061:2015,IEC,inferred-60000,withdrawal,AMENDING
32021D1015,2021-06-17,2021,EN 61230:2008,IEC,inferred-60000,withdrawal,AMENDING
32021D1015,2021-06-17,2021,EN 62026-7:2013,IEC,inferred-60000,withdrawal,AMENDING
32021D1015,2021-06-17,2021,EN 50178:1997,CENELEC,number,withdrawal,AMENDING
32021D1015,2021-06-17,2021,EN 50178:1997,CENELEC,number,withdrawal,AMENDING
32021D1015,2021-06-17,2021,EN 50178:1997,CENELEC,number,withdrawal,AMENDING
32021D1015,2021-06-17,2021,EN 62477-1:2012,IEC,inferred-60000,withdrawal,AMENDING
32021D1015,2021-06-17,2021,EN 62477-1:2012,IEC,inferred-60000,withdrawal,AMENDING
32021D1015,2021-06-17,2021,EN 62477-1:2012,IEC,inferred-60000,withdrawal,AMENDING
32021D1015,2021-06-17,2021,EN 50178:1997,CENELEC,number,withdrawal,AMENDING
32021D1015,2021-06-17,2021,EN 60335-2-24:2010,IEC,inferred-60000,addition,AMENDING
32021D1015,2021-06-17,2021,EN 60335-2-85:2003,IEC,inferred-60000,addition,AMENDING
32021D1015,2021-06-17,2021,EN 60335-2-85:2003,IEC,inferred-60000,addition,AMENDING
32021D1015,2021-06-17,2021,EN 60335-2-85:2003,IEC,inferred-60000,addition,AMENDING
32021D1015,2021-06-17,2021,EN 60335-2-85:2003,IEC,inferred-60000,addition,AMENDING
32021D1015,2021-06-17,2021,EN 60947-5-1:2017,IEC,inferred-60000,addition,AMENDING
32021D1015,2021-06-17,2021,EN 60947-5-1:2017,IEC,inferred-60000,addition,AMENDING
32021D1015,2021-06-17,2021,EN 60335-2-17:2013,IEC,inferred-60000,addition,AMENDING
32021D1015,2021-06-17,2021,EN 60335-2-17:2013,IEC,inferred-60000,addition,AMENDING
32021D1015,2021-06-17,2021,EN 60335-2-17:2013,IEC,inferred-60000,addition,AMENDING
32021D1015,2021-06-17,2021,EN IEC 61010-2-010:2020,IEC,explicit,addition,AMENDING
32021D1015,2021-06-17,2021,EN IEC 61010-2-081:2020,IEC,explicit,addition,AMENDING
32021D1015,2021-06-17,2021,EN IEC 61293:2020,IEC,explicit,addition,AMENDING
32021D1015,2021-06-17,2021,EN 60335-2-27:2013,IEC,inferred-60000,addition,AMENDING
32021D1015,2021-06-17,2021,EN 60335-2-27:2013,IEC,inferred-60000,addition,AMENDING
32021D1015,2021-06-17,2021,EN 60335-2-27:2013,IEC,inferred-60000,addition,AMENDING
32021D1015,2021-06-17,2021,EN 60335-2-3:2016,IEC,inferred-60000,addition,AMENDING
32021D1015,2021-06-17,2021,EN 60335-2-3:2016,IEC,inferred-60000,addition,AMENDING
32021D1015,2021-06-17,2021,EN 60335-2-30:2009,IEC,inferred-60000,addition,AMENDING
32021D1015,2021-06-17,2021,EN 60335-2-30:2009,IEC,inferred-60000,addition,AMENDING
32021D1015,2021-06-17,2021,EN 60335-2-30:2009,IEC,inferred-60000,addition,AMENDING
32021D1015,2021-06-17,2021,EN 60335-2-30:2009,IEC,inferred-60000,addition,AMENDING
32021D1015,2021-06-17,2021,EN 60335-2-30:2009,IEC,inferred-60000,addition,AMENDING
32021D1015,2021-06-17,2021,EN 60335-2-30:2009,IEC,inferred-60000,addition,AMENDING
32021D1015,2021-06-17,2021,EN 60335-2-6:2015,IEC,inferred-60000,addition,AMENDING
32021D1015,2021-06-17,2021,EN 60335-2-6:2015,IEC,inferred-60000,addition,AMENDING
32021D1015,2021-06-17,2021,EN 60335-2-6:2015,IEC,inferred-60000,addition,AMENDING
32021D1015,2021-06-17,2021,EN 60335-2-24:2010,IEC,inferred-60000,addition,AMENDING
32021D1015,2021-06-17,2021,EN 60335-2-24:2010,IEC,inferred-60000,addition,AMENDING
32021D1015,2021-06-17,2021,EN 60335-2-24:2010,IEC,inferred-60000,addition,AMENDING
32021D1015,2021-06-17,2021,EN 60335-2-24:2010,IEC,inferred-60000,addition,AMENDING
32021D1015,2021-06-17,2021,EN 50288-1:2013,CENELEC,number,addition,AMENDING
32021D1015,2021-06-17,2021,EN 50288-2-1:2013,CENELEC,number,addition,AMENDING
32021D1015,2021-06-17,2021,EN 50288-2-2:2013,CENELEC,number,addition,AMENDING
32021D1015,2021-06-17,2021,EN 50288-3-1:2013,CENELEC,number,addition,AMENDING
32021D1015,2021-06-17,2021,EN 50288-3-2:2013,CENELEC,number,addition,AMENDING
32021D1015,2021-06-17,2021,EN 50288-4-1:2013,CENELEC,number,addition,AMENDING
32021D1015,2021-06-17,2021,EN 50288-4-2:2013,CENELEC,number,addition,AMENDING
32021D1015,2021-06-17,2021,EN 50288-5-1:2013,CENELEC,number,addition,AMENDING
32021D1015,2021-06-17,2021,EN 50288-5-2:2013,CENELEC,number,addition,AMENDING
32021D1015,2021-06-17,2021,EN 50288-6-1:2013,CENELEC,number,addition,AMENDING
32021D1015,2021-06-17,2021,EN 50288-6-2:2013,CENELEC,number,addition,AMENDING
32021D1015,2021-06-17,2021,EN 50288-10-2:2015,CENELEC,number,addition,AMENDING
32021D1015,2021-06-17,2021,EN 50288-11-2:2015,CENELEC,number,addition,AMENDING
32021D1015,2021-06-17,2021,EN 60051-1:1998,IEC,inferred-60000,addition,AMENDING
32021D1015,2021-06-17,2021,EN 60127-3:1996,IEC,inferred-60000,addition,AMENDING
32021D1015,2021-06-17,2021,EN 60127-3:1996,IEC,inferred-60000,addition,AMENDING
32021D1015,2021-06-17,2021,EN 60127-3:1996,IEC,inferred-60000,addition,AMENDING
32021D1015,2021-06-17,2021,EN 60664-1:2007,IEC,inferred-60000,addition,AMENDING
32021D1015,2021-06-17,2021,EN 60664-4:2006,IEC,inferred-60000,addition,AMENDING
32021D1015,2021-06-17,2021,EN 60664-4:2006,IEC,inferred-60000,addition,AMENDING
32021D1015,2021-06-17,2021,EN 60695-2-10:2013,IEC,inferred-60000,addition,AMENDING
32021D1015,2021-06-17,2021,EN 60695-2-11:2014,IEC,inferred-60000,addition,AMENDING
32021D1015,2021-06-17,2021,EN 60695-10-2:2014,IEC,inferred-60000,addition,AMENDING
32021D1015,2021-06-17,2021,EN 60695-10-3:2002,IEC,inferred-60000,addition,AMENDING
32021D1015,2021-06-17,2021,EN 60695-11-2:2014,IEC,inferred-60000,addition,AMENDING
32021D1015,2021-06-17,2021,EN 60695-11-3:2012,IEC,inferred-60000,addition,AMENDING
32021D1015,2021-06-17,2021,EN 60695-11-4:2011,IEC,inferred-60000,addition,AMENDING
32021D1015,2021-06-17,2021,EN 60695-11-5:2005,IEC,inferred-60000,addition,AMENDING
32021D1015,2021-06-17,2021,EN 60695-11-10:2013,IEC,inferred-60000,addition,AMENDING
32021D1015,2021-06-17,2021,EN 60695-11-10:2013,IEC,inferred-60000,addition,AMENDING
32021D1015,2021-06-17,2021,EN 60695-11-20:2015,IEC,inferred-60000,addition,AMENDING
32021D1015,2021-06-17,2021,EN 60695-11-20:2015,IEC,inferred-60000,addition,AMENDING
32021D1015,2021-06-17,2021,EN 61010-2-061:2015,IEC,inferred-60000,addition,AMENDING
32021D1015,2021-06-17,2021,EN 61010-2-091:2012,IEC,inferred-60000,addition,AMENDING
32021D1015,2021-06-17,2021,EN 61010-2-091:2012,IEC,inferred-60000,addition,AMENDING
32021D1015,2021-06-17,2021,EN 61230:2008,IEC,inferred-60000,addition,AMENDING
32021D1015,2021-06-17,2021,EN 61557-8:2015,IEC,inferred-60000,addition,AMENDING
32021D1015,2021-06-17,2021,EN 61557-15:2014,IEC,inferred-60000,addition,AMENDING
32021D1015,2021-06-17,2021,EN 61557-16:2015,IEC,inferred-60000,addition,AMENDING
32021D1015,2021-06-17,2021,EN 62026-7:2013,IEC,inferred-60000,addition,AMENDING
32021D1015,2021-06-17,2021,EN 60664-3:2003,IEC,inferred-60000,addition,AMENDING
32021D1015,2021-06-17,2021,EN 60664-3:2003,IEC,inferred-60000,addition,AMENDING
32021D1015,2021-06-17,2021,EN 60664-1:2007,IEC,inferred-60000,addition,AMENDING
32021D1015,2021-06-17,2021,EN ISO 11252:2013,ISO,explicit,addition,AMENDING
32021D1015,2021-06-17,2021,EN 61010-2-081:2015,IEC,inferred-60000,addition,AMENDING
32021D1015,2021-06-17,2021,EN 60335-2-3:2016,IEC,inferred-60000,addition,AMENDING
32021D1015,2021-06-17,2021,EN 50178:1997,CENELEC,number,addition,AMENDING
32021D1015,2021-06-17,2021,EN 61010-2-010:2014,IEC,inferred-60000,addition,AMENDING
32021D1015,2021-06-17,2021,EN 61293:1994,IEC,inferred-60000,addition,AMENDING
32021D1015,2021-06-17,2021,EN 60335-2-27:2013,IEC,inferred-60000,addition,AMENDING
32021D1015,2021-06-17,2021,EN 60335-2-30:2009,IEC,inferred-60000,addition,AMENDING
32021D1015,2021-06-17,2021,EN 60335-2-30:2009,IEC,inferred-60000,addition,AMENDING
32021D1015,2021-06-17,2021,EN 60335-2-30:2009,IEC,inferred-60000,addition,AMENDING
32021D1015,2021-06-17,2021,EN 60335-2-30:2009,IEC,inferred-60000,addition,AMENDING
32021D1015,2021-06-17,2021,EN 60335-2-6:2015,IEC,inferred-60000,addition,AMENDING
32021D1182,2021-07-16,2021,EN ISO 11135:2014,ISO,explicit,none,FULL_LIST
32021D1182,2021-07-16,2021,EN ISO 11137-1:2015,ISO,explicit,none,FULL_LIST
32021D1182,2021-07-16,2021,EN ISO 11737-2:2009,ISO,explicit,none,FULL_LIST
32021D1182,2021-07-16,2021,EN ISO 25424:2011,ISO,explicit,none,FULL_LIST
32021D1182,2021-07-16,2021,EN ISO 11737-2:2020,ISO,explicit,none,FULL_LIST
32021D1182,2021-07-16,2021,EN ISO 25424:2019,ISO,explicit,none,FULL_LIST
32021D1182,2021-07-16,2021,EN ISO 11135:2014,ISO,explicit,none,FULL_LIST
32021D1182,2021-07-16,2021,EN ISO 11135:2014,ISO,explicit,none,FULL_LIST
32021D1182,2021-07-16,2021,EN ISO 11137-1:2015,ISO,explicit,none,FULL_LIST
32021D1182,2021-07-16,2021,EN ISO 11137-1:2015,ISO,explicit,none,FULL_LIST
32021D1182,2021-07-16,2021,EN ISO 10993-23:2021,ISO,explicit,none,FULL_LIST
32021D1182,2021-07-16,2021,EN ISO 10993-23:2021,ISO,explicit,none,FULL_LIST
32021D1182,2021-07-16,2021,EN ISO 11737-2:2020,ISO,explicit,none,FULL_LIST
32021D1182,2021-07-16,2021,EN ISO 25424:2019,ISO,explicit,none,FULL_LIST
32021D1182,2021-07-16,2021,EN ISO 11135:2014,ISO,explicit,none,FULL_LIST
32021D1182,2021-07-16,2021,EN ISO 11135:2014,ISO,explicit,none,FULL_LIST
32021D1182,2021-07-16,2021,EN ISO 11137-1:2015,ISO,explicit,none,FULL_LIST
32021D1182,2021-07-16,2021,EN ISO 11137-1:2015,ISO,explicit,none,FULL_LIST
32021D1182,2021-07-16,2021,EN ISO 10993-23:2021,ISO,explicit,none,FULL_LIST
32021D1182,2021-07-16,2021,EN ISO 11135:2014,ISO,explicit,none,FULL_LIST
32021D1182,2021-07-16,2021,EN ISO 11135:2014,ISO,explicit,none,FULL_LIST
32021D1182,2021-07-16,2021,EN ISO 11137-1:2015,ISO,explicit,none,FULL_LIST
32021D1182,2021-07-16,2021,EN ISO 11137-1:2015,ISO,explicit,none,FULL_LIST
32021D1182,2021-07-16,2021,EN ISO 11737-2:2020,ISO,explicit,none,FULL_LIST
32021D1182,2021-07-16,2021,EN ISO 25424:2019,ISO,explicit,none,FULL_LIST
32021D1201,2021-07-16,2021,EN 352-9:2020,CEN,number,none,AMENDING
32021D1201,2021-07-16,2021,EN 352-10:2020,CEN,number,none,AMENDING
32021D1201,2021-07-16,2021,EN 352-1:2002,CEN,number,none,AMENDING
32021D1201,2021-07-16,2021,EN 352-2:2002,CEN,number,none,AMENDING
32021D1201,2021-07-16,2021,EN 352-3:2002,CEN,number,none,AMENDING
32021D1201,2021-07-16,2021,EN 352-4:2001,CEN,number,none,AMENDING
32021D1201,2021-07-16,2021,EN 352-4:2001,CEN,number,none,AMENDING
32021D1201,2021-07-16,2021,EN 352-5:2002,CEN,number,none,AMENDING
32021D1201,2021-07-16,2021,EN 352-5:2002,CEN,number,none,AMENDING
32021D1201,2021-07-16,2021,EN 352-6:2002,CEN,number,none,AMENDING
32021D1201,2021-07-16,2021,EN 352-7:2002,CEN,number,none,AMENDING
32021D1201,2021-07-16,2021,EN 352-8:2008,CEN,number,none,AMENDING
32021D1201,2021-07-16,2021,EN 352-1:2020,CEN,number,none,AMENDING
32021D1201,2021-07-16,2021,EN 352-2:2020,CEN,number,none,AMENDING
32021D1201,2021-07-16,2021,EN 352-3:2020,CEN,number,none,AMENDING
32021D1201,2021-07-16,2021,EN 352-4:2020,CEN,number,none,AMENDING
32021D1201,2021-07-16,2021,EN 352-5:2020,CEN,number,none,AMENDING
32021D1201,2021-07-16,2021,EN 352-6:2020,CEN,number,none,AMENDING
32021D1201,2021-07-16,2021,EN 352-7:2020,CEN,number,none,AMENDING
32021D1201,2021-07-16,2021,EN 352-8:2020,CEN,number,none,AMENDING
32021D1201,2021-07-16,2021,EN 352-4:2020,CEN,number,none,AMENDING
32021D1201,2021-07-16,2021,EN 352-5:2020,CEN,number,none,AMENDING
32021D1201,2021-07-16,2021,EN 352-6:2020,CEN,number,none,AMENDING
32021D1201,2021-07-16,2021,EN 352-7:2020,CEN,number,none,AMENDING
32021D1201,2021-07-16,2021,EN 352-8:2020,CEN,number,none,AMENDING
32021D1201,2021-07-16,2021,EN 352-9:2020,CEN,number,none,AMENDING
32021D1201,2021-07-16,2021,EN 352-10:2020,CEN,number,none,AMENDING
32021D1201,2021-07-16,2021,EN 352-1:2020,CEN,number,none,AMENDING
32021D1201,2021-07-16,2021,EN 352-2:2020,CEN,number,none,AMENDING
32021D1201,2021-07-16,2021,EN 352-3:2020,CEN,number,none,AMENDING
32021D1201,2021-07-16,2021,EN 352-1:2002,CEN,number,none,AMENDING
32021D1201,2021-07-16,2021,EN 352-2:2002,CEN,number,none,AMENDING
32021D1201,2021-07-16,2021,EN 352-3:2002,CEN,number,none,AMENDING
32021D1201,2021-07-16,2021,EN 352-4:2001,CEN,number,none,AMENDING
32021D1201,2021-07-16,2021,EN 352-4:2001,CEN,number,none,AMENDING
32021D1201,2021-07-16,2021,EN 352-5:2002,CEN,number,none,AMENDING
32021D1201,2021-07-16,2021,EN 352-5:2002,CEN,number,none,AMENDING
32021D1201,2021-07-16,2021,EN 352-6:2002,CEN,number,none,AMENDING
32021D1201,2021-07-16,2021,EN 352-7:2002,CEN,number,none,AMENDING
32021D1201,2021-07-16,2021,EN 352-8:2008,CEN,number,none,AMENDING
32021D1201,2021-07-16,2021,EN 352-1:2020,CEN,number,withdrawal,AMENDING
32021D1201,2021-07-16,2021,EN 352-2:2020,CEN,number,withdrawal,AMENDING
32021D1201,2021-07-16,2021,EN 352-3:2020,CEN,number,withdrawal,AMENDING
32021D1201,2021-07-16,2021,EN 352-4:2020,CEN,number,addition,AMENDING
32021D1201,2021-07-16,2021,EN 352-5:2020,CEN,number,addition,AMENDING
32021D1201,2021-07-16,2021,EN 352-6:2020,CEN,number,addition,AMENDING
32021D1201,2021-07-16,2021,EN 352-7:2020,CEN,number,addition,AMENDING
32021D1201,2021-07-16,2021,EN 352-8:2020,CEN,number,addition,AMENDING
32021D1201,2021-07-16,2021,EN 352-9:2020,CEN,number,addition,AMENDING
32021D1201,2021-07-16,2021,EN 352-10:2020,CEN,number,addition,AMENDING
32021D1201,2021-07-16,2021,EN 352-1:2002,CEN,number,addition,AMENDING
32021D1201,2021-07-16,2021,EN 352-2:2002,CEN,number,addition,AMENDING
32021D1201,2021-07-16,2021,EN 352-3:2002,CEN,number,addition,AMENDING
32021D1201,2021-07-16,2021,EN 352-4:2001,CEN,number,addition,AMENDING
32021D1201,2021-07-16,2021,EN 352-4:2001,CEN,number,addition,AMENDING
32021D1201,2021-07-16,2021,EN 352-5:2002,CEN,number,addition,AMENDING
32021D1201,2021-07-16,2021,EN 352-5:2002,CEN,number,addition,AMENDING
32021D1201,2021-07-16,2021,EN 352-6:2002,CEN,number,addition,AMENDING
32021D1201,2021-07-16,2021,EN 352-7:2002,CEN,number,addition,AMENDING
32021D1201,2021-07-16,2021,EN 352-8:2008,CEN,number,addition,AMENDING
32021D1201,2021-07-16,2021,EN 352-1:2020,CEN,number,addition,AMENDING
32021D1201,2021-07-16,2021,EN 352-2:2020,CEN,number,addition,AMENDING
32021D1201,2021-07-16,2021,EN 352-3:2020,CEN,number,addition,AMENDING
32021D1195,2021-07-19,2021,EN ISO 11135:2014,ISO,explicit,none,FULL_LIST
32021D1195,2021-07-19,2021,EN ISO 11137-1:2015,ISO,explicit,none,FULL_LIST
32021D1195,2021-07-19,2021,EN ISO 11737-2:2009,ISO,explicit,none,FULL_LIST
32021D1195,2021-07-19,2021,EN ISO 25424:2011,ISO,explicit,none,FULL_LIST
32021D1195,2021-07-19,2021,EN ISO 11737-2:2020,ISO,explicit,none,FULL_LIST
32021D1195,2021-07-19,2021,EN ISO 25424:2019,ISO,explicit,none,FULL_LIST
32021D1195,2021-07-19,2021,EN ISO 11135:2014,ISO,explicit,none,FULL_LIST
32021D1195,2021-07-19,2021,EN ISO 11135:2014,ISO,explicit,none,FULL_LIST
32021D1195,2021-07-19,2021,EN ISO 11137-1:2015,ISO,explicit,none,FULL_LIST
32021D1195,2021-07-19,2021,EN ISO 11137-1:2015,ISO,explicit,none,FULL_LIST
32021D1195,2021-07-19,2021,EN ISO 11737-2:2020,ISO,explicit,none,FULL_LIST
32021D1195,2021-07-19,2021,EN ISO 25424:2019,ISO,explicit,none,FULL_LIST
32021D1195,2021-07-19,2021,EN ISO 11135:2014,ISO,explicit,none,FULL_LIST
32021D1195,2021-07-19,2021,EN ISO 11135:2014,ISO,explicit,none,FULL_LIST
32021D1195,2021-07-19,2021,EN ISO 11137-1:2015,ISO,explicit,none,FULL_LIST
32021D1195,2021-07-19,2021,EN ISO 11137-1:2015,ISO,explicit,none,FULL_LIST
32021D1195,2021-07-19,2021,EN ISO 11135:2014,ISO,explicit,none,FULL_LIST
32021D1195,2021-07-19,2021,EN ISO 11135:2014,ISO,explicit,none,FULL_LIST
32021D1195,2021-07-19,2021,EN ISO 11137-1:2015,ISO,explicit,none,FULL_LIST
32021D1195,2021-07-19,2021,EN ISO 11137-1:2015,ISO,explicit,none,FULL_LIST
32021D1195,2021-07-19,2021,EN ISO 11737-2:2020,ISO,explicit,none,FULL_LIST
32021D1195,2021-07-19,2021,EN ISO 25424:2019,ISO,explicit,none,FULL_LIST
32021D1196,2021-07-19,2021,EN 303 258 V1.1.1,ETSI,spaced,none,AMENDING
32021D1196,2021-07-19,2021,EN 302 208 V3.1.1,ETSI,spaced,none,AMENDING
32021D1196,2021-07-19,2021,EN 302 609 V2.1.1,ETSI,spaced,none,AMENDING
32021D1196,2021-07-19,2021,EN 303 204 V2.1.2,ETSI,spaced,none,AMENDING
32021D1196,2021-07-19,2021,EN 302 066 V2.2.1,ETSI,spaced,none,AMENDING
32021D1196,2021-07-19,2021,EN 302 208 V3.3.1,ETSI,spaced,none,AMENDING
32021D1196,2021-07-19,2021,EN 302 609 V2.2.1,ETSI,spaced,none,AMENDING
32021D1196,2021-07-19,2021,EN 303 204 V3.1.1,ETSI,spaced,none,AMENDING
32021D1196,2021-07-19,2021,EN 303 276 V1.2.1,ETSI,spaced,none,AMENDING
32021D1196,2021-07-19,2021,EN 303 204 V3.1.1,ETSI,spaced,none,AMENDING
32021D1196,2021-07-19,2021,EN 303 276 V1.2.1,ETSI,spaced,none,AMENDING
32021D1196,2021-07-19,2021,EN 302 066 V2.2.1,ETSI,spaced,none,AMENDING
32021D1196,2021-07-19,2021,EN 302 208 V3.3.1,ETSI,spaced,none,AMENDING
32021D1196,2021-07-19,2021,EN 302 609 V2.2.1,ETSI,spaced,none,AMENDING
32021D1196,2021-07-19,2021,EN 303 258 V1.1.1,ETSI,spaced,none,AMENDING
32021D1196,2021-07-19,2021,EN 303 204 V3.1.1,ETSI,spaced,none,AMENDING
32021D1196,2021-07-19,2021,EN 303 276 V1.2.1,ETSI,spaced,none,AMENDING
32021D1196,2021-07-19,2021,EN 302 066 V2.2.1,ETSI,spaced,none,AMENDING
32021D1196,2021-07-19,2021,EN 302 208 V3.3.1,ETSI,spaced,none,AMENDING
32021D1196,2021-07-19,2021,EN 302 609 V2.2.1,ETSI,spaced,none,AMENDING
32021D1196,2021-07-19,2021,EN 303 258 V1.1.1,ETSI,spaced,none,AMENDING
32021D1196,2021-07-19,2021,EN 302 066-2 V1.2.1,ETSI,spaced,none,AMENDING
32021D1196,2021-07-19,2021,EN 302 208 V3.1.1,ETSI,spaced,none,AMENDING
32021D1196,2021-07-19,2021,EN 302 609 V2.1.1,ETSI,spaced,none,AMENDING
32021D1196,2021-07-19,2021,EN 303 204 V2.1.2,ETSI,spaced,none,AMENDING
32021D1196,2021-07-19,2021,EN 303 276 V1.1.1,ETSI,spaced,none,AMENDING
32021D1196,2021-07-19,2021,EN 302 066 V2.2.1,ETSI,spaced,withdrawal,AMENDING
32021D1196,2021-07-19,2021,EN 302 208 V3.3.1,ETSI,spaced,withdrawal,AMENDING
32021D1196,2021-07-19,2021,EN 302 609 V2.2.1,ETSI,spaced,withdrawal,AMENDING
32021D1196,2021-07-19,2021,EN 303 204 V3.1.1,ETSI,spaced,withdrawal,AMENDING
32021D1196,2021-07-19,2021,EN 303 276 V1.2.1,ETSI,spaced,withdrawal,AMENDING
32021D1196,2021-07-19,2021,EN 302 066-2 V1.2.1,ETSI,spaced,withdrawal,AMENDING
32021D1196,2021-07-19,2021,EN 302 208 V3.1.1,ETSI,spaced,withdrawal,AMENDING
32021D1196,2021-07-19,2021,EN 302 609 V2.1.1,ETSI,spaced,withdrawal,AMENDING
32021D1196,2021-07-19,2021,EN 303 204 V2.1.2,ETSI,spaced,withdrawal,AMENDING
32021D1196,2021-07-19,2021,EN 303 276 V1.1.1,ETSI,spaced,withdrawal,AMENDING
32021D1196,2021-07-19,2021,EN 303 204 V3.1.1,ETSI,spaced,addition,AMENDING
32021D1196,2021-07-19,2021,EN 303 276 V1.2.1,ETSI,spaced,addition,AMENDING
32021D1196,2021-07-19,2021,EN 302 066 V2.2.1,ETSI,spaced,addition,AMENDING
32021D1196,2021-07-19,2021,EN 302 208 V3.3.1,ETSI,spaced,addition,AMENDING
32021D1196,2021-07-19,2021,EN 302 609 V2.2.1,ETSI,spaced,addition,AMENDING
32021D1196,2021-07-19,2021,EN 303 258 V1.1.1,ETSI,spaced,addition,AMENDING
32021D1196,2021-07-19,2021,EN 302 066-2 V1.2.1,ETSI,spaced,addition,AMENDING
32021D1196,2021-07-19,2021,EN 302 208 V3.1.1,ETSI,spaced,addition,AMENDING
32021D1196,2021-07-19,2021,EN 302 609 V2.1.1,ETSI,spaced,addition,AMENDING
32021D1196,2021-07-19,2021,EN 303 204 V2.1.2,ETSI,spaced,addition,AMENDING
32021D1196,2021-07-19,2021,EN 303 276 V1.1.1,ETSI,spaced,addition,AMENDING
32021D1220,2021-07-26,2021,EN 81-72:2015,CEN,number,none,AMENDING
32021D1220,2021-07-26,2021,EN 81-73:2016,CEN,number,none,AMENDING
32021D1220,2021-07-26,2021,EN 81-72:2020,CEN,number,none,AMENDING
32021D1220,2021-07-26,2021,EN 81-73:2020,CEN,number,none,AMENDING
32021D1220,2021-07-26,2021,EN 81-72:2015,CEN,number,none,AMENDING
32021D1220,2021-07-26,2021,EN 81-73:2016,CEN,number,none,AMENDING
32021D1220,2021-07-26,2021,EN 81-72:2020,CEN,number,none,AMENDING
32021D1220,2021-07-26,2021,EN 81-73:2020,CEN,number,none,AMENDING
32021D1220,2021-07-26,2021,EN 81-72:2020,CEN,number,none,AMENDING
32021D1220,2021-07-26,2021,EN 81-73:2020,CEN,number,none,AMENDING
32021D1220,2021-07-26,2021,EN 81-72:2020,CEN,number,none,AMENDING
32021D1220,2021-07-26,2021,EN 81-73:2020,CEN,number,none,AMENDING
32021D1220,2021-07-26,2021,EN 81-72:2015,CEN,number,none,AMENDING
32021D1220,2021-07-26,2021,EN 81-73:2016,CEN,number,none,AMENDING
32021D1220,2021-07-26,2021,EN 81-72:2015,CEN,number,none,AMENDING
32021D1220,2021-07-26,2021,EN 81-73:2016,CEN,number,none,AMENDING
32021D1220,2021-07-26,2021,EN 81-72:2020,CEN,number,none,AMENDING
32021D1220,2021-07-26,2021,EN 81-73:2020,CEN,number,none,AMENDING
32021D1220,2021-07-26,2021,EN 81-72:2015,CEN,number,none,AMENDING
32021D1220,2021-07-26,2021,EN 81-73:2016,CEN,number,none,AMENDING
32021D1220,2021-07-26,2021,EN 81-72:2020,CEN,number,addition,AMENDING
32021D1220,2021-07-26,2021,EN 81-73:2020,CEN,number,addition,AMENDING
32021D1402,2021-08-25,2021,EN 1359:2017,CEN,number,none,FULL_LIST
32021D1402,2021-08-25,2021,EN 12261:2018,CEN,number,none,FULL_LIST
32021D1402,2021-08-25,2021,EN 12405-1:2018,CEN,number,none,FULL_LIST
32021D1402,2021-08-25,2021,EN 14236:2018,CEN,number,none,FULL_LIST
32021D1402,2021-08-25,2021,EN 1359:2017,CEN,number,none,FULL_LIST
32021D1402,2021-08-25,2021,EN 12261:2018,CEN,number,none,FULL_LIST
32021D1402,2021-08-25,2021,EN 12405-1:2018,CEN,number,none,FULL_LIST
32021D1402,2021-08-25,2021,EN 14236:2018,CEN,number,none,FULL_LIST
32021D1402,2021-08-25,2021,EN 1359:2017,CEN,number,none,FULL_LIST
32021D1402,2021-08-25,2021,EN 12261:2018,CEN,number,none,FULL_LIST
32021D1402,2021-08-25,2021,EN 12405-1:2018,CEN,number,none,FULL_LIST
32021D1402,2021-08-25,2021,EN 14236:2018,CEN,number,none,FULL_LIST
32021D1402,2021-08-25,2021,EN 1359:2017,CEN,number,none,FULL_LIST
32021D1402,2021-08-25,2021,EN 12261:2018,CEN,number,none,FULL_LIST
32021D1402,2021-08-25,2021,EN 12405-1:2018,CEN,number,none,FULL_LIST
32021D1402,2021-08-25,2021,EN 14236:2018,CEN,number,none,FULL_LIST
32021D1402,2021-08-25,2021,EN 1359:1998,CEN,number,none,FULL_LIST
32021D1402,2021-08-25,2021,EN 12261:2002,CEN,number,none,FULL_LIST
32021D1402,2021-08-25,2021,EN 12405-1:2005+A2:2010,CEN,number,none,FULL_LIST
32021D1402,2021-08-25,2021,EN 14236:2007,CEN,number,none,FULL_LIST
32021D1402,2021-08-25,2021,EN 14154-1:2005+A2:2011,CEN,number,none,FULL_LIST
32021D1402,2021-08-25,2021,EN 14154-2:2005+A2:2011,CEN,number,none,FULL_LIST
32021D1402,2021-08-25,2021,EN 14154-3:2005+A2:2011,CEN,number,none,FULL_LIST
32021D1402,2021-08-25,2021,EN 1359:2017,CEN,number,withdrawal,FULL_LIST
32021D1402,2021-08-25,2021,EN ISO 4892-3:2016,ISO,explicit,withdrawal,FULL_LIST
32021D1402,2021-08-25,2021,EN 12261:2018,CEN,number,withdrawal,FULL_LIST
32021D1402,2021-08-25,2021,EN 10204:2004,CEN,number,withdrawal,FULL_LIST
32021D1402,2021-08-25,2021,EN 60079-0:2018,IEC,inferred-60000,withdrawal,FULL_LIST
32021D1402,2021-08-25,2021,EN 60079-0:2018,IEC,inferred-60000,withdrawal,FULL_LIST
32021D1402,2021-08-25,2021,EN 60079-11:2012,IEC,inferred-60000,withdrawal,FULL_LIST
32021D1402,2021-08-25,2021,EN 60529:1991,IEC,inferred-60000,withdrawal,FULL_LIST
32021D1402,2021-08-25,2021,EN 60529:1991,IEC,inferred-60000,withdrawal,FULL_LIST
32021D1402,2021-08-25,2021,EN 60947-5-6:2000,IEC,inferred-60000,withdrawal,FULL_LIST
32021D1402,2021-08-25,2021,EN 62246-1:2015,IEC,inferred-60000,withdrawal,FULL_LIST
32021D1402,2021-08-25,2021,EN 12405-1:2018,CEN,number,withdrawal,FULL_LIST
32021D1402,2021-08-25,2021,EN 437:2021,CEN,number,withdrawal,FULL_LIST
32021D1402,2021-08-25,2021,EN 1776:2015,CEN,number,withdrawal,FULL_LIST
32021D1402,2021-08-25,2021,EN 55011:2016,CENELEC,number,withdrawal,FULL_LIST
32021D1402,2021-08-25,2021,EN 55011:2016,CENELEC,number,withdrawal,FULL_LIST
32021D1402,2021-08-25,2021,EN 60068-2-1:2007,IEC,inferred-60000,withdrawal,FULL_LIST
32021D1402,2021-08-25,2021,EN 60068-2-2:2007,IEC,inferred-60000,withdrawal,FULL_LIST
32021D1402,2021-08-25,2021,EN 60068-2-30:2005,IEC,inferred-60000,withdrawal,FULL_LIST
32021D1402,2021-08-25,2021,EN 60068-2-31:2008,IEC,inferred-60000,withdrawal,FULL_LIST
32021D1402,2021-08-25,2021,EN 60068-2-64:2008,IEC,inferred-60000,withdrawal,FULL_LIST
32021D1402,2021-08-25,2021,EN 60068-2-64:2008,IEC,inferred-60000,withdrawal,FULL_LIST
32021D1402,2021-08-25,2021,EN 60068-2-78:2013,IEC,inferred-60000,withdrawal,FULL_LIST
32021D1402,2021-08-25,2021,EN 60068-3-1:2011,IEC,inferred-60000,withdrawal,FULL_LIST
32021D1402,2021-08-25,2021,EN 60079-0:2018,IEC,inferred-60000,withdrawal,FULL_LIST
32021D1402,2021-08-25,2021,EN 60079-1:2014,IEC,inferred-60000,withdrawal,FULL_LIST
32021D1402,2021-08-25,2021,EN 60079-2:2014,IEC,inferred-60000,withdrawal,FULL_LIST
32021D1402,2021-08-25,2021,EN 60079-5:2015,IEC,inferred-60000,withdrawal,FULL_LIST
32021D1402,2021-08-25,2021,EN 60079-6:2015,IEC,inferred-60000,withdrawal,FULL_LIST
32021D1402,2021-08-25,2021,EN 60079-7:2015,IEC,inferred-60000,withdrawal,FULL_LIST
32021D1402,2021-08-25,2021,EN 60079-11:2012,IEC,inferred-60000,withdrawal,FULL_LIST
32021D1402,2021-08-25,2021,EN 60079-25:2010,IEC,inferred-60000,withdrawal,FULL_LIST
32021D1402,2021-08-25,2021,EN 60529:1991,IEC,inferred-60000,withdrawal,FULL_LIST
32021D1402,2021-08-25,2021,EN 60751:2008,IEC,inferred-60000,withdrawal,FULL_LIST
32021D1402,2021-08-25,2021,EN 60950-1:2006,IEC,inferred-60000,withdrawal,FULL_LIST
32021D1402,2021-08-25,2021,EN 61000-4-2:2009,IEC,inferred-60000,withdrawal,FULL_LIST
32021D1402,2021-08-25,2021,EN 61000-4-3:2006,IEC,inferred-60000,withdrawal,FULL_LIST
32021D1402,2021-08-25,2021,EN 61000-4-4:2012,IEC,inferred-60000,withdrawal,FULL_LIST
32021D1402,2021-08-25,2021,EN 61000-4-5:2014,IEC,inferred-60000,withdrawal,FULL_LIST
32021D1402,2021-08-25,2021,EN 61000-4-6:2014,IEC,inferred-60000,withdrawal,FULL_LIST
32021D1402,2021-08-25,2021,EN 61000-4-8:2010,IEC,inferred-60000,withdrawal,FULL_LIST
32021D1402,2021-08-25,2021,EN 61000-4-11:2020,IEC,inferred-60000,withdrawal,FULL_LIST
32021D1402,2021-08-25,2021,EN 61000-4-29:2000,IEC,inferred-60000,withdrawal,FULL_LIST
32021D1402,2021-08-25,2021,EN 14236:2018,CEN,number,withdrawal,FULL_LIST
32021D1402,2021-08-25,2021,EN 55032:2015,CENELEC,number,withdrawal,FULL_LIST
32021D1402,2021-08-25,2021,EN 60068-2-5:2018,IEC,inferred-60000,withdrawal,FULL_LIST
32021D1402,2021-08-25,2021,EN 60068-2-30:2005,IEC,inferred-60000,withdrawal,FULL_LIST
32021D1402,2021-08-25,2021,EN IEC 60079-0:2018,IEC,explicit,withdrawal,FULL_LIST
32021D1402,2021-08-25,2021,EN 60079-10-1:2021,IEC,inferred-60000,withdrawal,FULL_LIST
32021D1402,2021-08-25,2021,EN 60079-10-2:2015,IEC,inferred-60000,withdrawal,FULL_LIST
32021D1402,2021-08-25,2021,EN 60079-11:2012,IEC,inferred-60000,withdrawal,FULL_LIST
32021D1402,2021-08-25,2021,EN IEC 60079-15:2019,IEC,explicit,withdrawal,FULL_LIST
32021D1402,2021-08-25,2021,EN IEC 60086-1:2021,IEC,explicit,withdrawal,FULL_LIST
32021D1402,2021-08-25,2021,EN IEC 60086-4:2019,IEC,explicit,withdrawal,FULL_LIST
32021D1402,2021-08-25,2021,EN 60529:1991,IEC,inferred-60000,withdrawal,FULL_LIST
32021D1402,2021-08-25,2021,EN 60695-11-5:2017,IEC,inferred-60000,withdrawal,FULL_LIST
32021D1402,2021-08-25,2021,EN 60695-11-10:2013,IEC,inferred-60000,withdrawal,FULL_LIST
32021D1402,2021-08-25,2021,EN 61000-4-2:2009,IEC,inferred-60000,withdrawal,FULL_LIST
32021D1402,2021-08-25,2021,EN IEC 61000-4-3:2020,IEC,explicit,withdrawal,FULL_LIST
32021D1402,2021-08-25,2021,EN 61000-4-8:2010,IEC,inferred-60000,withdrawal,FULL_LIST
32021D1402,2021-08-25,2021,EN 61000-4-9:2016,IEC,inferred-60000,withdrawal,FULL_LIST
32021D1402,2021-08-25,2021,EN IEC 61000-6-1:2019,IEC,explicit,withdrawal,FULL_LIST
32021D1402,2021-08-25,2021,EN IEC 61000-6-2:2019,IEC,explicit,withdrawal,FULL_LIST
32021D1402,2021-08-25,2021,EN ISO 1518-1:2019,ISO,explicit,withdrawal,FULL_LIST
32021D1402,2021-08-25,2021,EN ISO 1518-2:2019,ISO,explicit,withdrawal,FULL_LIST
32021D1402,2021-08-25,2021,EN ISO 2409:2020,ISO,explicit,withdrawal,FULL_LIST
32021D1402,2021-08-25,2021,EN ISO 4892-3:2016,ISO,explicit,withdrawal,FULL_LIST
32021D1402,2021-08-25,2021,EN ISO 6270-1:2018,ISO,explicit,withdrawal,FULL_LIST
32021D1402,2021-08-25,2021,EN ISO 6272-1:2011,ISO,explicit,withdrawal,FULL_LIST
32021D1402,2021-08-25,2021,EN ISO 9227:2017,ISO,explicit,withdrawal,FULL_LIST
32021D1402,2021-08-25,2021,EN 62058-11:2010,IEC,inferred-60000,withdrawal,FULL_LIST
32021D1402,2021-08-25,2021,EN 62058-21:2010,IEC,inferred-60000,withdrawal,FULL_LIST
32021D1402,2021-08-25,2021,EN 62058-31:2010,IEC,inferred-60000,withdrawal,FULL_LIST
32021D1402,2021-08-25,2021,EN 62059-32-1:2012,IEC,inferred-60000,withdrawal,FULL_LIST
32021D1402,2021-08-25,2021,EN 1359:1998,CEN,number,withdrawal,FULL_LIST
32021D1402,2021-08-25,2021,EN 1359:1998,CEN,number,withdrawal,FULL_LIST
32021D1402,2021-08-25,2021,EN 1434-1:2007,CEN,number,withdrawal,FULL_LIST
32021D1402,2021-08-25,2021,EN 1434-2:2007,CEN,number,withdrawal,FULL_LIST
32021D1402,2021-08-25,2021,EN 1434-2:2007,CEN,number,withdrawal,FULL_LIST
32021D1402,2021-08-25,2021,EN 1434-4:2007,CEN,number,withdrawal,FULL_LIST
32021D1402,2021-08-25,2021,EN 1434-4:2007,CEN,number,withdrawal,FULL_LIST
32021D1402,2021-08-25,2021,EN 1434-5:2007,CEN,number,withdrawal,FULL_LIST
32021D1402,2021-08-25,2021,EN 12261:2002,CEN,number,withdrawal,FULL_LIST
32021D1402,2021-08-25,2021,EN 12261:2002,CEN,number,withdrawal,FULL_LIST
32021D1402,2021-08-25,2021,EN 12261:2002,CEN,number,withdrawal,FULL_LIST
32021D1402,2021-08-25,2021,EN 12405-1:2005+A2:2010,CEN,number,withdrawal,FULL_LIST
32021D1402,2021-08-25,2021,EN 12480:2002,CEN,number,withdrawal,FULL_LIST
32021D1402,2021-08-25,2021,EN 12480:2002,CEN,number,withdrawal,FULL_LIST
32021D1402,2021-08-25,2021,EN 14154-1:2005+A2:2011,CEN,number,withdrawal,FULL_LIST
32021D1402,2021-08-25,2021,EN 14154-2:2005+A2:2011,CEN,number,withdrawal,FULL_LIST
32021D1402,2021-08-25,2021,EN 14154-3:2005+A2:2011,CEN,number,withdrawal,FULL_LIST
32021D1402,2021-08-25,2021,EN 14236:2007,CEN,number,withdrawal,FULL_LIST
32021D1402,2021-08-25,2021,EN 50470-1:2006,CENELEC,number,withdrawal,FULL_LIST
32021D1402,2021-08-25,2021,EN 50470-2:2006,CENELEC,number,withdrawal,FULL_LIST
32021D1402,2021-08-25,2021,EN 50470-3:2006,CENELEC,number,withdrawal,FULL_LIST
32021D1403,2021-08-25,2021,EN 13852-3:2021,CEN,number,none,AMENDING
32021D1403,2021-08-25,2021,EN 13852-3:2021,CEN,number,none,AMENDING
32021D1403,2021-08-25,2021,EN 13852-3:2021,CEN,number,none,AMENDING
32021D1403,2021-08-25,2021,EN 13852-3:2021,CEN,number,none,AMENDING
32021D1403,2021-08-25,2021,EN 13852-3:2021,CEN,number,none,AMENDING
32021D1403,2021-08-25,2021,EN 13852-3:2021,CEN,number,none,AMENDING
32021D1403,2021-08-25,2021,EN 13852-3:2021,CEN,number,addition,AMENDING
32021D1403,2021-08-25,2021,EN IEC 60079-0:2018,IEC,explicit,addition,AMENDING
32021D1403,2021-08-25,2021,EN IEC 60079-0:2018,IEC,explicit,addition,AMENDING
32021D1403,2021-08-25,2021,EN IEC 60079-0:2018,IEC,explicit,addition,AMENDING
32021D1403,2021-08-25,2021,EN ISO 80079-36:2016,ISO,explicit,addition,AMENDING
32021D1403,2021-08-25,2021,EN ISO 80079-36:2016,ISO,explicit,addition,AMENDING
32021D1403,2021-08-25,2021,EN ISO 80079-36:2016,ISO,explicit,addition,AMENDING
32021D1407,2021-08-26,2021,EN ISO 7840:2018,ISO,explicit,none,AMENDING
32021D1407,2021-08-26,2021,EN ISO 8469:2018,ISO,explicit,none,AMENDING
32021D1407,2021-08-26,2021,EN ISO 9093-1:2018,ISO,explicit,none,AMENDING
32021D1407,2021-08-26,2021,EN ISO 9093-2:2018,ISO,explicit,none,AMENDING
32021D1407,2021-08-26,2021,EN ISO 16147:2017,ISO,explicit,none,AMENDING
32021D1407,2021-08-26,2021,EN ISO 7840:2021,ISO,explicit,none,AMENDING
32021D1407,2021-08-26,2021,EN ISO 8469:2021,ISO,explicit,none,AMENDING
32021D1407,2021-08-26,2021,EN ISO 9093:2021,ISO,explicit,none,AMENDING
32021D1407,2021-08-26,2021,EN ISO 16147:2021,ISO,explicit,none,AMENDING
32021D1407,2021-08-26,2021,EN ISO 23411:2021,ISO,explicit,none,AMENDING
32021D1407,2021-08-26,2021,EN ISO 7840:2021,ISO,explicit,none,AMENDING
32021D1407,2021-08-26,2021,EN ISO 8469:2021,ISO,explicit,none,AMENDING
32021D1407,2021-08-26,2021,EN ISO 9093:2021,ISO,explicit,none,AMENDING
32021D1407,2021-08-26,2021,EN ISO 16147:2021,ISO,explicit,none,AMENDING
32021D1407,2021-08-26,2021,EN ISO 23411:2021,ISO,explicit,none,AMENDING
32021D1407,2021-08-26,2021,EN ISO 7840:2021,ISO,explicit,none,AMENDING
32021D1407,2021-08-26,2021,EN ISO 8469:2021,ISO,explicit,none,AMENDING
32021D1407,2021-08-26,2021,EN ISO 9093:2021,ISO,explicit,none,AMENDING
32021D1407,2021-08-26,2021,EN ISO 16147:2021,ISO,explicit,none,AMENDING
32021D1407,2021-08-26,2021,EN ISO 23411:2021,ISO,explicit,none,AMENDING
32021D1407,2021-08-26,2021,EN ISO 7840:2021,ISO,explicit,none,AMENDING
32021D1407,2021-08-26,2021,EN ISO 7840:2018,ISO,explicit,none,AMENDING
32021D1407,2021-08-26,2021,EN ISO 8469:2021,ISO,explicit,none,AMENDING
32021D1407,2021-08-26,2021,EN ISO 8469:2018,ISO,explicit,none,AMENDING
32021D1407,2021-08-26,2021,EN ISO 9093:2021,ISO,explicit,none,AMENDING
32021D1407,2021-08-26,2021,EN ISO 9093-1:2018,ISO,explicit,none,AMENDING
32021D1407,2021-08-26,2021,EN ISO 9093-2:2018,ISO,explicit,none,AMENDING
32021D1407,2021-08-26,2021,EN ISO 16147:2021,ISO,explicit,none,AMENDING
32021D1407,2021-08-26,2021,EN ISO 16147:2017,ISO,explicit,none,AMENDING
32021D1407,2021-08-26,2021,EN ISO 23411:2021,ISO,explicit,none,AMENDING
32021D1407,2021-08-26,2021,EN ISO 9775:2017,ISO,explicit,none,AMENDING
32021D1407,2021-08-26,2021,EN ISO 15652:2017,ISO,explicit,none,AMENDING
32021D1407,2021-08-26,2021,EN ISO 7840:2018,ISO,explicit,none,AMENDING
32021D1407,2021-08-26,2021,EN ISO 8469:2018,ISO,explicit,none,AMENDING
32021D1407,2021-08-26,2021,EN ISO 9093-1:2018,ISO,explicit,none,AMENDING
32021D1407,2021-08-26,2021,EN ISO 9093-2:2018,ISO,explicit,none,AMENDING
32021D1407,2021-08-26,2021,EN ISO 9775:2017,ISO,explicit,none,AMENDING
32021D1407,2021-08-26,2021,EN ISO 15652:2017,ISO,explicit,none,AMENDING
32021D1407,2021-08-26,2021,EN ISO 16147:2017,ISO,explicit,none,AMENDING
32021D1407,2021-08-26,2021,EN ISO 7840:2018,ISO,explicit,none,AMENDING
32021D1407,2021-08-26,2021,EN ISO 8469:2018,ISO,explicit,none,AMENDING
32021D1407,2021-08-26,2021,EN ISO 9093-1:2018,ISO,explicit,none,AMENDING
32021D1407,2021-08-26,2021,EN ISO 9093-2:2018,ISO,explicit,none,AMENDING
32021D1407,2021-08-26,2021,EN ISO 9775:2017,ISO,explicit,none,AMENDING
32021D1407,2021-08-26,2021,EN ISO 15652:2017,ISO,explicit,none,AMENDING
32021D1407,2021-08-26,2021,EN ISO 16147:2017,ISO,explicit,none,AMENDING
32021D1407,2021-08-26,2021,EN ISO 7840:2021,ISO,explicit,none,AMENDING
32021D1407,2021-08-26,2021,EN ISO 8469:2021,ISO,explicit,none,AMENDING
32021D1407,2021-08-26,2021,EN ISO 9093:2021,ISO,explicit,none,AMENDING
32021D1407,2021-08-26,2021,EN ISO 16147:2021,ISO,explicit,none,AMENDING
32021D1407,2021-08-26,2021,EN ISO 23411:2021,ISO,explicit,none,AMENDING
32021D1407,2021-08-26,2021,EN ISO 7840:2018,ISO,explicit,none,AMENDING
32021D1407,2021-08-26,2021,EN ISO 8469:2018,ISO,explicit,none,AMENDING
32021D1407,2021-08-26,2021,EN ISO 9093-1:2018,ISO,explicit,none,AMENDING
32021D1407,2021-08-26,2021,EN ISO 9093-2:2018,ISO,explicit,none,AMENDING
32021D1407,2021-08-26,2021,EN ISO 9775:2017,ISO,explicit,withdrawal,AMENDING
32021D1407,2021-08-26,2021,EN ISO 15652:2017,ISO,explicit,withdrawal,AMENDING
32021D1407,2021-08-26,2021,EN ISO 16147:2017,ISO,explicit,withdrawal,AMENDING
32021D1407,2021-08-26,2021,EN ISO 7840:2021,ISO,explicit,addition,AMENDING
32021D1407,2021-08-26,2021,EN ISO 8469:2021,ISO,explicit,addition,AMENDING
32021D1407,2021-08-26,2021,EN ISO 9093:2021,ISO,explicit,addition,AMENDING
32021D1407,2021-08-26,2021,EN ISO 16147:2021,ISO,explicit,addition,AMENDING
32021D1407,2021-08-26,2021,EN ISO 23411:2021,ISO,explicit,addition,AMENDING
32021D1407,2021-08-26,2021,EN ISO 9775:2017,ISO,explicit,addition,AMENDING
32021D1407,2021-08-26,2021,EN ISO 15652:2017,ISO,explicit,addition,AMENDING
32021D1407,2021-08-26,2021,EN ISO 16147:2017,ISO,explicit,addition,AMENDING
32021D1801,2021-10-11,2021,EN 1515-4:2009,CEN,number,none,AMENDING
32021D1801,2021-10-11,2021,EN 1515-4:2021,CEN,number,none,AMENDING
32021D1801,2021-10-11,2021,EN 14222:2003,CEN,number,none,AMENDING
32021D1801,2021-10-11,2021,EN 14222:2021,CEN,number,none,AMENDING
32021D1801,2021-10-11,2021,EN 13480-3:2017,CEN,number,none,AMENDING
32021D1801,2021-10-11,2021,EN 1515-4:2009,CEN,number,none,AMENDING
32021D1801,2021-10-11,2021,EN 14222:2003,CEN,number,none,AMENDING
32021D1801,2021-10-11,2021,EN 13480-3:2017,CEN,number,none,AMENDING
32021D1801,2021-10-11,2021,EN 1515-4:2009,CEN,number,none,AMENDING
32021D1801,2021-10-11,2021,EN 14222:2003,CEN,number,none,AMENDING
32021D1801,2021-10-11,2021,EN 1515-4:2021,CEN,number,none,AMENDING
32021D1801,2021-10-11,2021,EN 14222:2021,CEN,number,none,AMENDING
32021D1801,2021-10-11,2021,EN 1515-4:2009,CEN,number,withdrawal,AMENDING
32021D1801,2021-10-11,2021,EN 14222:2003,CEN,number,withdrawal,AMENDING
32021D1801,2021-10-11,2021,EN 13480-3:2017,CEN,number,withdrawal,AMENDING
32021D1801,2021-10-11,2021,EN 13480-3:2017,CEN,number,withdrawal,AMENDING
32021D1801,2021-10-11,2021,EN 13480-3:2017,CEN,number,withdrawal,AMENDING
32021D1801,2021-10-11,2021,EN 13480-3:2017,CEN,number,withdrawal,AMENDING
32021D1801,2021-10-11,2021,EN 13480-3:2017,CEN,number,addition,AMENDING
32021D1801,2021-10-11,2021,EN 13480-3:2017,CEN,number,addition,AMENDING
32021D1801,2021-10-11,2021,EN 13480-3:2017,CEN,number,addition,AMENDING
32021D1801,2021-10-11,2021,EN 13480-3:2017,CEN,number,addition,AMENDING
32021D1801,2021-10-11,2021,EN 1515-4:2021,CEN,number,addition,AMENDING
32021D1801,2021-10-11,2021,EN 14222:2021,CEN,number,addition,AMENDING
32021D1801,2021-10-11,2021,EN 1515-4:2009,CEN,number,addition,AMENDING
32021D1801,2021-10-11,2021,EN 14222:2003,CEN,number,addition,AMENDING
32021D1813,2021-10-14,2021,EN 1459-5:2020,CEN,number,none,AMENDING
32021D1813,2021-10-14,2021,EN 16808:2020,CEN,number,none,AMENDING
32021D1813,2021-10-14,2021,EN 12312-7:2020,CEN,number,none,AMENDING
32021D1813,2021-10-14,2021,EN 13586:2020,CEN,number,none,AMENDING
32021D1813,2021-10-14,2021,EN 15011:2020,CEN,number,none,AMENDING
32021D1813,2021-10-14,2021,EN 15571:2020,CEN,number,none,AMENDING
32021D1813,2021-10-14,2021,EN 16564:2020,CEN,number,none,AMENDING
32021D1813,2021-10-14,2021,EN 1804-1:2020,CEN,number,none,AMENDING
32021D1813,2021-10-14,2021,EN 1804-2:2020,CEN,number,none,AMENDING
32021D1813,2021-10-14,2021,EN 1804-3:2020,CEN,number,none,AMENDING
32021D1813,2021-10-14,2021,EN 1837:2020,CEN,number,none,AMENDING
32021D1813,2021-10-14,2021,EN 1974:2020,CEN,number,none,AMENDING
32021D1813,2021-10-14,2021,EN 81-40:2020,CEN,number,none,AMENDING
32021D1813,2021-10-14,2021,EN 1175:2020,CEN,number,none,AMENDING
32021D1813,2021-10-14,2021,EN 12312-3:2017+A1:2020,CEN,number,none,AMENDING
32021D1813,2021-10-14,2021,EN ISO 16092-2:2020,ISO,explicit,none,AMENDING
32021D1813,2021-10-14,2021,EN ISO 16092-4:2020,ISO,explicit,none,AMENDING
32021D1813,2021-10-14,2021,EN 16307-1:2020,CEN,number,none,AMENDING
32021D1813,2021-10-14,2021,EN 16808:2020,CEN,number,none,AMENDING
32021D1813,2021-10-14,2021,EN ISO 19085-10:2019,ISO,explicit,none,AMENDING
32021D1813,2021-10-14,2021,EN ISO 20430:2020,ISO,explicit,none,AMENDING
32021D1813,2021-10-14,2021,EN IEC 62841-2-6:2020,IEC,explicit,none,AMENDING
32021D1813,2021-10-14,2021,EN IEC 62841-2-6:2020,IEC,explicit,none,AMENDING
32021D1813,2021-10-14,2021,EN ISO 11553-1:2020,ISO,explicit,none,AMENDING
32021D1813,2021-10-14,2021,EN ISO 11553-1:2020,ISO,explicit,none,AMENDING
32021D1813,2021-10-14,2021,EN 12999:2011+A2:2018,CEN,number,none,AMENDING
32021D1813,2021-10-14,2021,EN 12999:2020,CEN,number,none,AMENDING
32021D1813,2021-10-14,2021,EN 16851:2017,CEN,number,none,AMENDING
32021D1813,2021-10-14,2021,EN 16486:2014,CEN,number,none,AMENDING
32021D1813,2021-10-14,2021,EN 16851:2017+A1:2020,CEN,number,none,AMENDING
32021D1813,2021-10-14,2021,EN 474-1:2006+A4:2013,CEN,number,none,AMENDING
32021D1813,2021-10-14,2021,EN 474-1:2006+A4:2013,CEN,number,none,AMENDING
32021D1813,2021-10-14,2021,EN 474-1:2006+A5:2018,CEN,number,withdrawal,AMENDING
32021D1813,2021-10-14,2021,EN 474-1:2006+A5:2018,CEN,number,withdrawal,AMENDING
32021D1813,2021-10-14,2021,EN 474-1:2006+A5:2018,CEN,number,withdrawal,AMENDING
32021D1813,2021-10-14,2021,EN 474-5:2006+A3:2013,CEN,number,withdrawal,AMENDING
32021D1813,2021-10-14,2021,EN 474-1:2006+A6:2019,CEN,number,withdrawal,AMENDING
32021D1813,2021-10-14,2021,EN 474-1:2006+A6:2019,CEN,number,withdrawal,AMENDING
32021D1813,2021-10-14,2021,EN 474-1:2006+A6:2019,CEN,number,withdrawal,AMENDING
32021D1813,2021-10-14,2021,EN 474-1:2006+A6:2019,CEN,number,withdrawal,AMENDING
32021D1813,2021-10-14,2021,EN 474-4:2006+A2:2012,CEN,number,withdrawal,AMENDING
32021D1813,2021-10-14,2021,EN 474-5:2006+A3:2013,CEN,number,withdrawal,AMENDING
32021D1813,2021-10-14,2021,EN 62841-4-1:2020,IEC,inferred-60000,withdrawal,AMENDING
32021D1813,2021-10-14,2021,EN 60745-2-13:2009,IEC,inferred-60000,withdrawal,AMENDING
32021D1813,2021-10-14,2021,EN 62841-4-1:2020,IEC,inferred-60000,withdrawal,AMENDING
32021D1813,2021-10-14,2021,EN 60745-2-13:2009,IEC,inferred-60000,withdrawal,AMENDING
32021D1813,2021-10-14,2021,EN 62841-4-1:2020,IEC,inferred-60000,withdrawal,AMENDING
32021D1813,2021-10-14,2021,EN 60745-2-13:2009,IEC,inferred-60000,withdrawal,AMENDING
32021D1813,2021-10-14,2021,EN 60745-2-13:2009,IEC,inferred-60000,withdrawal,AMENDING
32021D1813,2021-10-14,2021,EN 60745-2-13:2019,IEC,inferred-60000,withdrawal,AMENDING
32021D1813,2021-10-14,2021,EN ISO 3743-2:2019,ISO,explicit,withdrawal,AMENDING
32021D1813,2021-10-14,2021,EN ISO 3743-2:2009,ISO,explicit,withdrawal,AMENDING
32021D1813,2021-10-14,2021,EN ISO 3743-2:2009,ISO,explicit,withdrawal,AMENDING
32021D1813,2021-10-14,2021,EN ISO 3743-2:2019,ISO,explicit,withdrawal,AMENDING
32021D1813,2021-10-14,2021,EN ISO 3743-2:2009,ISO,explicit,withdrawal,AMENDING
32021D1813,2021-10-14,2021,EN 12312-7:2005+A1:2009,CEN,number,withdrawal,AMENDING
32021D1813,2021-10-14,2021,EN 13155:2003+A2:2009,CEN,number,withdrawal,AMENDING
32021D1813,2021-10-14,2021,EN 13586:2004+A1:2008,CEN,number,withdrawal,AMENDING
32021D1813,2021-10-14,2021,EN 15011:2011+A1:2014,CEN,number,withdrawal,AMENDING
32021D1813,2021-10-14,2021,EN 15571:2014,CEN,number,withdrawal,AMENDING
32021D1813,2021-10-14,2021,EN 15746-2:2010+A1:2011,CEN,number,withdrawal,AMENDING
32021D1813,2021-10-14,2021,EN 1804-1:2001+A1:2010,CEN,number,withdrawal,AMENDING
32021D1813,2021-10-14,2021,EN 1804-2:2001+A1:2010,CEN,number,withdrawal,AMENDING
32021D1813,2021-10-14,2021,EN 1804-3:2006+A1:2010,CEN,number,withdrawal,AMENDING
32021D1813,2021-10-14,2021,EN 1837:1999+A1:2009,CEN,number,withdrawal,AMENDING
32021D1813,2021-10-14,2021,EN 1974:1998+A1:2009,CEN,number,withdrawal,AMENDING
32021D1813,2021-10-14,2021,EN 60745-2-6:2010,IEC,inferred-60000,withdrawal,AMENDING
32021D1813,2021-10-14,2021,EN IEC 62841-2-6:2020,IEC,explicit,withdrawal,AMENDING
32021D1813,2021-10-14,2021,EN ISO 11553-1:2008,ISO,explicit,withdrawal,AMENDING
32021D1813,2021-10-14,2021,EN ISO 11553-1:2020,ISO,explicit,withdrawal,AMENDING
32021D1813,2021-10-14,2021,EN 1175-1:1998+A1:2010,CEN,number,withdrawal,AMENDING
32021D1813,2021-10-14,2021,EN 1175-2:1998+A1:2010,CEN,number,withdrawal,AMENDING
32021D1813,2021-10-14,2021,EN 1175-3:1998+A1:2010,CEN,number,withdrawal,AMENDING
32021D1813,2021-10-14,2021,EN 12312-3:2017,CEN,number,withdrawal,AMENDING
32021D1813,2021-10-14,2021,EN 13411-1:2002+A1:2008,CEN,number,withdrawal,AMENDING
32021D1813,2021-10-14,2021,EN 13411-2:2001+A1:2008,CEN,number,withdrawal,AMENDING
32021D1813,2021-10-14,2021,EN 13411-3:2004+A1:2008,CEN,number,withdrawal,AMENDING
32021D1813,2021-10-14,2021,EN 13411-4:2011,CEN,number,withdrawal,AMENDING
32021D1813,2021-10-14,2021,EN 13411-5:2003+A1:2008,CEN,number,withdrawal,AMENDING
32021D1813,2021-10-14,2021,EN 13411-6:2004+A1:2008,CEN,number,withdrawal,AMENDING
32021D1813,2021-10-14,2021,EN 13411-7:2006+A1:2008,CEN,number,withdrawal,AMENDING
32021D1813,2021-10-14,2021,EN 13411-8:2011,CEN,number,withdrawal,AMENDING
32021D1813,2021-10-14,2021,EN 16307-1:2013+A1:2015,CEN,number,withdrawal,AMENDING
32021D1813,2021-10-14,2021,EN 16486:2014,CEN,number,withdrawal,AMENDING
32021D1813,2021-10-14,2021,EN 201:2009,CEN,number,withdrawal,AMENDING
32021D1813,2021-10-14,2021,EN 81-40:2008,CEN,number,withdrawal,AMENDING
32021D1813,2021-10-14,2021,EN 12999:2011+A2:2018,CEN,number,withdrawal,AMENDING
32021D1813,2021-10-14,2021,EN 12999:2011+A2:2018,CEN,number,withdrawal,AMENDING
32021D1813,2021-10-14,2021,EN 1175-1:1998+A1:2010,CEN,number,withdrawal,AMENDING
32021D1813,2021-10-14,2021,EN 1175-2:1998+A1:2010,CEN,number,withdrawal,AMENDING
32021D1813,2021-10-14,2021,EN 1175-3:1998+A1:2010,CEN,number,withdrawal,AMENDING
32021D1813,2021-10-14,2021,EN 12312-3:2017,CEN,number,withdrawal,AMENDING
32021D1813,2021-10-14,2021,EN 12312-7:2005+A1:2009,CEN,number,withdrawal,AMENDING
32021D1813,2021-10-14,2021,EN 13411-1:2002+A1:2008,CEN,number,withdrawal,AMENDING
32021D1813,2021-10-14,2021,EN 13411-2:2001+A1:2008,CEN,number,withdrawal,AMENDING
32021D1813,2021-10-14,2021,EN 13411-3:2004+A1:2008,CEN,number,withdrawal,AMENDING
32021D1813,2021-10-14,2021,EN 13411-4:2011,CEN,number,withdrawal,AMENDING
32021D1813,2021-10-14,2021,EN 13411-5:2003+A1:2008,CEN,number,withdrawal,AMENDING
32021D1813,2021-10-14,2021,EN 13411-6:2004+A1:2008,CEN,number,withdrawal,AMENDING
32021D1813,2021-10-14,2021,EN 13411-7:2006+A1:2008,CEN,number,withdrawal,AMENDING
32021D1813,2021-10-14,2021,EN 13411-8:2011,CEN,number,withdrawal,AMENDING
32021D1813,2021-10-14,2021,EN 13586:2004+A1:2008,CEN,number,withdrawal,AMENDING
32021D1813,2021-10-14,2021,EN 15011:2011+A1:2014,CEN,number,withdrawal,AMENDING
32021D1813,2021-10-14,2021,EN 16307-1:2013+A1:2015,CEN,number,withdrawal,AMENDING
32021D1813,2021-10-14,2021,EN 16486:2014,CEN,number,withdrawal,AMENDING
32021D1813,2021-10-14,2021,EN 16851:2017,CEN,number,withdrawal,AMENDING
32021D1813,2021-10-14,2021,EN 1804-1:2001+A1:2010,CEN,number,withdrawal,AMENDING
32021D1813,2021-10-14,2021,EN 1804-2:2001+A1:2010,CEN,number,withdrawal,AMENDING
32021D1813,2021-10-14,2021,EN 1804-3:2006+A1:2010,CEN,number,withdrawal,AMENDING
32021D1813,2021-10-14,2021,EN 1837:1999+A1:2009,CEN,number,withdrawal,AMENDING
32021D1813,2021-10-14,2021,EN 1974:1998+A1:2009,CEN,number,withdrawal,AMENDING
32021D1813,2021-10-14,2021,EN 201:2009,CEN,number,withdrawal,AMENDING
32021D1813,2021-10-14,2021,EN 60745-2-6:2010,IEC,inferred-60000,withdrawal,AMENDING
32021D1813,2021-10-14,2021,EN 81-40:2008,CEN,number,withdrawal,AMENDING
32021D1813,2021-10-14,2021,EN ISO 11553-1:2008,ISO,explicit,withdrawal,AMENDING
32021D1813,2021-10-14,2021,EN ISO 3743-2:2009,ISO,explicit,withdrawal,AMENDING
32021D1813,2021-10-14,2021,EN 474-1:2006+A4:2013,CEN,number,addition,AMENDING
32021D1813,2021-10-14,2021,EN 12999:2020,CEN,number,addition,AMENDING
32021D1813,2021-10-14,2021,EN 1837:2020,CEN,number,addition,AMENDING
32021D1813,2021-10-14,2021,EN ISO 11553-1:2020,ISO,explicit,addition,AMENDING
32021D1813,2021-10-14,2021,EN ISO 11553-1:2020,ISO,explicit,addition,AMENDING
32021D1813,2021-10-14,2021,EN 81-40:2020,CEN,number,addition,AMENDING
32021D1813,2021-10-14,2021,EN 1175:2020,CEN,number,addition,AMENDING
32021D1813,2021-10-14,2021,EN 1459-5:2020,CEN,number,addition,AMENDING
32021D1813,2021-10-14,2021,EN 1804-1:2020,CEN,number,addition,AMENDING
32021D1813,2021-10-14,2021,EN 1804-2:2020,CEN,number,addition,AMENDING
32021D1813,2021-10-14,2021,EN 1804-3:2020,CEN,number,addition,AMENDING
32021D1813,2021-10-14,2021,EN 1974:2020,CEN,number,addition,AMENDING
32021D1813,2021-10-14,2021,EN 12312-3:2017+A1:2020,CEN,number,addition,AMENDING
32021D1813,2021-10-14,2021,EN 12312-7:2020,CEN,number,addition,AMENDING
32021D1813,2021-10-14,2021,EN 13586:2020,CEN,number,addition,AMENDING
32021D1813,2021-10-14,2021,EN 15011:2020,CEN,number,addition,AMENDING
32021D1813,2021-10-14,2021,EN 15571:2020,CEN,number,addition,AMENDING
32021D1813,2021-10-14,2021,EN ISO 16092-2:2020,ISO,explicit,addition,AMENDING
32021D1813,2021-10-14,2021,EN ISO 16092-4:2020,ISO,explicit,addition,AMENDING
32021D1813,2021-10-14,2021,EN 16307-1:2020,CEN,number,addition,AMENDING
32021D1813,2021-10-14,2021,EN 16486:2014+A1:2020,CEN,number,addition,AMENDING
32021D1813,2021-10-14,2021,EN 16564:2020,CEN,number,addition,AMENDING
32021D1813,2021-10-14,2021,EN 16808:2020,CEN,number,addition,AMENDING
32021D1813,2021-10-14,2021,EN 16851:2017+A1:2020,CEN,number,addition,AMENDING
32021D1813,2021-10-14,2021,EN ISO 19085-10:2019,ISO,explicit,addition,AMENDING
32021D1813,2021-10-14,2021,EN ISO 19085-10:2019,ISO,explicit,addition,AMENDING
32021D1813,2021-10-14,2021,EN ISO 20430:2020,ISO,explicit,addition,AMENDING
32021D1813,2021-10-14,2021,EN IEC 62841-2-6:2020,IEC,explicit,addition,AMENDING
32021D1813,2021-10-14,2021,EN IEC 62841-2-6:2020,IEC,explicit,addition,AMENDING
32021D1813,2021-10-14,2021,EN 474-1:2006+A6:2019,CEN,number,addition,AMENDING
32021D1813,2021-10-14,2021,EN 474-1:2006+A6:2019,CEN,number,addition,AMENDING
32021D1813,2021-10-14,2021,EN 474-4:2006+A2:2012,CEN,number,addition,AMENDING
32021D1813,2021-10-14,2021,EN 474-5:2006+A3:2013,CEN,number,addition,AMENDING
32021D1813,2021-10-14,2021,EN 60745-2-13:2009,IEC,inferred-60000,addition,AMENDING
32021D1813,2021-10-14,2021,EN 60745-2-13:2009,IEC,inferred-60000,addition,AMENDING
32021D1813,2021-10-14,2021,EN 1175-1:1998+A1:2010,CEN,number,addition,AMENDING
32021D1813,2021-10-14,2021,EN 1175-2:1998+A1:2010,CEN,number,addition,AMENDING
32021D1813,2021-10-14,2021,EN 1175-3:1998+A1:2010,CEN,number,addition,AMENDING
32021D1813,2021-10-14,2021,EN 12312-3:2017,CEN,number,addition,AMENDING
32021D1813,2021-10-14,2021,EN 12312-7:2005+A1:2009,CEN,number,addition,AMENDING
32021D1813,2021-10-14,2021,EN 13411-1:2002+A1:2008,CEN,number,addition,AMENDING
32021D1813,2021-10-14,2021,EN 13411-2:2001+A1:2008,CEN,number,addition,AMENDING
32021D1813,2021-10-14,2021,EN 13411-3:2004+A1:2008,CEN,number,addition,AMENDING
32021D1813,2021-10-14,2021,EN 13411-4:2011,CEN,number,addition,AMENDING
32021D1813,2021-10-14,2021,EN 13411-5:2003+A1:2008,CEN,number,addition,AMENDING
32021D1813,2021-10-14,2021,EN 13411-6:2004+A1:2008,CEN,number,addition,AMENDING
32021D1813,2021-10-14,2021,EN 13411-7:2006+A1:2008,CEN,number,addition,AMENDING
32021D1813,2021-10-14,2021,EN 13411-8:2011,CEN,number,addition,AMENDING
32021D1813,2021-10-14,2021,EN 13586:2004+A1:2008,CEN,number,addition,AMENDING
32021D1813,2021-10-14,2021,EN 15011:2011+A1:2014,CEN,number,addition,AMENDING
32021D1813,2021-10-14,2021,EN 16307-1:2013+A1:2015,CEN,number,addition,AMENDING
32021D1813,2021-10-14,2021,EN 16486:2014,CEN,number,addition,AMENDING
32021D1813,2021-10-14,2021,EN 16851:2017,CEN,number,addition,AMENDING
32021D1813,2021-10-14,2021,EN 1804-1:2001+A1:2010,CEN,number,addition,AMENDING
32021D1813,2021-10-14,2021,EN 1804-2:2001+A1:2010,CEN,number,addition,AMENDING
32021D1813,2021-10-14,2021,EN 1804-3:2006+A1:2010,CEN,number,addition,AMENDING
32021D1813,2021-10-14,2021,EN 1837:1999+A1:2009,CEN,number,addition,AMENDING
32021D1813,2021-10-14,2021,EN 1974:1998+A1:2009,CEN,number,addition,AMENDING
32021D1813,2021-10-14,2021,EN 201:2009,CEN,number,addition,AMENDING
32021D1813,2021-10-14,2021,EN 60745-2-6:2010,IEC,inferred-60000,addition,AMENDING
32021D1813,2021-10-14,2021,EN 81-40:2008,CEN,number,addition,AMENDING
32021D1813,2021-10-14,2021,EN ISO 11553-1:2008,ISO,explicit,addition,AMENDING
32021D1813,2021-10-14,2021,EN ISO 3743-2:2009,ISO,explicit,addition,AMENDING
32021D1992,2021-11-15,2021,EN 71-2:2011+A1:2014,CEN,number,none,FULL_LIST
32021D1992,2021-11-15,2021,EN 71-2:2020,CEN,number,none,FULL_LIST
32021D1992,2021-11-15,2021,EN 71-2:2020,CEN,number,none,FULL_LIST
32021D1992,2021-11-15,2021,EN 71-2:2011+A1:2014,CEN,number,none,FULL_LIST
32021D1992,2021-11-15,2021,EN 71-3:2019,CEN,number,none,FULL_LIST
32021D1992,2021-11-15,2021,EN 71-3:2019+A1:2021,CEN,number,none,FULL_LIST
32021D1992,2021-11-15,2021,EN 71-3:2019+A1:2021,CEN,number,none,FULL_LIST
32021D1992,2021-11-15,2021,EN 71-4:2013,CEN,number,none,FULL_LIST
32021D1992,2021-11-15,2021,EN 71-4:2020,CEN,number,none,FULL_LIST
32021D1992,2021-11-15,2021,EN 71-4:2020,CEN,number,none,FULL_LIST
32021D1992,2021-11-15,2021,EN 71-4:2013,CEN,number,none,FULL_LIST
32021D1992,2021-11-15,2021,EN 71-13:2014,CEN,number,none,FULL_LIST
32021D1992,2021-11-15,2021,EN 71-13:2021,CEN,number,none,FULL_LIST
32021D1992,2021-11-15,2021,EN 71-13:2021,CEN,number,none,FULL_LIST
32021D1992,2021-11-15,2021,EN ISO 8317:2015,ISO,explicit,none,FULL_LIST
32021D1992,2021-11-15,2021,EN ISO 8317:2015,ISO,explicit,none,FULL_LIST
32021D1992,2021-11-15,2021,EN 71-13:2014,CEN,number,none,FULL_LIST
32021D1992,2021-11-15,2021,EN 71-2:2020,CEN,number,none,FULL_LIST
32021D1992,2021-11-15,2021,EN 71-3:2019+A1:2021,CEN,number,none,FULL_LIST
32021D1992,2021-11-15,2021,EN 71-4:2020,CEN,number,none,FULL_LIST
32021D1992,2021-11-15,2021,EN 71-13:2021,CEN,number,none,FULL_LIST
32021D1992,2021-11-15,2021,EN 71-2:2020,CEN,number,none,FULL_LIST
32021D1992,2021-11-15,2021,EN 71-3:2019+A1:2021,CEN,number,none,FULL_LIST
32021D1992,2021-11-15,2021,EN 71-4:2020,CEN,number,none,FULL_LIST
32021D1992,2021-11-15,2021,EN 71-13:2021,CEN,number,none,FULL_LIST
32021D1992,2021-11-15,2021,EN 71-2:2011+A1:2014,CEN,number,none,FULL_LIST
32021D1992,2021-11-15,2021,EN 71-3:2019,CEN,number,none,FULL_LIST
32021D1992,2021-11-15,2021,EN 71-4:2013,CEN,number,none,FULL_LIST
32021D1992,2021-11-15,2021,EN 71-13:2014,CEN,number,none,FULL_LIST
32021D1992,2021-11-15,2021,EN 71-2:2020,CEN,number,none,FULL_LIST
32021D1992,2021-11-15,2021,EN 71-3:2019+A1:2021,CEN,number,none,FULL_LIST
32021D1992,2021-11-15,2021,EN 71-4:2020,CEN,number,none,FULL_LIST
32021D1992,2021-11-15,2021,EN 71-13:2021,CEN,number,none,FULL_LIST
32021D1992,2021-11-15,2021,EN 71-2:2011+A1:2014,CEN,number,none,FULL_LIST
32021D1992,2021-11-15,2021,EN 71-3:2019,CEN,number,none,FULL_LIST
32021D1992,2021-11-15,2021,EN 71-4:2013,CEN,number,none,FULL_LIST
32021D1992,2021-11-15,2021,EN 71-13:2014,CEN,number,none,FULL_LIST
32021D1992,2021-11-15,2021,EN 71-1:2014+A1:2018,CEN,number,none,FULL_LIST
32021D1992,2021-11-15,2021,EN 71-2:2020,CEN,number,none,FULL_LIST
32021D1992,2021-11-15,2021,EN 71-3:2019+A1:2021,CEN,number,none,FULL_LIST
32021D1992,2021-11-15,2021,EN 71-4:2020,CEN,number,none,FULL_LIST
32021D1992,2021-11-15,2021,EN 71-5:2015,CEN,number,none,FULL_LIST
32021D1992,2021-11-15,2021,EN 71-7:2014+A3:2020,CEN,number,none,FULL_LIST
32021D1992,2021-11-15,2021,EN 71-8:2018,CEN,number,none,FULL_LIST
32021D1992,2021-11-15,2021,EN 71-12:2016,CEN,number,none,FULL_LIST
32021D1992,2021-11-15,2021,EN 71-12:2016,CEN,number,none,FULL_LIST
32021D1992,2021-11-15,2021,EN 71-12:2016,CEN,number,none,FULL_LIST
32021D1992,2021-11-15,2021,EN 71-13:2021,CEN,number,none,FULL_LIST
32021D1992,2021-11-15,2021,EN 71-14:2018,CEN,number,none,FULL_LIST
32021D1992,2021-11-15,2021,EN IEC 62115:2020,IEC,explicit,none,FULL_LIST
32021D1992,2021-11-15,2021,EN IEC 62115:2020,IEC,explicit,none,FULL_LIST
32021D1992,2021-11-15,2021,EN 71-2:2011+A1:2014,CEN,number,none,FULL_LIST
32021D1992,2021-11-15,2021,EN 71-3:2019,CEN,number,none,FULL_LIST
32021D1992,2021-11-15,2021,EN 71-4:2013,CEN,number,none,FULL_LIST
32021D1992,2021-11-15,2021,EN 71-13:2014,CEN,number,none,FULL_LIST
32021D1992,2021-11-15,2021,EN 71-7:2014+A2:2018,CEN,number,none,FULL_LIST
32021D1992,2021-11-15,2021,EN 71-12:2013,CEN,number,none,FULL_LIST
32021D1992,2021-11-15,2021,EN 62115:2005,IEC,inferred-60000,none,FULL_LIST
32021D1992,2021-11-15,2021,EN 62115:2005,IEC,inferred-60000,none,FULL_LIST
32021D1992,2021-11-15,2021,EN 62115:2005,IEC,inferred-60000,none,FULL_LIST
32021D1992,2021-11-15,2021,EN 62115:2005,IEC,inferred-60000,none,FULL_LIST
32021D1992,2021-11-15,2021,EN 62115:2005,IEC,inferred-60000,none,FULL_LIST
32021D2173,2021-12-08,2021,EN ISO 8849:2018,ISO,explicit,none,AMENDING
32021D2173,2021-12-08,2021,EN ISO 14946:2001,ISO,explicit,none,AMENDING
32021D2173,2021-12-08,2021,EN ISO 8849:2021,ISO,explicit,none,AMENDING
32021D2173,2021-12-08,2021,EN ISO 14946:2021,ISO,explicit,none,AMENDING
32021D2173,2021-12-08,2021,EN ISO 8099-2:2021,ISO,explicit,none,AMENDING
32021D2173,2021-12-08,2021,EN ISO 14945:2021,ISO,explicit,none,AMENDING
32021D2173,2021-12-08,2021,EN ISO 8099-2:2021,ISO,explicit,none,AMENDING
32021D2173,2021-12-08,2021,EN ISO 8849:2021,ISO,explicit,none,AMENDING
32021D2173,2021-12-08,2021,EN ISO 14945:2021,ISO,explicit,none,AMENDING
32021D2173,2021-12-08,2021,EN ISO 14946:2021,ISO,explicit,none,AMENDING
32021D2173,2021-12-08,2021,EN ISO 8099-2:2021,ISO,explicit,none,AMENDING
32021D2173,2021-12-08,2021,EN ISO 8849:2021,ISO,explicit,none,AMENDING
32021D2173,2021-12-08,2021,EN ISO 14945:2021,ISO,explicit,none,AMENDING
32021D2173,2021-12-08,2021,EN ISO 14946:2021,ISO,explicit,none,AMENDING
32021D2173,2021-12-08,2021,EN ISO 8849:2021,ISO,explicit,none,AMENDING
32021D2173,2021-12-08,2021,EN ISO 8849:2018,ISO,explicit,none,AMENDING
32021D2173,2021-12-08,2021,EN ISO 14946:2021,ISO,explicit,none,AMENDING
32021D2173,2021-12-08,2021,EN ISO 14946:2001,ISO,explicit,none,AMENDING
32021D2173,2021-12-08,2021,EN ISO 8849:2018,ISO,explicit,none,AMENDING
32021D2173,2021-12-08,2021,EN ISO 14946:2001,ISO,explicit,none,AMENDING
32021D2173,2021-12-08,2021,EN ISO 8849:2018,ISO,explicit,none,AMENDING
32021D2173,2021-12-08,2021,EN ISO 14946:2001,ISO,explicit,none,AMENDING
32021D2173,2021-12-08,2021,EN ISO 8099-2:2021,ISO,explicit,none,AMENDING
32021D2173,2021-12-08,2021,EN ISO 8849:2021,ISO,explicit,none,AMENDING
32021D2173,2021-12-08,2021,EN ISO 14945:2021,ISO,explicit,none,AMENDING
32021D2173,2021-12-08,2021,EN ISO 14946:2021,ISO,explicit,none,AMENDING
32021D2173,2021-12-08,2021,EN ISO 8849:2018,ISO,explicit,none,AMENDING
32021D2173,2021-12-08,2021,EN ISO 14946:2001,ISO,explicit,withdrawal,AMENDING
32021D2173,2021-12-08,2021,EN ISO 8099-2:2021,ISO,explicit,addition,AMENDING
32021D2173,2021-12-08,2021,EN ISO 8849:2021,ISO,explicit,addition,AMENDING
32021D2173,2021-12-08,2021,EN ISO 14945:2021,ISO,explicit,addition,AMENDING
32021D2173,2021-12-08,2021,EN ISO 14946:2021,ISO,explicit,addition,AMENDING
32021D2173,2021-12-08,2021,EN ISO 14946:2001,ISO,explicit,addition,AMENDING
32021D2173,2021-12-08,2021,EN ISO 14946:2001,ISO,explicit,addition,AMENDING
32021D2272,2021-12-20,2021,EN 13445-10:2021,CEN,number,none,AMENDING
32021D2272,2021-12-20,2021,EN 17278:2021,CEN,number,none,AMENDING
32021D2272,2021-12-20,2021,EN 10216-5:2013,CEN,number,none,AMENDING
32021D2272,2021-12-20,2021,EN 10217-7:2014,CEN,number,none,AMENDING
32021D2272,2021-12-20,2021,EN 10216-5:2021,CEN,number,none,AMENDING
32021D2272,2021-12-20,2021,EN 10217-7:2021,CEN,number,none,AMENDING
32021D2272,2021-12-20,2021,EN 10222-2:2017,CEN,number,none,AMENDING
32021D2272,2021-12-20,2021,EN 10222-4:2017,CEN,number,none,AMENDING
32021D2272,2021-12-20,2021,EN 10222-2:2017+A1:2021,CEN,number,none,AMENDING
32021D2272,2021-12-20,2021,EN 10222-4:2017+A1:2021,CEN,number,none,AMENDING
32021D2272,2021-12-20,2021,EN 13445-1:2014,CEN,number,none,AMENDING
32021D2272,2021-12-20,2021,EN 13445-1:2014,CEN,number,none,AMENDING
32021D2272,2021-12-20,2021,EN 13445-4:2014,CEN,number,none,AMENDING
32021D2272,2021-12-20,2021,EN 13445-8:2014,CEN,number,none,AMENDING
32021D2272,2021-12-20,2021,EN 13445-8:2014,CEN,number,none,AMENDING
32021D2272,2021-12-20,2021,EN 13445-1:2021,CEN,number,none,AMENDING
32021D2272,2021-12-20,2021,EN 13445-4:2021,CEN,number,none,AMENDING
32021D2272,2021-12-20,2021,EN 13445-8:2021,CEN,number,none,AMENDING
32021D2272,2021-12-20,2021,EN 13445-2:2014,CEN,number,none,AMENDING
32021D2272,2021-12-20,2021,EN 13445-2:2014,CEN,number,none,AMENDING
32021D2272,2021-12-20,2021,EN 13445-2:2014,CEN,number,none,AMENDING
32021D2272,2021-12-20,2021,EN 13445-2:2014,CEN,number,none,AMENDING
32021D2272,2021-12-20,2021,EN 13445-3:2014,CEN,number,none,AMENDING
32021D2272,2021-12-20,2021,EN 13445-3:2014,CEN,number,none,AMENDING
32021D2272,2021-12-20,2021,EN 13445-3:2014,CEN,number,none,AMENDING
32021D2272,2021-12-20,2021,EN 13445-3:2014,CEN,number,none,AMENDING
32021D2272,2021-12-20,2021,EN 13445-3:2014,CEN,number,none,AMENDING
32021D2272,2021-12-20,2021,EN 13445-3:2014,CEN,number,none,AMENDING
32021D2272,2021-12-20,2021,EN 13445-3:2014,CEN,number,none,AMENDING
32021D2272,2021-12-20,2021,EN 13445-3:2014,CEN,number,none,AMENDING
32021D2272,2021-12-20,2021,EN 13445-3:2014,CEN,number,none,AMENDING
32021D2272,2021-12-20,2021,EN 13445-5:2014,CEN,number,none,AMENDING
32021D2272,2021-12-20,2021,EN 13445-5:2014,CEN,number,none,AMENDING
32021D2272,2021-12-20,2021,EN 13445-6:2014,CEN,number,none,AMENDING
32021D2272,2021-12-20,2021,EN 13445-6:2014,CEN,number,none,AMENDING
32021D2272,2021-12-20,2021,EN 13445-2:2021,CEN,number,none,AMENDING
32021D2272,2021-12-20,2021,EN 13445-3:2021,CEN,number,none,AMENDING
32021D2272,2021-12-20,2021,EN 13445-5:2021,CEN,number,none,AMENDING
32021D2272,2021-12-20,2021,EN 13445-6:2021,CEN,number,none,AMENDING
32021D2272,2021-12-20,2021,EN 13445-10:2021,CEN,number,none,AMENDING
32021D2272,2021-12-20,2021,EN 17278:2021,CEN,number,none,AMENDING
32021D2272,2021-12-20,2021,EN 10216-5:2021,CEN,number,none,AMENDING
32021D2272,2021-12-20,2021,EN 10217-7:2021,CEN,number,none,AMENDING
32021D2272,2021-12-20,2021,EN 10222-2:2017+A1:2021,CEN,number,none,AMENDING
32021D2272,2021-12-20,2021,EN 10222-4:2017+A1:2021,CEN,number,none,AMENDING
32021D2272,2021-12-20,2021,EN 13445-1:2021,CEN,number,none,AMENDING
32021D2272,2021-12-20,2021,EN 13445-4:2021,CEN,number,none,AMENDING
32021D2272,2021-12-20,2021,EN 13445-8:2021,CEN,number,none,AMENDING
32021D2272,2021-12-20,2021,EN 13445-2:2021,CEN,number,none,AMENDING
32021D2272,2021-12-20,2021,EN 13445-3:2021,CEN,number,none,AMENDING
32021D2272,2021-12-20,2021,EN 13445-5:2021,CEN,number,none,AMENDING
32021D2272,2021-12-20,2021,EN 13445-6:2021,CEN,number,none,AMENDING
32021D2272,2021-12-20,2021,EN 10216-5:2013,CEN,number,withdrawal,AMENDING
32021D2272,2021-12-20,2021,EN 10217-7:2014,CEN,number,withdrawal,AMENDING
32021D2272,2021-12-20,2021,EN 10222-2:2017,CEN,number,withdrawal,AMENDING
32021D2272,2021-12-20,2021,EN 10222-4:2017,CEN,number,withdrawal,AMENDING
32021D2272,2021-12-20,2021,EN 13445-1:2014,CEN,number,withdrawal,AMENDING
32021D2272,2021-12-20,2021,EN 13445-1:2014,CEN,number,withdrawal,AMENDING
32021D2272,2021-12-20,2021,EN 13445-4:2014,CEN,number,withdrawal,AMENDING
32021D2272,2021-12-20,2021,EN 13445-8:2014,CEN,number,withdrawal,AMENDING
32021D2272,2021-12-20,2021,EN 13445-8:2014,CEN,number,withdrawal,AMENDING
32021D2272,2021-12-20,2021,EN 13445-2:2014,CEN,number,withdrawal,AMENDING
32021D2272,2021-12-20,2021,EN 13445-3:2014,CEN,number,withdrawal,AMENDING
32021D2272,2021-12-20,2021,EN 13445-5:2014,CEN,number,withdrawal,AMENDING
32021D2272,2021-12-20,2021,EN 13445-6:2014,CEN,number,withdrawal,AMENDING
32021D2272,2021-12-20,2021,EN 13445-2:2021,CEN,number,addition,AMENDING
32021D2272,2021-12-20,2021,EN 13445-3:2021,CEN,number,addition,AMENDING
32021D2272,2021-12-20,2021,EN 13445-5:2021,CEN,number,addition,AMENDING
32021D2272,2021-12-20,2021,EN 13445-6:2021,CEN,number,addition,AMENDING
32021D2272,2021-12-20,2021,EN 10216-5:2021,CEN,number,addition,AMENDING
32021D2272,2021-12-20,2021,EN 10217-7:2021,CEN,number,addition,AMENDING
32021D2272,2021-12-20,2021,EN 10222-2:2017+A1:2021,CEN,number,addition,AMENDING
32021D2272,2021-12-20,2021,EN 10222-4:2017+A1:2021,CEN,number,addition,AMENDING
32021D2272,2021-12-20,2021,EN 13445-1:2021,CEN,number,addition,AMENDING
32021D2272,2021-12-20,2021,EN 13445-4:2021,CEN,number,addition,AMENDING
32021D2272,2021-12-20,2021,EN 13445-8:2021,CEN,number,addition,AMENDING
32021D2272,2021-12-20,2021,EN 13445-10:2021,CEN,number,addition,AMENDING
32021D2272,2021-12-20,2021,EN 17278:2021,CEN,number,addition,AMENDING
32021D2272,2021-12-20,2021,EN 10216-5:2013,CEN,number,addition,AMENDING
32021D2272,2021-12-20,2021,EN 10217-7:2014,CEN,number,addition,AMENDING
32021D2272,2021-12-20,2021,EN 10222-2:2017,CEN,number,addition,AMENDING
32021D2272,2021-12-20,2021,EN 10222-4:2017,CEN,number,addition,AMENDING
32021D2272,2021-12-20,2021,EN 13445-1:2014,CEN,number,addition,AMENDING
32021D2272,2021-12-20,2021,EN 13445-1:2014,CEN,number,addition,AMENDING
32021D2272,2021-12-20,2021,EN 13445-4:2014,CEN,number,addition,AMENDING
32021D2272,2021-12-20,2021,EN 13445-8:2014,CEN,number,addition,AMENDING
32021D2272,2021-12-20,2021,EN 13445-8:2014,CEN,number,addition,AMENDING
32021D2273,2021-12-20,2021,EN IEC 61010-2-202:2021,IEC,explicit,none,AMENDING
32021D2273,2021-12-20,2021,EN IEC 61010-2-130:2021,IEC,explicit,none,AMENDING
32021D2273,2021-12-20,2021,EN 60335-2-43:2003,IEC,inferred-60000,none,AMENDING
32021D2273,2021-12-20,2021,EN 60335-2-43:2003,IEC,inferred-60000,none,AMENDING
32021D2273,2021-12-20,2021,EN 60335-2-43:2003,IEC,inferred-60000,none,AMENDING
32021D2273,2021-12-20,2021,EN 60320-2-4:2006,IEC,inferred-60000,none,AMENDING
32021D2273,2021-12-20,2021,EN 60320-2-4:2006,IEC,inferred-60000,none,AMENDING
32021D2273,2021-12-20,2021,EN 60598-2-23:1996,IEC,inferred-60000,none,AMENDING
32021D2273,2021-12-20,2021,EN 60598-2-23:1996,IEC,inferred-60000,none,AMENDING
32021D2273,2021-12-20,2021,EN 60598-2-23:1996,IEC,inferred-60000,none,AMENDING
32021D2273,2021-12-20,2021,EN 60947-3:2009,IEC,inferred-60000,none,AMENDING
32021D2273,2021-12-20,2021,EN 60947-3:2009,IEC,inferred-60000,none,AMENDING
32021D2273,2021-12-20,2021,EN 60947-3:2009,IEC,inferred-60000,none,AMENDING
32021D2273,2021-12-20,2021,EN 60947-4-1:2010,IEC,inferred-60000,none,AMENDING
32021D2273,2021-12-20,2021,EN 60947-4-1:2010,IEC,inferred-60000,none,AMENDING
32021D2273,2021-12-20,2021,EN 62040-1:2008,IEC,inferred-60000,none,AMENDING
32021D2273,2021-12-20,2021,EN 62040-1:2008,IEC,inferred-60000,none,AMENDING
32021D2273,2021-12-20,2021,EN 62040-1:2008,IEC,inferred-60000,none,AMENDING
32021D2273,2021-12-20,2021,EN 60838-1:2004,IEC,inferred-60000,none,AMENDING
32021D2273,2021-12-20,2021,EN 60838-1:2004,IEC,inferred-60000,none,AMENDING
32021D2273,2021-12-20,2021,EN 60838-1:2004,IEC,inferred-60000,none,AMENDING
32021D2273,2021-12-20,2021,EN 60335-2-21:2003,IEC,inferred-60000,none,AMENDING
32021D2273,2021-12-20,2021,EN 60335-2-21:2003,IEC,inferred-60000,none,AMENDING
32021D2273,2021-12-20,2021,EN 60335-2-21:2003,IEC,inferred-60000,none,AMENDING
32021D2273,2021-12-20,2021,EN 60335-2-21:2003,IEC,inferred-60000,none,AMENDING
32021D2273,2021-12-20,2021,EN 60335-2-21:2003,IEC,inferred-60000,none,AMENDING
32021D2273,2021-12-20,2021,EN 60670-1:2005,IEC,inferred-60000,none,AMENDING
32021D2273,2021-12-20,2021,EN 60670-1:2005,IEC,inferred-60000,none,AMENDING
32021D2273,2021-12-20,2021,EN 60670-1:2005,IEC,inferred-60000,none,AMENDING
32021D2273,2021-12-20,2021,EN 60670-1:2005,IEC,inferred-60000,none,AMENDING
32021D2273,2021-12-20,2021,EN 60947-5-8:2006,IEC,inferred-60000,none,AMENDING
32021D2273,2021-12-20,2021,EN 60974-11:2010,IEC,inferred-60000,none,AMENDING
32021D2273,2021-12-20,2021,EN 60974-13:2011,IEC,inferred-60000,none,AMENDING
32021D2273,2021-12-20,2021,EN IEC 60335-2-43:2020,IEC,explicit,none,AMENDING
32021D2273,2021-12-20,2021,EN IEC 60335-2-43:2020,IEC,explicit,none,AMENDING
32021D2273,2021-12-20,2021,EN IEC 60320-2-4:2021,IEC,explicit,none,AMENDING
32021D2273,2021-12-20,2021,EN IEC 60598-2-23:2021,IEC,explicit,none,AMENDING
32021D2273,2021-12-20,2021,EN IEC 60947-3:2021,IEC,explicit,none,AMENDING
32021D2273,2021-12-20,2021,EN IEC 60947-4-1:2019,IEC,explicit,none,AMENDING
32021D2273,2021-12-20,2021,EN IEC 60947-4-1:2019,IEC,explicit,none,AMENDING
32021D2273,2021-12-20,2021,EN IEC 62040-1:2019,IEC,explicit,none,AMENDING
32021D2273,2021-12-20,2021,EN IEC 62040-1:2019,IEC,explicit,none,AMENDING
32021D2273,2021-12-20,2021,EN 60838-1:2017,IEC,inferred-60000,none,AMENDING
32021D2273,2021-12-20,2021,EN 60838-1:2017,IEC,inferred-60000,none,AMENDING
32021D2273,2021-12-20,2021,EN 60838-1:2017,IEC,inferred-60000,none,AMENDING
32021D2273,2021-12-20,2021,EN 60838-1:2017,IEC,inferred-60000,none,AMENDING
32021D2273,2021-12-20,2021,EN 60335-2-21:2021,IEC,inferred-60000,none,AMENDING
32021D2273,2021-12-20,2021,EN IEC 60670-1:2021,IEC,explicit,none,AMENDING
32021D2273,2021-12-20,2021,EN IEC 60670-1:2021,IEC,explicit,none,AMENDING
32021D2273,2021-12-20,2021,EN IEC 60947-5-8:2021,IEC,explicit,none,AMENDING
32021D2273,2021-12-20,2021,EN IEC 60974-11:2021,IEC,explicit,none,AMENDING
32021D2273,2021-12-20,2021,EN IEC 60974-13:2021,IEC,explicit,none,AMENDING
32021D2273,2021-12-20,2021,EN 60335-2-5:2015,IEC,inferred-60000,none,AMENDING
32021D2273,2021-12-20,2021,EN 60335-2-5:2015,IEC,inferred-60000,none,AMENDING
32021D2273,2021-12-20,2021,EN 60335-1:2012,IEC,inferred-60000,none,AMENDING
32021D2273,2021-12-20,2021,EN 60335-1:2012,IEC,inferred-60000,none,AMENDING
32021D2273,2021-12-20,2021,EN 60335-1:2012,IEC,inferred-60000,none,AMENDING
32021D2273,2021-12-20,2021,EN 60335-1:2012,IEC,inferred-60000,none,AMENDING
32021D2273,2021-12-20,2021,EN 60335-1:2012,IEC,inferred-60000,none,AMENDING
32021D2273,2021-12-20,2021,EN 60335-1:2012,IEC,inferred-60000,none,AMENDING
32021D2273,2021-12-20,2021,EN 60335-2-5:2015,IEC,inferred-60000,none,AMENDING
32021D2273,2021-12-20,2021,EN 60335-1:2012,IEC,inferred-60000,none,AMENDING
32021D2273,2021-12-20,2021,EN 60335-2-17:2013,IEC,inferred-60000,none,AMENDING
32021D2273,2021-12-20,2021,EN 60335-2-17:2013,IEC,inferred-60000,none,AMENDING
32021D2273,2021-12-20,2021,EN 60335-2-17:2013,IEC,inferred-60000,none,AMENDING
32021D2273,2021-12-20,2021,EN 60335-2-17:2013,IEC,inferred-60000,none,AMENDING
32021D2273,2021-12-20,2021,EN 60825-1:2014,IEC,inferred-60000,none,AMENDING
32021D2273,2021-12-20,2021,EN 61800-5-1:2007,IEC,inferred-60000,none,AMENDING
32021D2273,2021-12-20,2021,EN 62477-1:2012,IEC,inferred-60000,none,AMENDING
32021D2273,2021-12-20,2021,EN 62477-1:2012,IEC,inferred-60000,none,AMENDING
32021D2273,2021-12-20,2021,EN 60335-2-73:2003,IEC,inferred-60000,none,AMENDING
32021D2273,2021-12-20,2021,EN 60335-2-73:2003,IEC,inferred-60000,none,AMENDING
32021D2273,2021-12-20,2021,EN 60335-2-73:2003,IEC,inferred-60000,none,AMENDING
32021D2273,2021-12-20,2021,EN 61995-1:2008,IEC,inferred-60000,none,AMENDING
32021D2273,2021-12-20,2021,EN 62423:2012,IEC,inferred-60000,none,AMENDING
32021D2273,2021-12-20,2021,EN 60400:2017,IEC,inferred-60000,none,AMENDING
32021D2273,2021-12-20,2021,EN 60825-1:2014,IEC,inferred-60000,none,AMENDING
32021D2273,2021-12-20,2021,EN 61800-5-1:2007,IEC,inferred-60000,none,AMENDING
32021D2273,2021-12-20,2021,EN 61800-5-1:2007,IEC,inferred-60000,none,AMENDING
32021D2273,2021-12-20,2021,EN 62477-1:2012,IEC,inferred-60000,none,AMENDING
32021D2273,2021-12-20,2021,EN 62477-1:2012,IEC,inferred-60000,none,AMENDING
32021D2273,2021-12-20,2021,EN 60335-2-73:2003,IEC,inferred-60000,none,AMENDING
32021D2273,2021-12-20,2021,EN 61995-1:2008,IEC,inferred-60000,none,AMENDING
32021D2273,2021-12-20,2021,EN 61995-1:2008,IEC,inferred-60000,none,AMENDING
32021D2273,2021-12-20,2021,EN 62423:2012,IEC,inferred-60000,none,AMENDING
32021D2273,2021-12-20,2021,EN 60400:2017,IEC,inferred-60000,none,AMENDING
32021D2273,2021-12-20,2021,EN IEC 61010-2-202:2021,IEC,explicit,none,AMENDING
32021D2273,2021-12-20,2021,EN IEC 61010-2-130:2021,IEC,explicit,none,AMENDING
32021D2273,2021-12-20,2021,EN IEC 60335-2-43:2020,IEC,explicit,none,AMENDING
32021D2273,2021-12-20,2021,EN IEC 60335-2-43:2020,IEC,explicit,none,AMENDING
32021D2273,2021-12-20,2021,EN IEC 60320-2-4:2021,IEC,explicit,none,AMENDING
32021D2273,2021-12-20,2021,EN IEC 60598-2-23:2021,IEC,explicit,none,AMENDING
32021D2273,2021-12-20,2021,EN IEC 60947-3:2021,IEC,explicit,none,AMENDING
32021D2273,2021-12-20,2021,EN IEC 60947-4-1:2019,IEC,explicit,none,AMENDING
32021D2273,2021-12-20,2021,EN IEC 60947-4-1:2019,IEC,explicit,none,AMENDING
32021D2273,2021-12-20,2021,EN IEC 62040-1:2019,IEC,explicit,none,AMENDING
32021D2273,2021-12-20,2021,EN IEC 62040-1:2019,IEC,explicit,none,AMENDING
32021D2273,2021-12-20,2021,EN 60838-1:2017,IEC,inferred-60000,none,AMENDING
32021D2273,2021-12-20,2021,EN 60838-1:2017,IEC,inferred-60000,none,AMENDING
32021D2273,2021-12-20,2021,EN 60838-1:2017,IEC,inferred-60000,none,AMENDING
32021D2273,2021-12-20,2021,EN 60838-1:2017,IEC,inferred-60000,none,AMENDING
32021D2273,2021-12-20,2021,EN 60335-2-21:2021,IEC,inferred-60000,none,AMENDING
32021D2273,2021-12-20,2021,EN IEC 60670-1:2021,IEC,explicit,none,AMENDING
32021D2273,2021-12-20,2021,EN IEC 60670-1:2021,IEC,explicit,none,AMENDING
32021D2273,2021-12-20,2021,EN IEC 60947-5-8:2021,IEC,explicit,none,AMENDING
32021D2273,2021-12-20,2021,EN IEC 60974-11:2021,IEC,explicit,none,AMENDING
32021D2273,2021-12-20,2021,EN IEC 60974-13:2021,IEC,explicit,none,AMENDING
32021D2273,2021-12-20,2021,EN 60335-2-5:2015,IEC,inferred-60000,none,AMENDING
32021D2273,2021-12-20,2021,EN 60335-2-5:2015,IEC,inferred-60000,none,AMENDING
32021D2273,2021-12-20,2021,EN 60335-2-5:2015,IEC,inferred-60000,none,AMENDING
32021D2273,2021-12-20,2021,EN 60335-1:2012,IEC,inferred-60000,none,AMENDING
32021D2273,2021-12-20,2021,EN 60335-1:2012,IEC,inferred-60000,none,AMENDING
32021D2273,2021-12-20,2021,EN 60335-1:2012,IEC,inferred-60000,none,AMENDING
32021D2273,2021-12-20,2021,EN 60335-1:2012,IEC,inferred-60000,none,AMENDING
32021D2273,2021-12-20,2021,EN 60335-1:2012,IEC,inferred-60000,none,AMENDING
32021D2273,2021-12-20,2021,EN 60335-1:2012,IEC,inferred-60000,none,AMENDING
32021D2273,2021-12-20,2021,EN 60335-1:2012,IEC,inferred-60000,none,AMENDING
32021D2273,2021-12-20,2021,EN 60335-1:2012,IEC,inferred-60000,none,AMENDING
32021D2273,2021-12-20,2021,EN 60335-2-17:2013,IEC,inferred-60000,none,AMENDING
32021D2273,2021-12-20,2021,EN 60335-2-17:2013,IEC,inferred-60000,none,AMENDING
32021D2273,2021-12-20,2021,EN 60335-2-17:2013,IEC,inferred-60000,none,AMENDING
32021D2273,2021-12-20,2021,EN 60335-2-17:2013,IEC,inferred-60000,none,AMENDING
32021D2273,2021-12-20,2021,EN 60825-1:2014,IEC,inferred-60000,none,AMENDING
32021D2273,2021-12-20,2021,EN 60825-1:2014,IEC,inferred-60000,none,AMENDING
32021D2273,2021-12-20,2021,EN 61800-5-1:2007,IEC,inferred-60000,none,AMENDING
32021D2273,2021-12-20,2021,EN 61800-5-1:2007,IEC,inferred-60000,none,AMENDING
32021D2273,2021-12-20,2021,EN 61800-5-1:2007,IEC,inferred-60000,none,AMENDING
32021D2273,2021-12-20,2021,EN 62477-1:2012,IEC,inferred-60000,none,AMENDING
32021D2273,2021-12-20,2021,EN 62477-1:2012,IEC,inferred-60000,none,AMENDING
32021D2273,2021-12-20,2021,EN 62477-1:2012,IEC,inferred-60000,none,AMENDING
32021D2273,2021-12-20,2021,EN 60335-2-73:2003,IEC,inferred-60000,none,AMENDING
32021D2273,2021-12-20,2021,EN 60335-2-73:2003,IEC,inferred-60000,none,AMENDING
32021D2273,2021-12-20,2021,EN 60335-2-73:2003,IEC,inferred-60000,none,AMENDING
32021D2273,2021-12-20,2021,EN 60335-2-73:2003,IEC,inferred-60000,none,AMENDING
32021D2273,2021-12-20,2021,EN 61995-1:2008,IEC,inferred-60000,none,AMENDING
32021D2273,2021-12-20,2021,EN 61995-1:2008,IEC,inferred-60000,none,AMENDING
32021D2273,2021-12-20,2021,EN 61995-1:2008,IEC,inferred-60000,none,AMENDING
32021D2273,2021-12-20,2021,EN 62423:2012,IEC,inferred-60000,none,AMENDING
32021D2273,2021-12-20,2021,EN 62423:2012,IEC,inferred-60000,none,AMENDING
32021D2273,2021-12-20,2021,EN 60400:2017,IEC,inferred-60000,none,AMENDING
32021D2273,2021-12-20,2021,EN 60400:2017,IEC,inferred-60000,none,AMENDING
32021D2273,2021-12-20,2021,EN 60335-2-43:2003,IEC,inferred-60000,none,AMENDING
32021D2273,2021-12-20,2021,EN 60320-2-4:2006,IEC,inferred-60000,none,AMENDING
32021D2273,2021-12-20,2021,EN 60598-2-23:1996,IEC,inferred-60000,none,AMENDING
32021D2273,2021-12-20,2021,EN 60947-3:2009,IEC,inferred-60000,none,AMENDING
32021D2273,2021-12-20,2021,EN 60947-4-1:2010,IEC,inferred-60000,none,AMENDING
32021D2273,2021-12-20,2021,EN 62040-1:2008,IEC,inferred-60000,none,AMENDING
32021D2273,2021-12-20,2021,EN 60838-1:2004,IEC,inferred-60000,none,AMENDING
32021D2273,2021-12-20,2021,EN 60335-2-21:2003,IEC,inferred-60000,none,AMENDING
32021D2273,2021-12-20,2021,EN 60670-1:2005,IEC,inferred-60000,none,AMENDING
32021D2273,2021-12-20,2021,EN 60947-5-8:2006,IEC,inferred-60000,none,AMENDING
32021D2273,2021-12-20,2021,EN 60974-11:2010,IEC,inferred-60000,none,AMENDING
32021D2273,2021-12-20,2021,EN 60974-13:2011,IEC,inferred-60000,none,AMENDING
32021D2273,2021-12-20,2021,EN 60825-1:2014,IEC,inferred-60000,none,AMENDING
32021D2273,2021-12-20,2021,EN 61800-5-1:2007,IEC,inferred-60000,none,AMENDING
32021D2273,2021-12-20,2021,EN 62477-1:2012,IEC,inferred-60000,none,AMENDING
32021D2273,2021-12-20,2021,EN 60335-2-73:2003,IEC,inferred-60000,none,AMENDING
32021D2273,2021-12-20,2021,EN 61995-1:2008,IEC,inferred-60000,none,AMENDING
32021D2273,2021-12-20,2021,EN 62423:2012,IEC,inferred-60000,none,AMENDING
32021D2273,2021-12-20,2021,EN 60400:2017,IEC,inferred-60000,none,AMENDING
32021D2273,2021-12-20,2021,EN 60335-1:2012,IEC,inferred-60000,withdrawal,AMENDING
32021D2273,2021-12-20,2021,EN 60335-2-5:2015,IEC,inferred-60000,withdrawal,AMENDING
32021D2273,2021-12-20,2021,EN 60335-2-17:2013,IEC,inferred-60000,withdrawal,AMENDING
32021D2273,2021-12-20,2021,EN IEC 60335-2-43:2020,IEC,explicit,withdrawal,AMENDING
32021D2273,2021-12-20,2021,EN IEC 60335-2-43:2020,IEC,explicit,withdrawal,AMENDING
32021D2273,2021-12-20,2021,EN IEC 60320-2-4:2021,IEC,explicit,withdrawal,AMENDING
32021D2273,2021-12-20,2021,EN IEC 60598-2-23:2021,IEC,explicit,withdrawal,AMENDING
32021D2273,2021-12-20,2021,EN IEC 60947-3:2021,IEC,explicit,withdrawal,AMENDING
32021D2273,2021-12-20,2021,EN IEC 60947-4-1:2019,IEC,explicit,withdrawal,AMENDING
32021D2273,2021-12-20,2021,EN IEC 60947-4-1:2019,IEC,explicit,withdrawal,AMENDING
32021D2273,2021-12-20,2021,EN IEC 62040-1:2019,IEC,explicit,withdrawal,AMENDING
32021D2273,2021-12-20,2021,EN IEC 62040-1:2019,IEC,explicit,withdrawal,AMENDING
32021D2273,2021-12-20,2021,EN 60838-1:2017,IEC,inferred-60000,withdrawal,AMENDING
32021D2273,2021-12-20,2021,EN 60838-1:2017,IEC,inferred-60000,withdrawal,AMENDING
32021D2273,2021-12-20,2021,EN 60838-1:2017,IEC,inferred-60000,withdrawal,AMENDING
32021D2273,2021-12-20,2021,EN 60838-1:2017,IEC,inferred-60000,withdrawal,AMENDING
32021D2273,2021-12-20,2021,EN 60335-2-21:2021,IEC,inferred-60000,withdrawal,AMENDING
32021D2273,2021-12-20,2021,EN IEC 60670-1:2021,IEC,explicit,withdrawal,AMENDING
32021D2273,2021-12-20,2021,EN IEC 60670-1:2021,IEC,explicit,withdrawal,AMENDING
32021D2273,2021-12-20,2021,EN IEC 60947-5-8:2021,IEC,explicit,withdrawal,AMENDING
32021D2273,2021-12-20,2021,EN IEC 60974-11:2021,IEC,explicit,withdrawal,AMENDING
32021D2273,2021-12-20,2021,EN IEC 60974-13:2021,IEC,explicit,withdrawal,AMENDING
32021D2273,2021-12-20,2021,EN 60335-2-5:2015,IEC,inferred-60000,withdrawal,AMENDING
32021D2273,2021-12-20,2021,EN 60335-2-5:2015,IEC,inferred-60000,withdrawal,AMENDING
32021D2273,2021-12-20,2021,EN 60335-2-5:2015,IEC,inferred-60000,withdrawal,AMENDING
32021D2273,2021-12-20,2021,EN 60335-1:2012,IEC,inferred-60000,withdrawal,AMENDING
32021D2273,2021-12-20,2021,EN 60335-1:2012,IEC,inferred-60000,withdrawal,AMENDING
32021D2273,2021-12-20,2021,EN 60335-1:2012,IEC,inferred-60000,withdrawal,AMENDING
32021D2273,2021-12-20,2021,EN 60335-1:2012,IEC,inferred-60000,withdrawal,AMENDING
32021D2273,2021-12-20,2021,EN 60335-1:2012,IEC,inferred-60000,withdrawal,AMENDING
32021D2273,2021-12-20,2021,EN 60335-1:2012,IEC,inferred-60000,withdrawal,AMENDING
32021D2273,2021-12-20,2021,EN 60335-1:2012,IEC,inferred-60000,withdrawal,AMENDING
32021D2273,2021-12-20,2021,EN 60335-1:2012,IEC,inferred-60000,withdrawal,AMENDING
32021D2273,2021-12-20,2021,EN 60335-2-17:2013,IEC,inferred-60000,withdrawal,AMENDING
32021D2273,2021-12-20,2021,EN 60335-2-17:2013,IEC,inferred-60000,withdrawal,AMENDING
32021D2273,2021-12-20,2021,EN 60335-2-17:2013,IEC,inferred-60000,withdrawal,AMENDING
32021D2273,2021-12-20,2021,EN 60335-2-17:2013,IEC,inferred-60000,withdrawal,AMENDING
32021D2273,2021-12-20,2021,EN 60825-1:2014,IEC,inferred-60000,withdrawal,AMENDING
32021D2273,2021-12-20,2021,EN 60825-1:2014,IEC,inferred-60000,withdrawal,AMENDING
32021D2273,2021-12-20,2021,EN 61800-5-1:2007,IEC,inferred-60000,withdrawal,AMENDING
32021D2273,2021-12-20,2021,EN 61800-5-1:2007,IEC,inferred-60000,withdrawal,AMENDING
32021D2273,2021-12-20,2021,EN 61800-5-1:2007,IEC,inferred-60000,withdrawal,AMENDING
32021D2273,2021-12-20,2021,EN 62477-1:2012,IEC,inferred-60000,withdrawal,AMENDING
32021D2273,2021-12-20,2021,EN 62477-1:2012,IEC,inferred-60000,withdrawal,AMENDING
32021D2273,2021-12-20,2021,EN 62477-1:2012,IEC,inferred-60000,withdrawal,AMENDING
32021D2273,2021-12-20,2021,EN 62477-1:2012,IEC,inferred-60000,withdrawal,AMENDING
32021D2273,2021-12-20,2021,EN 60335-2-73:2003,IEC,inferred-60000,withdrawal,AMENDING
32021D2273,2021-12-20,2021,EN 60335-2-73:2003,IEC,inferred-60000,withdrawal,AMENDING
32021D2273,2021-12-20,2021,EN 60335-2-73:2003,IEC,inferred-60000,withdrawal,AMENDING
32021D2273,2021-12-20,2021,EN 60335-2-73:2003,IEC,inferred-60000,withdrawal,AMENDING
32021D2273,2021-12-20,2021,EN 61995-1:2008,IEC,inferred-60000,withdrawal,AMENDING
32021D2273,2021-12-20,2021,EN 61995-1:2008,IEC,inferred-60000,withdrawal,AMENDING
32021D2273,2021-12-20,2021,EN 61995-1:2008,IEC,inferred-60000,withdrawal,AMENDING
32021D2273,2021-12-20,2021,EN 62423:2012,IEC,inferred-60000,withdrawal,AMENDING
32021D2273,2021-12-20,2021,EN 62423:2012,IEC,inferred-60000,withdrawal,AMENDING
32021D2273,2021-12-20,2021,EN 60400:2017,IEC,inferred-60000,withdrawal,AMENDING
32021D2273,2021-12-20,2021,EN 60400:2017,IEC,inferred-60000,withdrawal,AMENDING
32021D2273,2021-12-20,2021,EN 60335-2-43:2003,IEC,inferred-60000,withdrawal,AMENDING
32021D2273,2021-12-20,2021,EN 60320-2-4:2006,IEC,inferred-60000,withdrawal,AMENDING
32021D2273,2021-12-20,2021,EN 60598-2-23:1996,IEC,inferred-60000,withdrawal,AMENDING
32021D2273,2021-12-20,2021,EN 60947-3:2009,IEC,inferred-60000,withdrawal,AMENDING
32021D2273,2021-12-20,2021,EN 60947-4-1:2010,IEC,inferred-60000,withdrawal,AMENDING
32021D2273,2021-12-20,2021,EN 62040-1:2008,IEC,inferred-60000,withdrawal,AMENDING
32021D2273,2021-12-20,2021,EN 60838-1:2004,IEC,inferred-60000,withdrawal,AMENDING
32021D2273,2021-12-20,2021,EN 60335-2-21:2003,IEC,inferred-60000,withdrawal,AMENDING
32021D2273,2021-12-20,2021,EN 60670-1:2005,IEC,inferred-60000,withdrawal,AMENDING
32021D2273,2021-12-20,2021,EN 60947-5-8:2006,IEC,inferred-60000,withdrawal,AMENDING
32021D2273,2021-12-20,2021,EN 60974-11:2010,IEC,inferred-60000,withdrawal,AMENDING
32021D2273,2021-12-20,2021,EN 60974-13:2011,IEC,inferred-60000,withdrawal,AMENDING
32021D2273,2021-12-20,2021,EN 60335-2-5:2015,IEC,inferred-60000,withdrawal,AMENDING
32021D2273,2021-12-20,2021,EN 60335-1:2012,IEC,inferred-60000,withdrawal,AMENDING
32021D2273,2021-12-20,2021,EN 60335-2-17:2013,IEC,inferred-60000,withdrawal,AMENDING
32021D2273,2021-12-20,2021,EN 60825-1:2014,IEC,inferred-60000,withdrawal,AMENDING
32021D2273,2021-12-20,2021,EN 61800-5-1:2007,IEC,inferred-60000,withdrawal,AMENDING
32021D2273,2021-12-20,2021,EN 62477-1:2012,IEC,inferred-60000,withdrawal,AMENDING
32021D2273,2021-12-20,2021,EN 60335-2-73:2003,IEC,inferred-60000,withdrawal,AMENDING
32021D2273,2021-12-20,2021,EN 61995-1:2008,IEC,inferred-60000,withdrawal,AMENDING
32021D2273,2021-12-20,2021,EN 62423:2012,IEC,inferred-60000,withdrawal,AMENDING
32021D2273,2021-12-20,2021,EN 60400:2017,IEC,inferred-60000,withdrawal,AMENDING
32021D2273,2021-12-20,2021,EN 60335-1:2012,IEC,inferred-60000,addition,AMENDING
32021D2273,2021-12-20,2021,EN 60335-1:2012,IEC,inferred-60000,addition,AMENDING
32021D2273,2021-12-20,2021,EN 60335-1:2012,IEC,inferred-60000,addition,AMENDING
32021D2273,2021-12-20,2021,EN 60335-1:2012,IEC,inferred-60000,addition,AMENDING
32021D2273,2021-12-20,2021,EN 60335-1:2012,IEC,inferred-60000,addition,AMENDING
32021D2273,2021-12-20,2021,EN 60335-1:2012,IEC,inferred-60000,addition,AMENDING
32021D2273,2021-12-20,2021,EN 60335-1:2012,IEC,inferred-60000,addition,AMENDING
32021D2273,2021-12-20,2021,EN 60335-2-5:2015,IEC,inferred-60000,addition,AMENDING
32021D2273,2021-12-20,2021,EN 60335-2-5:2015,IEC,inferred-60000,addition,AMENDING
32021D2273,2021-12-20,2021,EN 60335-2-5:2015,IEC,inferred-60000,addition,AMENDING
32021D2273,2021-12-20,2021,EN 60335-2-17:2013,IEC,inferred-60000,addition,AMENDING
32021D2273,2021-12-20,2021,EN 60335-2-17:2013,IEC,inferred-60000,addition,AMENDING
32021D2273,2021-12-20,2021,EN 60335-2-17:2013,IEC,inferred-60000,addition,AMENDING
32021D2273,2021-12-20,2021,EN 60335-2-17:2013,IEC,inferred-60000,addition,AMENDING
32021D2273,2021-12-20,2021,EN IEC 61010-2-202:2021,IEC,explicit,addition,AMENDING
32021D2273,2021-12-20,2021,EN IEC 60335-2-43:2020,IEC,explicit,addition,AMENDING
32021D2273,2021-12-20,2021,EN IEC 60335-2-43:2020,IEC,explicit,addition,AMENDING
32021D2273,2021-12-20,2021,EN IEC 60320-2-4:2021,IEC,explicit,addition,AMENDING
32021D2273,2021-12-20,2021,EN IEC 60598-2-23:2021,IEC,explicit,addition,AMENDING
32021D2273,2021-12-20,2021,EN IEC 60947-3:2021,IEC,explicit,addition,AMENDING
32021D2273,2021-12-20,2021,EN IEC 60947-4-1:2019,IEC,explicit,addition,AMENDING
32021D2273,2021-12-20,2021,EN IEC 60947-4-1:2019,IEC,explicit,addition,AMENDING
32021D2273,2021-12-20,2021,EN IEC 62040-1:2019,IEC,explicit,addition,AMENDING
32021D2273,2021-12-20,2021,EN IEC 62040-1:2019,IEC,explicit,addition,AMENDING
32021D2273,2021-12-20,2021,EN 60825-1:2014,IEC,inferred-60000,addition,AMENDING
32021D2273,2021-12-20,2021,EN 60825-1:2014,IEC,inferred-60000,addition,AMENDING
32021D2273,2021-12-20,2021,EN 61800-5-1:2007,IEC,inferred-60000,addition,AMENDING
32021D2273,2021-12-20,2021,EN 61800-5-1:2007,IEC,inferred-60000,addition,AMENDING
32021D2273,2021-12-20,2021,EN 61800-5-1:2007,IEC,inferred-60000,addition,AMENDING
32021D2273,2021-12-20,2021,EN 62477-1:2012,IEC,inferred-60000,addition,AMENDING
32021D2273,2021-12-20,2021,EN 62477-1:2012,IEC,inferred-60000,addition,AMENDING
32021D2273,2021-12-20,2021,EN 62477-1:2012,IEC,inferred-60000,addition,AMENDING
32021D2273,2021-12-20,2021,EN 62477-1:2012,IEC,inferred-60000,addition,AMENDING
32021D2273,2021-12-20,2021,EN 60335-2-73:2003,IEC,inferred-60000,addition,AMENDING
32021D2273,2021-12-20,2021,EN 60335-2-73:2003,IEC,inferred-60000,addition,AMENDING
32021D2273,2021-12-20,2021,EN 60335-2-73:2003,IEC,inferred-60000,addition,AMENDING
32021D2273,2021-12-20,2021,EN 60335-2-73:2003,IEC,inferred-60000,addition,AMENDING
32021D2273,2021-12-20,2021,EN 61995-1:2008,IEC,inferred-60000,addition,AMENDING
32021D2273,2021-12-20,2021,EN 61995-1:2008,IEC,inferred-60000,addition,AMENDING
32021D2273,2021-12-20,2021,EN 61995-1:2008,IEC,inferred-60000,addition,AMENDING
32021D2273,2021-12-20,2021,EN 62423:2012,IEC,inferred-60000,addition,AMENDING
32021D2273,2021-12-20,2021,EN 62423:2012,IEC,inferred-60000,addition,AMENDING
32021D2273,2021-12-20,2021,EN 60400:2017,IEC,inferred-60000,addition,AMENDING
32021D2273,2021-12-20,2021,EN 60400:2017,IEC,inferred-60000,addition,AMENDING
32021D2273,2021-12-20,2021,EN IEC 61010-2-130:2021,IEC,explicit,addition,AMENDING
32021D2273,2021-12-20,2021,EN 60838-1:2017,IEC,inferred-60000,addition,AMENDING
32021D2273,2021-12-20,2021,EN 60838-1:2017,IEC,inferred-60000,addition,AMENDING
32021D2273,2021-12-20,2021,EN 60838-1:2017,IEC,inferred-60000,addition,AMENDING
32021D2273,2021-12-20,2021,EN 60838-1:2017,IEC,inferred-60000,addition,AMENDING
32021D2273,2021-12-20,2021,EN 60335-2-21:2021,IEC,inferred-60000,addition,AMENDING
32021D2273,2021-12-20,2021,EN IEC 60670-1:2021,IEC,explicit,addition,AMENDING
32021D2273,2021-12-20,2021,EN IEC 60670-1:2021,IEC,explicit,addition,AMENDING
32021D2273,2021-12-20,2021,EN IEC 60947-5-8:2021,IEC,explicit,addition,AMENDING
32021D2273,2021-12-20,2021,EN IEC 60974-11:2021,IEC,explicit,addition,AMENDING
32021D2273,2021-12-20,2021,EN IEC 60974-13:2021,IEC,explicit,addition,AMENDING
32021D2273,2021-12-20,2021,EN 60335-2-43:2003,IEC,inferred-60000,addition,AMENDING
32021D2273,2021-12-20,2021,EN 60335-2-43:2003,IEC,inferred-60000,addition,AMENDING
32021D2273,2021-12-20,2021,EN 60335-2-43:2003,IEC,inferred-60000,addition,AMENDING
32021D2273,2021-12-20,2021,EN 60320-2-4:2006,IEC,inferred-60000,addition,AMENDING
32021D2273,2021-12-20,2021,EN 60320-2-4:2006,IEC,inferred-60000,addition,AMENDING
32021D2273,2021-12-20,2021,EN 60598-2-23:1996,IEC,inferred-60000,addition,AMENDING
32021D2273,2021-12-20,2021,EN 60598-2-23:1996,IEC,inferred-60000,addition,AMENDING
32021D2273,2021-12-20,2021,EN 60598-2-23:1996,IEC,inferred-60000,addition,AMENDING
32021D2273,2021-12-20,2021,EN 60947-3:2009,IEC,inferred-60000,addition,AMENDING
32021D2273,2021-12-20,2021,EN 60947-3:2009,IEC,inferred-60000,addition,AMENDING
32021D2273,2021-12-20,2021,EN 60947-3:2009,IEC,inferred-60000,addition,AMENDING
32021D2273,2021-12-20,2021,EN 60947-4-1:2010,IEC,inferred-60000,addition,AMENDING
32021D2273,2021-12-20,2021,EN 60947-4-1:2010,IEC,inferred-60000,addition,AMENDING
32021D2273,2021-12-20,2021,EN 62040-1:2008,IEC,inferred-60000,addition,AMENDING
32021D2273,2021-12-20,2021,EN 62040-1:2008,IEC,inferred-60000,addition,AMENDING
32021D2273,2021-12-20,2021,EN 62040-1:2008,IEC,inferred-60000,addition,AMENDING
32021D2273,2021-12-20,2021,EN 60838-1:2004,IEC,inferred-60000,addition,AMENDING
32021D2273,2021-12-20,2021,EN 60838-1:2004,IEC,inferred-60000,addition,AMENDING
32021D2273,2021-12-20,2021,EN 60838-1:2004,IEC,inferred-60000,addition,AMENDING
32021D2273,2021-12-20,2021,EN 60335-2-21:2003,IEC,inferred-60000,addition,AMENDING
32021D2273,2021-12-20,2021,EN 60335-2-21:2003,IEC,inferred-60000,addition,AMENDING
32021D2273,2021-12-20,2021,EN 60335-2-21:2003,IEC,inferred-60000,addition,AMENDING
32021D2273,2021-12-20,2021,EN 60335-2-21:2003,IEC,inferred-60000,addition,AMENDING
32021D2273,2021-12-20,2021,EN 60335-2-21:2003,IEC,inferred-60000,addition,AMENDING
32021D2273,2021-12-20,2021,EN 60670-1:2005,IEC,inferred-60000,addition,AMENDING
32021D2273,2021-12-20,2021,EN 60670-1:2005,IEC,inferred-60000,addition,AMENDING
32021D2273,2021-12-20,2021,EN 60670-1:2005,IEC,inferred-60000,addition,AMENDING
32021D2273,2021-12-20,2021,EN 60670-1:2005,IEC,inferred-60000,addition,AMENDING
32021D2273,2021-12-20,2021,EN 60947-5-8:2006,IEC,inferred-60000,addition,AMENDING
32021D2273,2021-12-20,2021,EN 60974-11:2010,IEC,inferred-60000,addition,AMENDING
32021D2273,2021-12-20,2021,EN 60974-13:2011,IEC,inferred-60000,addition,AMENDING
32021D2273,2021-12-20,2021,EN 60825-1:2014,IEC,inferred-60000,addition,AMENDING
32021D2273,2021-12-20,2021,EN 61800-5-1:2007,IEC,inferred-60000,addition,AMENDING
32021D2273,2021-12-20,2021,EN 62477-1:2012,IEC,inferred-60000,addition,AMENDING
32021D2273,2021-12-20,2021,EN 62477-1:2012,IEC,inferred-60000,addition,AMENDING
32021D2273,2021-12-20,2021,EN 60335-2-73:2003,IEC,inferred-60000,addition,AMENDING
32021D2273,2021-12-20,2021,EN 60335-2-73:2003,IEC,inferred-60000,addition,AMENDING
32021D2273,2021-12-20,2021,EN 60335-2-73:2003,IEC,inferred-60000,addition,AMENDING
32021D2273,2021-12-20,2021,EN 61995-1:2008,IEC,inferred-60000,addition,AMENDING
32021D2273,2021-12-20,2021,EN 62423:2012,IEC,inferred-60000,addition,AMENDING
32021D2273,2021-12-20,2021,EN 60400:2017,IEC,inferred-60000,addition,AMENDING
32022D0006,2022-01-04,2022,EN ISO 10993-9:2009,ISO,explicit,none,AMENDING
32022D0006,2022-01-04,2022,EN ISO 10993-12:2012,ISO,explicit,none,AMENDING
32022D0006,2022-01-04,2022,EN ISO 11737-1:2018,ISO,explicit,none,AMENDING
32022D0006,2022-01-04,2022,EN ISO 13408-6:2011,ISO,explicit,none,AMENDING
32022D0006,2022-01-04,2022,EN ISO 13485:2016,ISO,explicit,none,AMENDING
32022D0006,2022-01-04,2022,EN ISO 14160:2011,ISO,explicit,none,AMENDING
32022D0006,2022-01-04,2022,EN ISO 15223-1:2016,ISO,explicit,none,AMENDING
32022D0006,2022-01-04,2022,EN ISO 17664:2017,ISO,explicit,none,AMENDING
32022D0006,2022-01-04,2022,EN IEC 60601-2-83:2020,IEC,explicit,none,AMENDING
32022D0006,2022-01-04,2022,EN ISO 10993-9:2021,ISO,explicit,none,AMENDING
32022D0006,2022-01-04,2022,EN ISO 10993-12:2021,ISO,explicit,none,AMENDING
32022D0006,2022-01-04,2022,EN ISO 13408-6:2021,ISO,explicit,none,AMENDING
32022D0006,2022-01-04,2022,EN ISO 14160:2021,ISO,explicit,none,AMENDING
32022D0006,2022-01-04,2022,EN ISO 15223-1:2021,ISO,explicit,none,AMENDING
32022D0006,2022-01-04,2022,EN ISO 17664-1:2021,ISO,explicit,none,AMENDING
32022D0006,2022-01-04,2022,EN ISO 11737-1:2018,ISO,explicit,none,AMENDING
32022D0006,2022-01-04,2022,EN ISO 11737-1:2018,ISO,explicit,none,AMENDING
32022D0006,2022-01-04,2022,EN ISO 13485:2016,ISO,explicit,none,AMENDING
32022D0006,2022-01-04,2022,EN ISO 13485:2016,ISO,explicit,none,AMENDING
32022D0006,2022-01-04,2022,EN IEC 60601-2-83:2020,IEC,explicit,none,AMENDING
32022D0006,2022-01-04,2022,EN IEC 60601-2-83:2020,IEC,explicit,none,AMENDING
32022D0006,2022-01-04,2022,EN ISO 10993-9:2021,ISO,explicit,none,AMENDING
32022D0006,2022-01-04,2022,EN ISO 10993-12:2021,ISO,explicit,none,AMENDING
32022D0006,2022-01-04,2022,EN ISO 13408-6:2021,ISO,explicit,none,AMENDING
32022D0006,2022-01-04,2022,EN ISO 14160:2021,ISO,explicit,none,AMENDING
32022D0006,2022-01-04,2022,EN ISO 15223-1:2021,ISO,explicit,none,AMENDING
32022D0006,2022-01-04,2022,EN ISO 17664-1:2021,ISO,explicit,none,AMENDING
32022D0006,2022-01-04,2022,EN ISO 11737-1:2018,ISO,explicit,none,AMENDING
32022D0006,2022-01-04,2022,EN ISO 13485:2016,ISO,explicit,none,AMENDING
32022D0006,2022-01-04,2022,EN IEC 60601-2-83:2020,IEC,explicit,none,AMENDING
32022D0006,2022-01-04,2022,EN ISO 10993-9:2021,ISO,explicit,none,AMENDING
32022D0006,2022-01-04,2022,EN ISO 10993-12:2021,ISO,explicit,none,AMENDING
32022D0006,2022-01-04,2022,EN ISO 13408-6:2021,ISO,explicit,none,AMENDING
32022D0006,2022-01-04,2022,EN ISO 14160:2021,ISO,explicit,none,AMENDING
32022D0006,2022-01-04,2022,EN ISO 15223-1:2021,ISO,explicit,none,AMENDING
32022D0006,2022-01-04,2022,EN ISO 17664-1:2021,ISO,explicit,none,AMENDING
32022D0006,2022-01-04,2022,EN ISO 11737-1:2018,ISO,explicit,none,AMENDING
32022D0006,2022-01-04,2022,EN ISO 13485:2016,ISO,explicit,none,AMENDING
32022D0006,2022-01-04,2022,EN IEC 60601-2-83:2020,IEC,explicit,none,AMENDING
32022D0006,2022-01-04,2022,EN ISO 10993-9:2021,ISO,explicit,addition,AMENDING
32022D0006,2022-01-04,2022,EN ISO 10993-12:2021,ISO,explicit,addition,AMENDING
32022D0006,2022-01-04,2022,EN ISO 11737-1:2018,ISO,explicit,addition,AMENDING
32022D0006,2022-01-04,2022,EN ISO 11737-1:2018,ISO,explicit,addition,AMENDING
32022D0006,2022-01-04,2022,EN ISO 13408-6:2021,ISO,explicit,addition,AMENDING
32022D0006,2022-01-04,2022,EN ISO 13485:2016,ISO,explicit,addition,AMENDING
32022D0006,2022-01-04,2022,EN ISO 13485:2016,ISO,explicit,addition,AMENDING
32022D0006,2022-01-04,2022,EN ISO 14160:2021,ISO,explicit,addition,AMENDING
32022D0006,2022-01-04,2022,EN ISO 15223-1:2021,ISO,explicit,addition,AMENDING
32022D0006,2022-01-04,2022,EN ISO 17664-1:2021,ISO,explicit,addition,AMENDING
32022D0006,2022-01-04,2022,EN IEC 60601-2-83:2020,IEC,explicit,addition,AMENDING
32022D0006,2022-01-04,2022,EN IEC 60601-2-83:2020,IEC,explicit,addition,AMENDING
32022D0015,2022-01-06,2022,EN ISO 11737-1:2018,ISO,explicit,none,AMENDING
32022D0015,2022-01-06,2022,EN ISO 13408-6:2011,ISO,explicit,none,AMENDING
32022D0015,2022-01-06,2022,EN ISO 13485:2016,ISO,explicit,none,AMENDING
32022D0015,2022-01-06,2022,EN ISO 15223-1:2016,ISO,explicit,none,AMENDING
32022D0015,2022-01-06,2022,EN ISO 17511:2003,ISO,explicit,none,AMENDING
32022D0015,2022-01-06,2022,EN ISO 13408-6:2021,ISO,explicit,none,AMENDING
32022D0015,2022-01-06,2022,EN ISO 15223-1:2021,ISO,explicit,none,AMENDING
32022D0015,2022-01-06,2022,EN ISO 17511:2021,ISO,explicit,none,AMENDING
32022D0015,2022-01-06,2022,EN ISO 11737-1:2018,ISO,explicit,none,AMENDING
32022D0015,2022-01-06,2022,EN ISO 11737-1:2018,ISO,explicit,none,AMENDING
32022D0015,2022-01-06,2022,EN ISO 13485:2016,ISO,explicit,none,AMENDING
32022D0015,2022-01-06,2022,EN ISO 13485:2016,ISO,explicit,none,AMENDING
32022D0015,2022-01-06,2022,EN ISO 13408-6:2021,ISO,explicit,none,AMENDING
32022D0015,2022-01-06,2022,EN ISO 15223-1:2021,ISO,explicit,none,AMENDING
32022D0015,2022-01-06,2022,EN ISO 17511:2021,ISO,explicit,none,AMENDING
32022D0015,2022-01-06,2022,EN ISO 11737-1:2018,ISO,explicit,none,AMENDING
32022D0015,2022-01-06,2022,EN ISO 13485:2016,ISO,explicit,none,AMENDING
32022D0015,2022-01-06,2022,EN ISO 13408-6:2021,ISO,explicit,none,AMENDING
32022D0015,2022-01-06,2022,EN ISO 15223-1:2021,ISO,explicit,none,AMENDING
32022D0015,2022-01-06,2022,EN ISO 17511:2021,ISO,explicit,none,AMENDING
32022D0015,2022-01-06,2022,EN ISO 11737-1:2018,ISO,explicit,none,AMENDING
32022D0015,2022-01-06,2022,EN ISO 13485:2016,ISO,explicit,none,AMENDING
32022D0015,2022-01-06,2022,EN ISO 11737-1:2018,ISO,explicit,addition,AMENDING
32022D0015,2022-01-06,2022,EN ISO 11737-1:2018,ISO,explicit,addition,AMENDING
32022D0015,2022-01-06,2022,EN ISO 13408-6:2021,ISO,explicit,addition,AMENDING
32022D0015,2022-01-06,2022,EN ISO 13485:2016,ISO,explicit,addition,AMENDING
32022D0015,2022-01-06,2022,EN ISO 13485:2016,ISO,explicit,addition,AMENDING
32022D0015,2022-01-06,2022,EN ISO 15223-1:2021,ISO,explicit,addition,AMENDING
32022D0015,2022-01-06,2022,EN ISO 17511:2021,ISO,explicit,addition,AMENDING
32022D0404,2022-03-03,2022,EN ISO 8847:2017,ISO,explicit,none,AMENDING
32022D0404,2022-03-03,2022,EN ISO 8847:2004,ISO,explicit,none,AMENDING
32022D0404,2022-03-03,2022,EN ISO 8847:2021,ISO,explicit,none,AMENDING
32022D0404,2022-03-03,2022,EN ISO 8847:2021,ISO,explicit,none,AMENDING
32022D0404,2022-03-03,2022,EN ISO 8847:2021,ISO,explicit,none,AMENDING
32022D0404,2022-03-03,2022,EN ISO 8847:2021,ISO,explicit,none,AMENDING
32022D0404,2022-03-03,2022,EN ISO 8847:2017,ISO,explicit,none,AMENDING
32022D0404,2022-03-03,2022,EN ISO 8847:2017,ISO,explicit,none,AMENDING
32022D0404,2022-03-03,2022,EN ISO 8847:2017,ISO,explicit,none,AMENDING
32022D0404,2022-03-03,2022,EN ISO 8847:2021,ISO,explicit,none,AMENDING
32022D0404,2022-03-03,2022,EN ISO 8847:2017,ISO,explicit,withdrawal,AMENDING
32022D0404,2022-03-03,2022,EN ISO 8847:2021,ISO,explicit,addition,AMENDING
32022D0404,2022-03-03,2022,EN ISO 8847:2017,ISO,explicit,addition,AMENDING
32022D0405,2022-03-03,2022,EN IEC 61010-2-034:2021,IEC,explicit,none,AMENDING
32022D0405,2022-03-03,2022,EN IEC 61010-2-034:2021,IEC,explicit,none,AMENDING
32022D0405,2022-03-03,2022,EN 50520:2009,CENELEC,number,none,AMENDING
32022D0405,2022-03-03,2022,EN 60898-2:2006,IEC,inferred-60000,none,AMENDING
32022D0405,2022-03-03,2022,EN 61010-2-051:2015,IEC,inferred-60000,none,AMENDING
32022D0405,2022-03-03,2022,EN 61010-2-030:2010,IEC,inferred-60000,none,AMENDING
32022D0405,2022-03-03,2022,EN 50520:2020,CENELEC,number,none,AMENDING
32022D0405,2022-03-03,2022,EN 50520:2020,CENELEC,number,none,AMENDING
32022D0405,2022-03-03,2022,EN 60898-2:2021,IEC,inferred-60000,none,AMENDING
32022D0405,2022-03-03,2022,EN IEC 61010-2-051:2021,IEC,explicit,none,AMENDING
32022D0405,2022-03-03,2022,EN IEC 61010-2-051:2021,IEC,explicit,none,AMENDING
32022D0405,2022-03-03,2022,EN IEC 61010-2-030:2021,IEC,explicit,none,AMENDING
32022D0405,2022-03-03,2022,EN IEC 61010-2-030:2021,IEC,explicit,none,AMENDING
32022D0405,2022-03-03,2022,EN 61010-2-061:2015,IEC,inferred-60000,none,AMENDING
32022D0405,2022-03-03,2022,EN IEC 61010-2-061:2021,IEC,explicit,none,AMENDING
32022D0405,2022-03-03,2022,EN IEC 61010-2-061:2021,IEC,explicit,none,AMENDING
32022D0405,2022-03-03,2022,EN 60598-2-13:2006,IEC,inferred-60000,none,AMENDING
32022D0405,2022-03-03,2022,EN 60598-2-13:2006,IEC,inferred-60000,none,AMENDING
32022D0405,2022-03-03,2022,EN 60598-2-13:2006,IEC,inferred-60000,none,AMENDING
32022D0405,2022-03-03,2022,EN 61534-1:2011,IEC,inferred-60000,none,AMENDING
32022D0405,2022-03-03,2022,EN 61534-1:2011,IEC,inferred-60000,none,AMENDING
32022D0405,2022-03-03,2022,EN 61534-21:2014,IEC,inferred-60000,none,AMENDING
32022D0405,2022-03-03,2022,EN 61534-22:2014,IEC,inferred-60000,none,AMENDING
32022D0405,2022-03-03,2022,EN 62135-1:2015,IEC,inferred-60000,none,AMENDING
32022D0405,2022-03-03,2022,EN 60598-2-13:2006,IEC,inferred-60000,none,AMENDING
32022D0405,2022-03-03,2022,EN 61534-1:2011,IEC,inferred-60000,none,AMENDING
32022D0405,2022-03-03,2022,EN 61534-1:2011,IEC,inferred-60000,none,AMENDING
32022D0405,2022-03-03,2022,EN 61534-21:2014,IEC,inferred-60000,none,AMENDING
32022D0405,2022-03-03,2022,EN 61534-21:2014,IEC,inferred-60000,none,AMENDING
32022D0405,2022-03-03,2022,EN 61534-22:2014,IEC,inferred-60000,none,AMENDING
32022D0405,2022-03-03,2022,EN 61534-22:2014,IEC,inferred-60000,none,AMENDING
32022D0405,2022-03-03,2022,EN 62135-1:2015,IEC,inferred-60000,none,AMENDING
32022D0405,2022-03-03,2022,EN IEC 61010-2-034:2021,IEC,explicit,none,AMENDING
32022D0405,2022-03-03,2022,EN IEC 61010-2-034:2021,IEC,explicit,none,AMENDING
32022D0405,2022-03-03,2022,EN 50520:2020,CENELEC,number,none,AMENDING
32022D0405,2022-03-03,2022,EN 50520:2020,CENELEC,number,none,AMENDING
32022D0405,2022-03-03,2022,EN 60898-2:2021,IEC,inferred-60000,none,AMENDING
32022D0405,2022-03-03,2022,EN IEC 61010-2-051:2021,IEC,explicit,none,AMENDING
32022D0405,2022-03-03,2022,EN IEC 61010-2-051:2021,IEC,explicit,none,AMENDING
32022D0405,2022-03-03,2022,EN IEC 61010-2-061:2021,IEC,explicit,none,AMENDING
32022D0405,2022-03-03,2022,EN IEC 61010-2-061:2021,IEC,explicit,none,AMENDING
32022D0405,2022-03-03,2022,EN IEC 61010-2-030:2021,IEC,explicit,none,AMENDING
32022D0405,2022-03-03,2022,EN IEC 61010-2-030:2021,IEC,explicit,none,AMENDING
32022D0405,2022-03-03,2022,EN 60598-2-13:2006,IEC,inferred-60000,none,AMENDING
32022D0405,2022-03-03,2022,EN 60598-2-13:2006,IEC,inferred-60000,none,AMENDING
32022D0405,2022-03-03,2022,EN 60598-2-13:2006,IEC,inferred-60000,none,AMENDING
32022D0405,2022-03-03,2022,EN 60598-2-13:2006,IEC,inferred-60000,none,AMENDING
32022D0405,2022-03-03,2022,EN 61534-1:2011,IEC,inferred-60000,none,AMENDING
32022D0405,2022-03-03,2022,EN 61534-1:2011,IEC,inferred-60000,none,AMENDING
32022D0405,2022-03-03,2022,EN 61534-1:2011,IEC,inferred-60000,none,AMENDING
32022D0405,2022-03-03,2022,EN 61534-1:2011,IEC,inferred-60000,none,AMENDING
32022D0405,2022-03-03,2022,EN 61534-21:2014,IEC,inferred-60000,none,AMENDING
32022D0405,2022-03-03,2022,EN 61534-21:2014,IEC,inferred-60000,none,AMENDING
32022D0405,2022-03-03,2022,EN 61534-21:2014,IEC,inferred-60000,none,AMENDING
32022D0405,2022-03-03,2022,EN 61534-22:2014,IEC,inferred-60000,none,AMENDING
32022D0405,2022-03-03,2022,EN 61534-22:2014,IEC,inferred-60000,none,AMENDING
32022D0405,2022-03-03,2022,EN 61534-22:2014,IEC,inferred-60000,none,AMENDING
32022D0405,2022-03-03,2022,EN 62135-1:2015,IEC,inferred-60000,none,AMENDING
32022D0405,2022-03-03,2022,EN 62135-1:2015,IEC,inferred-60000,none,AMENDING
32022D0405,2022-03-03,2022,EN 50520:2009,CENELEC,number,none,AMENDING
32022D0405,2022-03-03,2022,EN 60898-2:2006,IEC,inferred-60000,none,AMENDING
32022D0405,2022-03-03,2022,EN 61010-2-051:2015,IEC,inferred-60000,none,AMENDING
32022D0405,2022-03-03,2022,EN 61010-2-061:2015,IEC,inferred-60000,none,AMENDING
32022D0405,2022-03-03,2022,EN 61010-2-030:2010,IEC,inferred-60000,none,AMENDING
32022D0405,2022-03-03,2022,EN 60598-2-13:2006,IEC,inferred-60000,none,AMENDING
32022D0405,2022-03-03,2022,EN 61534-1:2011,IEC,inferred-60000,none,AMENDING
32022D0405,2022-03-03,2022,EN 61534-21:2014,IEC,inferred-60000,none,AMENDING
32022D0405,2022-03-03,2022,EN 61534-22:2014,IEC,inferred-60000,none,AMENDING
32022D0405,2022-03-03,2022,EN 62135-1:2015,IEC,inferred-60000,none,AMENDING
32022D0405,2022-03-03,2022,EN 61010-2-061:2015,IEC,inferred-60000,withdrawal,AMENDING
32022D0405,2022-03-03,2022,EN 50520:2020,CENELEC,number,withdrawal,AMENDING
32022D0405,2022-03-03,2022,EN 50520:2020,CENELEC,number,withdrawal,AMENDING
32022D0405,2022-03-03,2022,EN 60898-2:2021,IEC,inferred-60000,withdrawal,AMENDING
32022D0405,2022-03-03,2022,EN IEC 61010-2-051:2021,IEC,explicit,withdrawal,AMENDING
32022D0405,2022-03-03,2022,EN IEC 61010-2-051:2021,IEC,explicit,withdrawal,AMENDING
32022D0405,2022-03-03,2022,EN IEC 61010-2-061:2021,IEC,explicit,withdrawal,AMENDING
32022D0405,2022-03-03,2022,EN IEC 61010-2-061:2021,IEC,explicit,withdrawal,AMENDING
32022D0405,2022-03-03,2022,EN IEC 61010-2-030:2021,IEC,explicit,withdrawal,AMENDING
32022D0405,2022-03-03,2022,EN IEC 61010-2-030:2021,IEC,explicit,withdrawal,AMENDING
32022D0405,2022-03-03,2022,EN 60598-2-13:2006,IEC,inferred-60000,withdrawal,AMENDING
32022D0405,2022-03-03,2022,EN 60598-2-13:2006,IEC,inferred-60000,withdrawal,AMENDING
32022D0405,2022-03-03,2022,EN 60598-2-13:2006,IEC,inferred-60000,withdrawal,AMENDING
32022D0405,2022-03-03,2022,EN 60598-2-13:2006,IEC,inferred-60000,withdrawal,AMENDING
32022D0405,2022-03-03,2022,EN 61534-1:2011,IEC,inferred-60000,withdrawal,AMENDING
32022D0405,2022-03-03,2022,EN 61534-1:2011,IEC,inferred-60000,withdrawal,AMENDING
32022D0405,2022-03-03,2022,EN 61534-1:2011,IEC,inferred-60000,withdrawal,AMENDING
32022D0405,2022-03-03,2022,EN 61534-1:2011,IEC,inferred-60000,withdrawal,AMENDING
32022D0405,2022-03-03,2022,EN 61534-21:2014,IEC,inferred-60000,withdrawal,AMENDING
32022D0405,2022-03-03,2022,EN 61534-21:2014,IEC,inferred-60000,withdrawal,AMENDING
32022D0405,2022-03-03,2022,EN 61534-21:2014,IEC,inferred-60000,withdrawal,AMENDING
32022D0405,2022-03-03,2022,EN 61534-22:2014,IEC,inferred-60000,withdrawal,AMENDING
32022D0405,2022-03-03,2022,EN 61534-22:2014,IEC,inferred-60000,withdrawal,AMENDING
32022D0405,2022-03-03,2022,EN 61534-22:2014,IEC,inferred-60000,withdrawal,AMENDING
32022D0405,2022-03-03,2022,EN 62135-1:2015,IEC,inferred-60000,withdrawal,AMENDING
32022D0405,2022-03-03,2022,EN 62135-1:2015,IEC,inferred-60000,withdrawal,AMENDING
32022D0405,2022-03-03,2022,EN 50520:2009,CENELEC,number,withdrawal,AMENDING
32022D0405,2022-03-03,2022,EN 60898-2:2006,IEC,inferred-60000,withdrawal,AMENDING
32022D0405,2022-03-03,2022,EN 61010-2-051:2015,IEC,inferred-60000,withdrawal,AMENDING
32022D0405,2022-03-03,2022,EN 61010-2-061:2015,IEC,inferred-60000,withdrawal,AMENDING
32022D0405,2022-03-03,2022,EN 61010-2-030:2010,IEC,inferred-60000,withdrawal,AMENDING
32022D0405,2022-03-03,2022,EN 60598-2-13:2006,IEC,inferred-60000,withdrawal,AMENDING
32022D0405,2022-03-03,2022,EN 61534-1:2011,IEC,inferred-60000,withdrawal,AMENDING
32022D0405,2022-03-03,2022,EN 61534-21:2014,IEC,inferred-60000,withdrawal,AMENDING
32022D0405,2022-03-03,2022,EN 61534-22:2014,IEC,inferred-60000,withdrawal,AMENDING
32022D0405,2022-03-03,2022,EN 62135-1:2015,IEC,inferred-60000,withdrawal,AMENDING
32022D0405,2022-03-03,2022,EN IEC 61010-2-034:2021,IEC,explicit,addition,AMENDING
32022D0405,2022-03-03,2022,EN IEC 61010-2-034:2021,IEC,explicit,addition,AMENDING
32022D0405,2022-03-03,2022,EN 50520:2020,CENELEC,number,addition,AMENDING
32022D0405,2022-03-03,2022,EN 50520:2020,CENELEC,number,addition,AMENDING
32022D0405,2022-03-03,2022,EN 60898-2:2021,IEC,inferred-60000,addition,AMENDING
32022D0405,2022-03-03,2022,EN IEC 61010-2-051:2021,IEC,explicit,addition,AMENDING
32022D0405,2022-03-03,2022,EN IEC 61010-2-051:2021,IEC,explicit,addition,AMENDING
32022D0405,2022-03-03,2022,EN IEC 61010-2-061:2021,IEC,explicit,addition,AMENDING
32022D0405,2022-03-03,2022,EN IEC 61010-2-061:2021,IEC,explicit,addition,AMENDING
32022D0405,2022-03-03,2022,EN IEC 61010-2-030:2021,IEC,explicit,addition,AMENDING
32022D0405,2022-03-03,2022,EN IEC 61010-2-030:2021,IEC,explicit,addition,AMENDING
32022D0405,2022-03-03,2022,EN 60598-2-13:2006,IEC,inferred-60000,addition,AMENDING
32022D0405,2022-03-03,2022,EN 60598-2-13:2006,IEC,inferred-60000,addition,AMENDING
32022D0405,2022-03-03,2022,EN 60598-2-13:2006,IEC,inferred-60000,addition,AMENDING
32022D0405,2022-03-03,2022,EN 60598-2-13:2006,IEC,inferred-60000,addition,AMENDING
32022D0405,2022-03-03,2022,EN 61534-1:2011,IEC,inferred-60000,addition,AMENDING
32022D0405,2022-03-03,2022,EN 61534-1:2011,IEC,inferred-60000,addition,AMENDING
32022D0405,2022-03-03,2022,EN 61534-1:2011,IEC,inferred-60000,addition,AMENDING
32022D0405,2022-03-03,2022,EN 61534-1:2011,IEC,inferred-60000,addition,AMENDING
32022D0405,2022-03-03,2022,EN 61534-21:2014,IEC,inferred-60000,addition,AMENDING
32022D0405,2022-03-03,2022,EN 61534-21:2014,IEC,inferred-60000,addition,AMENDING
32022D0405,2022-03-03,2022,EN 61534-21:2014,IEC,inferred-60000,addition,AMENDING
32022D0405,2022-03-03,2022,EN 61534-22:2014,IEC,inferred-60000,addition,AMENDING
32022D0405,2022-03-03,2022,EN 61534-22:2014,IEC,inferred-60000,addition,AMENDING
32022D0405,2022-03-03,2022,EN 61534-22:2014,IEC,inferred-60000,addition,AMENDING
32022D0405,2022-03-03,2022,EN 62135-1:2015,IEC,inferred-60000,addition,AMENDING
32022D0405,2022-03-03,2022,EN 62135-1:2015,IEC,inferred-60000,addition,AMENDING
32022D0405,2022-03-03,2022,EN 50520:2009,CENELEC,number,addition,AMENDING
32022D0405,2022-03-03,2022,EN 60898-2:2006,IEC,inferred-60000,addition,AMENDING
32022D0405,2022-03-03,2022,EN 61010-2-051:2015,IEC,inferred-60000,addition,AMENDING
32022D0405,2022-03-03,2022,EN 61010-2-030:2010,IEC,inferred-60000,addition,AMENDING
32022D0405,2022-03-03,2022,EN 60598-2-13:2006,IEC,inferred-60000,addition,AMENDING
32022D0405,2022-03-03,2022,EN 60598-2-13:2006,IEC,inferred-60000,addition,AMENDING
32022D0405,2022-03-03,2022,EN 60598-2-13:2006,IEC,inferred-60000,addition,AMENDING
32022D0405,2022-03-03,2022,EN 61534-1:2011,IEC,inferred-60000,addition,AMENDING
32022D0405,2022-03-03,2022,EN 61534-1:2011,IEC,inferred-60000,addition,AMENDING
32022D0405,2022-03-03,2022,EN 61534-21:2014,IEC,inferred-60000,addition,AMENDING
32022D0405,2022-03-03,2022,EN 61534-22:2014,IEC,inferred-60000,addition,AMENDING
32022D0405,2022-03-03,2022,EN 62135-1:2015,IEC,inferred-60000,addition,AMENDING
32022D0406,2022-03-03,2022,EN 13012:2021,CEN,number,none,AMENDING
32022D0406,2022-03-03,2022,EN 13617-1:2021,CEN,number,none,AMENDING
32022D0406,2022-03-03,2022,EN 13617-2:2021,CEN,number,none,AMENDING
32022D0406,2022-03-03,2022,EN 13617-3:2021,CEN,number,none,AMENDING
32022D0406,2022-03-03,2022,EN 13617-4:2021,CEN,number,none,AMENDING
32022D0406,2022-03-03,2022,EN 13012:2021,CEN,number,none,AMENDING
32022D0406,2022-03-03,2022,EN 13617-1:2021,CEN,number,none,AMENDING
32022D0406,2022-03-03,2022,EN 13617-2:2021,CEN,number,none,AMENDING
32022D0406,2022-03-03,2022,EN 13617-3:2021,CEN,number,none,AMENDING
32022D0406,2022-03-03,2022,EN 13617-4:2021,CEN,number,none,AMENDING
32022D0406,2022-03-03,2022,EN 13012:2021,CEN,number,none,AMENDING
32022D0406,2022-03-03,2022,EN 13617-1:2021,CEN,number,none,AMENDING
32022D0406,2022-03-03,2022,EN 13617-2:2021,CEN,number,none,AMENDING
32022D0406,2022-03-03,2022,EN 13617-3:2021,CEN,number,none,AMENDING
32022D0406,2022-03-03,2022,EN 13617-4:2021,CEN,number,none,AMENDING
32022D0406,2022-03-03,2022,EN 13012:2021,CEN,number,none,AMENDING
32022D0406,2022-03-03,2022,EN 13012:2012,CEN,number,none,AMENDING
32022D0406,2022-03-03,2022,EN 13617-1:2021,CEN,number,none,AMENDING
32022D0406,2022-03-03,2022,EN 13617-1:2012,CEN,number,none,AMENDING
32022D0406,2022-03-03,2022,EN 13617-2:2021,CEN,number,none,AMENDING
32022D0406,2022-03-03,2022,EN 13617-2:2012,CEN,number,none,AMENDING
32022D0406,2022-03-03,2022,EN 13617-3:2021,CEN,number,none,AMENDING
32022D0406,2022-03-03,2022,EN 13617-3:2012,CEN,number,none,AMENDING
32022D0406,2022-03-03,2022,EN 13617-4:2021,CEN,number,none,AMENDING
32022D0406,2022-03-03,2022,EN 13617-4:2012,CEN,number,none,AMENDING
32022D0406,2022-03-03,2022,EN 13012:2012,CEN,number,none,AMENDING
32022D0406,2022-03-03,2022,EN 13617-1:2012,CEN,number,none,AMENDING
32022D0406,2022-03-03,2022,EN 13617-2:2012,CEN,number,none,AMENDING
32022D0406,2022-03-03,2022,EN 13617-3:2012,CEN,number,none,AMENDING
32022D0406,2022-03-03,2022,EN 13617-4:2012,CEN,number,none,AMENDING
32022D0406,2022-03-03,2022,EN 13012:2012,CEN,number,none,AMENDING
32022D0406,2022-03-03,2022,EN 13617-1:2012,CEN,number,none,AMENDING
32022D0406,2022-03-03,2022,EN 13617-2:2012,CEN,number,none,AMENDING
32022D0406,2022-03-03,2022,EN 13617-3:2012,CEN,number,none,AMENDING
32022D0406,2022-03-03,2022,EN 13617-4:2012,CEN,number,none,AMENDING
32022D0406,2022-03-03,2022,EN 13012:2021,CEN,number,none,AMENDING
32022D0406,2022-03-03,2022,EN 13617-1:2021,CEN,number,none,AMENDING
32022D0406,2022-03-03,2022,EN 13617-2:2021,CEN,number,none,AMENDING
32022D0406,2022-03-03,2022,EN 13617-3:2021,CEN,number,none,AMENDING
32022D0406,2022-03-03,2022,EN 13617-4:2021,CEN,number,none,AMENDING
32022D0406,2022-03-03,2022,EN 13012:2012,CEN,number,withdrawal,AMENDING
32022D0406,2022-03-03,2022,EN 13617-1:2012,CEN,number,withdrawal,AMENDING
32022D0406,2022-03-03,2022,EN 13617-2:2012,CEN,number,withdrawal,AMENDING
32022D0406,2022-03-03,2022,EN 13617-3:2012,CEN,number,withdrawal,AMENDING
32022D0406,2022-03-03,2022,EN 13617-4:2012,CEN,number,withdrawal,AMENDING
32022D0406,2022-03-03,2022,EN 13012:2021,CEN,number,addition,AMENDING
32022D0406,2022-03-03,2022,EN 13617-1:2021,CEN,number,addition,AMENDING
32022D0406,2022-03-03,2022,EN 13617-2:2021,CEN,number,addition,AMENDING
32022D0406,2022-03-03,2022,EN 13617-3:2021,CEN,number,addition,AMENDING
32022D0406,2022-03-03,2022,EN 13617-4:2021,CEN,number,addition,AMENDING
32022D0406,2022-03-03,2022,EN 13012:2012,CEN,number,addition,AMENDING
32022D0406,2022-03-03,2022,EN 13617-1:2012,CEN,number,addition,AMENDING
32022D0406,2022-03-03,2022,EN 13617-2:2012,CEN,number,addition,AMENDING
32022D0406,2022-03-03,2022,EN 13617-3:2012,CEN,number,addition,AMENDING
32022D0406,2022-03-03,2022,EN 13617-4:2012,CEN,number,addition,AMENDING
32022D0498,2022-03-22,2022,EN 300 718-1 V2.2.1,ETSI,spaced,none,AMENDING
32022D0498,2022-03-22,2022,EN 303 345-3 V1.1.1,ETSI,spaced,none,AMENDING
32022D0498,2022-03-22,2022,EN 303 345-4 V1.1.1,ETSI,spaced,none,AMENDING
32022D0498,2022-03-22,2022,EN 303 348 V1.2.1,ETSI,spaced,none,AMENDING
32022D0498,2022-03-22,2022,EN 303 364-2 V1.1.1,ETSI,spaced,none,AMENDING
32022D0498,2022-03-22,2022,EN 303 372-1 V1.2.1,ETSI,spaced,none,AMENDING
32022D0498,2022-03-22,2022,EN 303 372-2 V1.2.1,ETSI,spaced,none,AMENDING
32022D0498,2022-03-22,2022,EN 303 413 V1.2.1,ETSI,spaced,none,AMENDING
32022D0498,2022-03-22,2022,EN 303 980 V1.2.1,ETSI,spaced,none,AMENDING
32022D0498,2022-03-22,2022,EN 303 981 V1.2.1,ETSI,spaced,none,AMENDING
32022D0498,2022-03-22,2022,EN 303 758 V1.1.1,ETSI,spaced,none,AMENDING
32022D0498,2022-03-22,2022,EN 301 444 V2.1.2,ETSI,spaced,none,AMENDING
32022D0498,2022-03-22,2022,EN 301 908-15 V11.1.2,ETSI,spaced,none,AMENDING
32022D0498,2022-03-22,2022,EN 302 296-2 V1.2.1,ETSI,spaced,none,AMENDING
32022D0498,2022-03-22,2022,EN 302 480 V2.1.2,ETSI,spaced,none,AMENDING
32022D0498,2022-03-22,2022,EN 302 567 V1.2.1,ETSI,spaced,none,AMENDING
32022D0498,2022-03-22,2022,EN 301 444 V2.2.1,ETSI,spaced,none,AMENDING
32022D0498,2022-03-22,2022,EN 301 908-15 V15.1.1,ETSI,spaced,none,AMENDING
32022D0498,2022-03-22,2022,EN 302 296 V2.2.1,ETSI,spaced,none,AMENDING
32022D0498,2022-03-22,2022,EN 302 480 V2.2.1,ETSI,spaced,none,AMENDING
32022D0498,2022-03-22,2022,EN 302 567 V2.2.1,ETSI,spaced,none,AMENDING
32022D0498,2022-03-22,2022,EN 301 908-1 V13.1.1,ETSI,spaced,none,AMENDING
32022D0498,2022-03-22,2022,EN 301 908-14 V13.1.1,ETSI,spaced,none,AMENDING
32022D0498,2022-03-22,2022,EN 301 908-18 V13.1.1,ETSI,spaced,none,AMENDING
32022D0498,2022-03-22,2022,EN 301 908-1 V15.1.1,ETSI,spaced,none,AMENDING
32022D0498,2022-03-22,2022,EN 301 908-14 V15.1.1,ETSI,spaced,none,AMENDING
32022D0498,2022-03-22,2022,EN 301 908-18 V15.1.1,ETSI,spaced,none,AMENDING
32022D0498,2022-03-22,2022,EN 302 217-2 V3.2.2,ETSI,spaced,none,AMENDING
32022D0498,2022-03-22,2022,EN 302 217-2 V3.3.1,ETSI,spaced,none,AMENDING
32022D0498,2022-03-22,2022,EN 301 908-14 V15.1.1,ETSI,spaced,none,AMENDING
32022D0498,2022-03-22,2022,EN 301 908-15 V15.1.1,ETSI,spaced,none,AMENDING
32022D0498,2022-03-22,2022,EN 301 908-18 V15.1.1,ETSI,spaced,none,AMENDING
32022D0498,2022-03-22,2022,EN 302 217-2 V3.3.1,ETSI,spaced,none,AMENDING
32022D0498,2022-03-22,2022,EN 302 480 V2.2.1,ETSI,spaced,none,AMENDING
32022D0498,2022-03-22,2022,EN 302 567 V2.2.1,ETSI,spaced,none,AMENDING
32022D0498,2022-03-22,2022,EN 303 345-3 V1.1.1,ETSI,spaced,none,AMENDING
32022D0498,2022-03-22,2022,EN 303 345-4 V1.1.1,ETSI,spaced,none,AMENDING
32022D0498,2022-03-22,2022,EN 303 348 V1.2.1,ETSI,spaced,none,AMENDING
32022D0498,2022-03-22,2022,EN 303 372-2 V1.2.1,ETSI,spaced,none,AMENDING
32022D0498,2022-03-22,2022,EN 303 413 V1.2.1,ETSI,spaced,none,AMENDING
32022D0498,2022-03-22,2022,EN 303 758 V1.1.1,ETSI,spaced,none,AMENDING
32022D0498,2022-03-22,2022,EN 300 718-1 V2.2.1,ETSI,spaced,none,AMENDING
32022D0498,2022-03-22,2022,EN 301 444 V2.2.1,ETSI,spaced,none,AMENDING
32022D0498,2022-03-22,2022,EN 301 908-1 V15.1.1,ETSI,spaced,none,AMENDING
32022D0498,2022-03-22,2022,EN 302 296 V2.2.1,ETSI,spaced,none,AMENDING
32022D0498,2022-03-22,2022,EN 303 364-2 V1.1.1,ETSI,spaced,none,AMENDING
32022D0498,2022-03-22,2022,EN 303 372-1 V1.2.1,ETSI,spaced,none,AMENDING
32022D0498,2022-03-22,2022,EN 303 980 V1.2.1,ETSI,spaced,none,AMENDING
32022D0498,2022-03-22,2022,EN 303 981 V1.2.1,ETSI,spaced,none,AMENDING
32022D0498,2022-03-22,2022,EN 301 908-14 V15.1.1,ETSI,spaced,none,AMENDING
32022D0498,2022-03-22,2022,EN 301 908-15 V15.1.1,ETSI,spaced,none,AMENDING
32022D0498,2022-03-22,2022,EN 301 908-18 V15.1.1,ETSI,spaced,none,AMENDING
32022D0498,2022-03-22,2022,EN 302 217-2 V3.3.1,ETSI,spaced,none,AMENDING
32022D0498,2022-03-22,2022,EN 302 480 V2.2.1,ETSI,spaced,none,AMENDING
32022D0498,2022-03-22,2022,EN 302 567 V2.2.1,ETSI,spaced,none,AMENDING
32022D0498,2022-03-22,2022,EN 303 345-3 V1.1.1,ETSI,spaced,none,AMENDING
32022D0498,2022-03-22,2022,EN 303 345-4 V1.1.1,ETSI,spaced,none,AMENDING
32022D0498,2022-03-22,2022,EN 303 348 V1.2.1,ETSI,spaced,none,AMENDING
32022D0498,2022-03-22,2022,EN 303 372-2 V1.2.1,ETSI,spaced,none,AMENDING
32022D0498,2022-03-22,2022,EN 303 413 V1.2.1,ETSI,spaced,none,AMENDING
32022D0498,2022-03-22,2022,EN 303 758 V1.1.1,ETSI,spaced,none,AMENDING
32022D0498,2022-03-22,2022,EN 300 718-1 V2.2.1,ETSI,spaced,none,AMENDING
32022D0498,2022-03-22,2022,EN 301 444 V2.2.1,ETSI,spaced,none,AMENDING
32022D0498,2022-03-22,2022,EN 301 908-1 V15.1.1,ETSI,spaced,none,AMENDING
32022D0498,2022-03-22,2022,EN 302 296 V2.2.1,ETSI,spaced,none,AMENDING
32022D0498,2022-03-22,2022,EN 303 364-2 V1.1.1,ETSI,spaced,none,AMENDING
32022D0498,2022-03-22,2022,EN 303 372-1 V1.2.1,ETSI,spaced,none,AMENDING
32022D0498,2022-03-22,2022,EN 303 980 V1.2.1,ETSI,spaced,none,AMENDING
32022D0498,2022-03-22,2022,EN 303 981 V1.2.1,ETSI,spaced,none,AMENDING
32022D0498,2022-03-22,2022,EN 301 444 V2.2.1,ETSI,spaced,none,AMENDING
32022D0498,2022-03-22,2022,EN 301 908-1 V15.1.1,ETSI,spaced,none,AMENDING
32022D0498,2022-03-22,2022,EN 301 908-14 V15.1.1,ETSI,spaced,none,AMENDING
32022D0498,2022-03-22,2022,EN 301 908-15 V15.1.1,ETSI,spaced,none,AMENDING
32022D0498,2022-03-22,2022,EN 301 908-18 V15.1.1,ETSI,spaced,none,AMENDING
32022D0498,2022-03-22,2022,EN 302 217-2 V3.3.1,ETSI,spaced,none,AMENDING
32022D0498,2022-03-22,2022,EN 302 296 V2.2.1,ETSI,spaced,none,AMENDING
32022D0498,2022-03-22,2022,EN 302 480 V2.2.1,ETSI,spaced,none,AMENDING
32022D0498,2022-03-22,2022,EN 302 567 V2.2.1,ETSI,spaced,none,AMENDING
32022D0498,2022-03-22,2022,EN 301 444 V2.1.2,ETSI,spaced,none,AMENDING
32022D0498,2022-03-22,2022,EN 301 908-1 V13.1.1,ETSI,spaced,none,AMENDING
32022D0498,2022-03-22,2022,EN 301 908-14 V13.1.1,ETSI,spaced,none,AMENDING
32022D0498,2022-03-22,2022,EN 301 908-15 V11.1.2,ETSI,spaced,none,AMENDING
32022D0498,2022-03-22,2022,EN 301 908-18 V13.1.1,ETSI,spaced,none,AMENDING
32022D0498,2022-03-22,2022,EN 302 217-2 V3.2.2,ETSI,spaced,none,AMENDING
32022D0498,2022-03-22,2022,EN 302 296-2 V1.2.1,ETSI,spaced,none,AMENDING
32022D0498,2022-03-22,2022,EN 302 480 V2.1.2,ETSI,spaced,none,AMENDING
32022D0498,2022-03-22,2022,EN 301 444 V2.1.2,ETSI,spaced,none,AMENDING
32022D0498,2022-03-22,2022,EN 301 908-15 V11.1.2,ETSI,spaced,none,AMENDING
32022D0498,2022-03-22,2022,EN 302 296-2 V1.2.1,ETSI,spaced,none,AMENDING
32022D0498,2022-03-22,2022,EN 302 480 V2.1.2,ETSI,spaced,none,AMENDING
32022D0498,2022-03-22,2022,EN 302 567 V1.2.1,ETSI,spaced,none,AMENDING
32022D0498,2022-03-22,2022,EN 301 908-1 V13.1.1,ETSI,spaced,withdrawal,AMENDING
32022D0498,2022-03-22,2022,EN 301 908-14 V13.1.1,ETSI,spaced,withdrawal,AMENDING
32022D0498,2022-03-22,2022,EN 301 908-18 V13.1.1,ETSI,spaced,withdrawal,AMENDING
32022D0498,2022-03-22,2022,EN 302 217-2 V3.2.2,ETSI,spaced,withdrawal,AMENDING
32022D0498,2022-03-22,2022,EN 301 444 V2.2.1,ETSI,spaced,withdrawal,AMENDING
32022D0498,2022-03-22,2022,EN 301 908-1 V15.1.1,ETSI,spaced,withdrawal,AMENDING
32022D0498,2022-03-22,2022,EN 301 908-14 V15.1.1,ETSI,spaced,withdrawal,AMENDING
32022D0498,2022-03-22,2022,EN 301 908-15 V15.1.1,ETSI,spaced,withdrawal,AMENDING
32022D0498,2022-03-22,2022,EN 301 908-18 V15.1.1,ETSI,spaced,withdrawal,AMENDING
32022D0498,2022-03-22,2022,EN 302 217-2 V3.3.1,ETSI,spaced,withdrawal,AMENDING
32022D0498,2022-03-22,2022,EN 302 296 V2.2.1,ETSI,spaced,withdrawal,AMENDING
32022D0498,2022-03-22,2022,EN 302 480 V2.2.1,ETSI,spaced,withdrawal,AMENDING
32022D0498,2022-03-22,2022,EN 302 567 V2.2.1,ETSI,spaced,withdrawal,AMENDING
32022D0498,2022-03-22,2022,EN 301 444 V2.1.2,ETSI,spaced,withdrawal,AMENDING
32022D0498,2022-03-22,2022,EN 301 908-1 V13.1.1,ETSI,spaced,withdrawal,AMENDING
32022D0498,2022-03-22,2022,EN 301 908-14 V13.1.1,ETSI,spaced,withdrawal,AMENDING
32022D0498,2022-03-22,2022,EN 301 908-15 V11.1.2,ETSI,spaced,withdrawal,AMENDING
32022D0498,2022-03-22,2022,EN 301 908-18 V13.1.1,ETSI,spaced,withdrawal,AMENDING
32022D0498,2022-03-22,2022,EN 302 217-2 V3.2.2,ETSI,spaced,withdrawal,AMENDING
32022D0498,2022-03-22,2022,EN 302 296-2 V1.2.1,ETSI,spaced,withdrawal,AMENDING
32022D0498,2022-03-22,2022,EN 302 480 V2.1.2,ETSI,spaced,withdrawal,AMENDING
32022D0498,2022-03-22,2022,EN 302 567 V1.2.1,ETSI,spaced,withdrawal,AMENDING
32022D0498,2022-03-22,2022,EN 301 908-15 V15.1.1,ETSI,spaced,addition,AMENDING
32022D0498,2022-03-22,2022,EN 301 908-14 V15.1.1,ETSI,spaced,addition,AMENDING
32022D0498,2022-03-22,2022,EN 301 908-18 V15.1.1,ETSI,spaced,addition,AMENDING
32022D0498,2022-03-22,2022,EN 302 217-2 V3.3.1,ETSI,spaced,addition,AMENDING
32022D0498,2022-03-22,2022,EN 302 480 V2.2.1,ETSI,spaced,addition,AMENDING
32022D0498,2022-03-22,2022,EN 302 567 V2.2.1,ETSI,spaced,addition,AMENDING
32022D0498,2022-03-22,2022,EN 303 345-3 V1.1.1,ETSI,spaced,addition,AMENDING
32022D0498,2022-03-22,2022,EN 303 345-4 V1.1.1,ETSI,spaced,addition,AMENDING
32022D0498,2022-03-22,2022,EN 303 348 V1.2.1,ETSI,spaced,addition,AMENDING
32022D0498,2022-03-22,2022,EN 303 372-2 V1.2.1,ETSI,spaced,addition,AMENDING
32022D0498,2022-03-22,2022,EN 303 413 V1.2.1,ETSI,spaced,addition,AMENDING
32022D0498,2022-03-22,2022,EN 303 758 V1.1.1,ETSI,spaced,addition,AMENDING
32022D0498,2022-03-22,2022,EN 300 718-1 V2.2.1,ETSI,spaced,addition,AMENDING
32022D0498,2022-03-22,2022,EN 301 444 V2.2.1,ETSI,spaced,addition,AMENDING
32022D0498,2022-03-22,2022,EN 301 908-1 V15.1.1,ETSI,spaced,addition,AMENDING
32022D0498,2022-03-22,2022,EN 302 296 V2.2.1,ETSI,spaced,addition,AMENDING
32022D0498,2022-03-22,2022,EN 303 364-2 V1.1.1,ETSI,spaced,addition,AMENDING
32022D0498,2022-03-22,2022,EN 303 372-1 V1.2.1,ETSI,spaced,addition,AMENDING
32022D0498,2022-03-22,2022,EN 303 980 V1.2.1,ETSI,spaced,addition,AMENDING
32022D0498,2022-03-22,2022,EN 303 981 V1.2.1,ETSI,spaced,addition,AMENDING
32022D0498,2022-03-22,2022,EN 301 444 V2.1.2,ETSI,spaced,addition,AMENDING
32022D0498,2022-03-22,2022,EN 301 908-1 V13.1.1,ETSI,spaced,addition,AMENDING
32022D0498,2022-03-22,2022,EN 301 908-14 V13.1.1,ETSI,spaced,addition,AMENDING
32022D0498,2022-03-22,2022,EN 301 908-15 V11.1.2,ETSI,spaced,addition,AMENDING
32022D0498,2022-03-22,2022,EN 301 908-18 V13.1.1,ETSI,spaced,addition,AMENDING
32022D0498,2022-03-22,2022,EN 302 217-2 V3.2.2,ETSI,spaced,addition,AMENDING
32022D0498,2022-03-22,2022,EN 302 296-2 V1.2.1,ETSI,spaced,addition,AMENDING
32022D0498,2022-03-22,2022,EN 302 480 V2.1.2,ETSI,spaced,addition,AMENDING
32022D0498,2022-03-22,2022,EN 302 567 V1.2.1,ETSI,spaced,addition,AMENDING
32022D0621,2022-04-07,2022,EN 13852-3:2021,CEN,number,none,AMENDING
32022D0621,2022-04-07,2022,EN 12385-5:2021,CEN,number,none,AMENDING
32022D0621,2022-04-07,2022,EN 12609:2021,CEN,number,none,AMENDING
32022D0621,2022-04-07,2022,EN 12312-5:2021,CEN,number,none,AMENDING
32022D0621,2022-04-07,2022,EN 13001-2:2021,CEN,number,none,AMENDING
32022D0621,2022-04-07,2022,EN 1501-1:2021,CEN,number,none,AMENDING
32022D0621,2022-04-07,2022,EN 1501-2:2021,CEN,number,none,AMENDING
32022D0621,2022-04-07,2022,EN 1501-3:2021,CEN,number,none,AMENDING
32022D0621,2022-04-07,2022,EN 1501-5:2021,CEN,number,none,AMENDING
32022D0621,2022-04-07,2022,EN 1829-1:2021,CEN,number,none,AMENDING
32022D0621,2022-04-07,2022,EN ISO 22868:2021,ISO,explicit,none,AMENDING
32022D0621,2022-04-07,2022,EN 303-5:2021,CEN,number,none,AMENDING
32022D0621,2022-04-07,2022,EN ISO 11202:2010,ISO,explicit,none,AMENDING
32022D0621,2022-04-07,2022,EN ISO 19085-1:2021,ISO,explicit,none,AMENDING
32022D0621,2022-04-07,2022,EN 1756-1:2021,CEN,number,none,AMENDING
32022D0621,2022-04-07,2022,EN IEC 62061:2021,IEC,explicit,none,AMENDING
32022D0621,2022-04-07,2022,EN 13001-3-6:2018,CEN,number,none,AMENDING
32022D0621,2022-04-07,2022,EN 50636-2-107:2015,CENELEC,number,none,AMENDING
32022D0621,2022-04-07,2022,EN 60335-1:2012,IEC,inferred-60000,none,AMENDING
32022D0621,2022-04-07,2022,EN 474-1:2006+A6:2019,CEN,number,none,AMENDING
32022D0621,2022-04-07,2022,EN 474-1:2006+A5:2018,CEN,number,none,AMENDING
32022D0621,2022-04-07,2022,EN 474-1:2006+A5:2018,CEN,number,none,AMENDING
32022D0621,2022-04-07,2022,EN 474-1:2006+A5:2018,CEN,number,none,AMENDING
32022D0621,2022-04-07,2022,EN 474-1:2006+A6:2019,CEN,number,none,AMENDING
32022D0621,2022-04-07,2022,EN 474-1:2006+A6:2019,CEN,number,none,AMENDING
32022D0621,2022-04-07,2022,EN 474-5:2006+A3:2013,CEN,number,none,AMENDING
32022D0621,2022-04-07,2022,EN 474-1:2006+A6:2019,CEN,number,none,AMENDING
32022D0621,2022-04-07,2022,EN 474-1:2006+A5:2018,CEN,number,none,AMENDING
32022D0621,2022-04-07,2022,EN 474-1:2006+A5:2018,CEN,number,none,AMENDING
32022D0621,2022-04-07,2022,EN 474-1:2006+A6:2019,CEN,number,none,AMENDING
32022D0621,2022-04-07,2022,EN 474-1:2006+A6:2019,CEN,number,none,AMENDING
32022D0621,2022-04-07,2022,EN 474-1:2006+A6:2019,CEN,number,none,AMENDING
32022D0621,2022-04-07,2022,EN 474-1:2006+A6:2019,CEN,number,none,AMENDING
32022D0621,2022-04-07,2022,EN 60335-1:2012,IEC,inferred-60000,none,AMENDING
32022D0621,2022-04-07,2022,EN 60335-1:2012,IEC,inferred-60000,none,AMENDING
32022D0621,2022-04-07,2022,EN 60335-1:2012,IEC,inferred-60000,none,AMENDING
32022D0621,2022-04-07,2022,EN 60335-1:2012,IEC,inferred-60000,none,AMENDING
32022D0621,2022-04-07,2022,EN 60335-1:2012,IEC,inferred-60000,none,AMENDING
32022D0621,2022-04-07,2022,EN 60335-1:2012,IEC,inferred-60000,none,AMENDING
32022D0621,2022-04-07,2022,EN 60335-1:2012,IEC,inferred-60000,none,AMENDING
32022D0621,2022-04-07,2022,EN 60335-1:2012,IEC,inferred-60000,none,AMENDING
32022D0621,2022-04-07,2022,EN 60335-1:2012,IEC,inferred-60000,none,AMENDING
32022D0621,2022-04-07,2022,EN 60335-1:2012,IEC,inferred-60000,none,AMENDING
32022D0621,2022-04-07,2022,EN 60335-1:2012,IEC,inferred-60000,none,AMENDING
32022D0621,2022-04-07,2022,EN 60335-1:2012,IEC,inferred-60000,none,AMENDING
32022D0621,2022-04-07,2022,EN 12312-5:2005+A1:2009,CEN,number,withdrawal,AMENDING
32022D0621,2022-04-07,2022,EN 13001-2:2014,CEN,number,withdrawal,AMENDING
32022D0621,2022-04-07,2022,EN 1501-1:2011+A1:2015,CEN,number,withdrawal,AMENDING
32022D0621,2022-04-07,2022,EN 1501-2:2005+A1:2009,CEN,number,withdrawal,AMENDING
32022D0621,2022-04-07,2022,EN 1501-3:2008,CEN,number,withdrawal,AMENDING
32022D0621,2022-04-07,2022,EN 1501-5:2011,CEN,number,withdrawal,AMENDING
32022D0621,2022-04-07,2022,EN 1829-1:2010,CEN,number,withdrawal,AMENDING
32022D0621,2022-04-07,2022,EN ISO 22868:2011,ISO,explicit,withdrawal,AMENDING
32022D0621,2022-04-07,2022,EN 303-5:2012,CEN,number,withdrawal,AMENDING
32022D0621,2022-04-07,2022,EN ISO 11202:2010,ISO,explicit,withdrawal,AMENDING
32022D0621,2022-04-07,2022,EN ISO 19085-1:2017,ISO,explicit,withdrawal,AMENDING
32022D0621,2022-04-07,2022,EN 1756-1:2001+A1:2008,CEN,number,withdrawal,AMENDING
32022D0621,2022-04-07,2022,EN 62061:2005,IEC,inferred-60000,withdrawal,AMENDING
32022D0621,2022-04-07,2022,EN 13001-3-6:2018,CEN,number,withdrawal,AMENDING
32022D0621,2022-04-07,2022,EN 50636-2-107:2015,CENELEC,number,withdrawal,AMENDING
32022D0621,2022-04-07,2022,EN 60335-1:2012,IEC,inferred-60000,withdrawal,AMENDING
32022D0621,2022-04-07,2022,EN 12312-5:2005+A1:2009,CEN,number,withdrawal,AMENDING
32022D0621,2022-04-07,2022,EN 13001-2:2014,CEN,number,withdrawal,AMENDING
32022D0621,2022-04-07,2022,EN 1501-1:2011+A1:2015,CEN,number,withdrawal,AMENDING
32022D0621,2022-04-07,2022,EN 1501-2:2005+A1:2009,CEN,number,withdrawal,AMENDING
32022D0621,2022-04-07,2022,EN 1501-3:2008,CEN,number,withdrawal,AMENDING
32022D0621,2022-04-07,2022,EN 1501-5:2011,CEN,number,withdrawal,AMENDING
32022D0621,2022-04-07,2022,EN 1829-1:2010,CEN,number,withdrawal,AMENDING
32022D0621,2022-04-07,2022,EN ISO 22868:2011,ISO,explicit,withdrawal,AMENDING
32022D0621,2022-04-07,2022,EN 303-5:2012,CEN,number,withdrawal,AMENDING
32022D0621,2022-04-07,2022,EN ISO 11202:2010,ISO,explicit,withdrawal,AMENDING
32022D0621,2022-04-07,2022,EN ISO 19085-1:2017,ISO,explicit,withdrawal,AMENDING
32022D0621,2022-04-07,2022,EN 1756-1:2001+A1:2008,CEN,number,withdrawal,AMENDING
32022D0621,2022-04-07,2022,EN 62061:2005,IEC,inferred-60000,withdrawal,AMENDING
32022D0621,2022-04-07,2022,EN 13001-3-6:2018,CEN,number,withdrawal,AMENDING
32022D0621,2022-04-07,2022,EN 50636-2-107:2015,CENELEC,number,withdrawal,AMENDING
32022D0621,2022-04-07,2022,EN 60335-1:2012,IEC,inferred-60000,withdrawal,AMENDING
32022D0621,2022-04-07,2022,EN 474-1:2006+A5:2018,CEN,number,addition,AMENDING
32022D0621,2022-04-07,2022,EN 13001-3-6:2018+A1:2021,CEN,number,addition,AMENDING
32022D0621,2022-04-07,2022,EN 60335-1:2012,IEC,inferred-60000,addition,AMENDING
32022D0621,2022-04-07,2022,EN 60335-1:2012,IEC,inferred-60000,addition,AMENDING
32022D0621,2022-04-07,2022,EN 60335-1:2012,IEC,inferred-60000,addition,AMENDING
32022D0621,2022-04-07,2022,EN 60335-1:2012,IEC,inferred-60000,addition,AMENDING
32022D0621,2022-04-07,2022,EN 60335-1:2012,IEC,inferred-60000,addition,AMENDING
32022D0621,2022-04-07,2022,EN 60335-1:2012,IEC,inferred-60000,addition,AMENDING
32022D0621,2022-04-07,2022,EN 60335-1:2012,IEC,inferred-60000,addition,AMENDING
32022D0621,2022-04-07,2022,EN 60335-1:2012,IEC,inferred-60000,addition,AMENDING
32022D0621,2022-04-07,2022,EN 60335-1:2012,IEC,inferred-60000,addition,AMENDING
32022D0621,2022-04-07,2022,EN 50636-2-107:2015,CENELEC,number,addition,AMENDING
32022D0621,2022-04-07,2022,EN 50636-2-107:2015,CENELEC,number,addition,AMENDING
32022D0621,2022-04-07,2022,EN 50636-2-107:2015,CENELEC,number,addition,AMENDING
32022D0621,2022-04-07,2022,EN 50636-2-107:2015,CENELEC,number,addition,AMENDING
32022D0621,2022-04-07,2022,EN ISO 11202:2010,ISO,explicit,addition,AMENDING
32022D0621,2022-04-07,2022,EN ISO 11202:2010,ISO,explicit,addition,AMENDING
32022D0621,2022-04-07,2022,EN 303-5:2021,CEN,number,addition,AMENDING
32022D0621,2022-04-07,2022,EN 1501-1:2021,CEN,number,addition,AMENDING
32022D0621,2022-04-07,2022,EN 1501-2:2021,CEN,number,addition,AMENDING
32022D0621,2022-04-07,2022,EN 1501-3:2021,CEN,number,addition,AMENDING
32022D0621,2022-04-07,2022,EN 1501-5:2021,CEN,number,addition,AMENDING
32022D0621,2022-04-07,2022,EN 1756-1:2021,CEN,number,addition,AMENDING
32022D0621,2022-04-07,2022,EN 1829-1:2021,CEN,number,addition,AMENDING
32022D0621,2022-04-07,2022,EN 12312-5:2021,CEN,number,addition,AMENDING
32022D0621,2022-04-07,2022,EN 12385-5:2021,CEN,number,addition,AMENDING
32022D0621,2022-04-07,2022,EN 12609:2021,CEN,number,addition,AMENDING
32022D0621,2022-04-07,2022,EN 13001-2:2021,CEN,number,addition,AMENDING
32022D0621,2022-04-07,2022,EN 13852-3:2021,CEN,number,addition,AMENDING
32022D0621,2022-04-07,2022,EN ISO 19085-1:2021,ISO,explicit,addition,AMENDING
32022D0621,2022-04-07,2022,EN ISO 22868:2021,ISO,explicit,addition,AMENDING
32022D0621,2022-04-07,2022,EN IEC 62061:2021,IEC,explicit,addition,AMENDING
32022D0621,2022-04-07,2022,EN 474-1:2006+A6:2019,CEN,number,addition,AMENDING
32022D0621,2022-04-07,2022,EN 474-5:2006+A3:2013,CEN,number,addition,AMENDING
32022D0621,2022-04-07,2022,EN 474-1:2006+A6:2019,CEN,number,addition,AMENDING
32022D0621,2022-04-07,2022,EN 474-4:2006+A2:2012,CEN,number,addition,AMENDING
32022D0621,2022-04-07,2022,EN 474-5:2006+A3:2013,CEN,number,addition,AMENDING
32022D0621,2022-04-07,2022,EN 474-1:2006+A5:2018,CEN,number,addition,AMENDING
32022D0621,2022-04-07,2022,EN 474-5:2006+A3:2013,CEN,number,addition,AMENDING
32022D0621,2022-04-07,2022,EN 12312-5:2005+A1:2009,CEN,number,addition,AMENDING
32022D0621,2022-04-07,2022,EN 13001-2:2014,CEN,number,addition,AMENDING
32022D0621,2022-04-07,2022,EN 1501-1:2011+A1:2015,CEN,number,addition,AMENDING
32022D0621,2022-04-07,2022,EN 1501-2:2005+A1:2009,CEN,number,addition,AMENDING
32022D0621,2022-04-07,2022,EN 1501-3:2008,CEN,number,addition,AMENDING
32022D0621,2022-04-07,2022,EN 1501-5:2011,CEN,number,addition,AMENDING
32022D0621,2022-04-07,2022,EN 1756-1:2001+A1:2008,CEN,number,addition,AMENDING
32022D0621,2022-04-07,2022,EN 1829-1:2010,CEN,number,addition,AMENDING
32022D0621,2022-04-07,2022,EN 303-5:2012,CEN,number,addition,AMENDING
32022D0621,2022-04-07,2022,EN 62061:2005,IEC,inferred-60000,addition,AMENDING
32022D0621,2022-04-07,2022,EN 62061:2005,IEC,inferred-60000,addition,AMENDING
32022D0621,2022-04-07,2022,EN 62061:2005,IEC,inferred-60000,addition,AMENDING
32022D0621,2022-04-07,2022,EN 62061:2005,IEC,inferred-60000,addition,AMENDING
32022D0621,2022-04-07,2022,EN ISO 11202:2010,ISO,explicit,addition,AMENDING
32022D0621,2022-04-07,2022,EN ISO 19085-1:2017,ISO,explicit,addition,AMENDING
32022D0621,2022-04-07,2022,EN ISO 22868:2011,ISO,explicit,addition,AMENDING
32022D0622,2022-04-07,2022,EN IEC 62053-24:2021,IEC,explicit,none,AMENDING
32022D0622,2022-04-07,2022,EN IEC 62053-24:2021,IEC,explicit,none,AMENDING
32022D0622,2022-04-07,2022,EN 62053-21:2003,IEC,inferred-60000,none,AMENDING
32022D0622,2022-04-07,2022,EN 62053-22:2003,IEC,inferred-60000,none,AMENDING
32022D0622,2022-04-07,2022,EN 62053-23:2003,IEC,inferred-60000,none,AMENDING
32022D0622,2022-04-07,2022,EN 61009-1:2012,IEC,inferred-60000,none,AMENDING
32022D0622,2022-04-07,2022,EN IEC 62053-21:2021,IEC,explicit,none,AMENDING
32022D0622,2022-04-07,2022,EN IEC 62053-21:2021,IEC,explicit,none,AMENDING
32022D0622,2022-04-07,2022,EN IEC 62053-22:2021,IEC,explicit,none,AMENDING
32022D0622,2022-04-07,2022,EN IEC 62053-22:2021,IEC,explicit,none,AMENDING
32022D0622,2022-04-07,2022,EN IEC 62053-23:2021,IEC,explicit,none,AMENDING
32022D0622,2022-04-07,2022,EN IEC 62053-23:2021,IEC,explicit,none,AMENDING
32022D0622,2022-04-07,2022,EN 61009-1:2012,IEC,inferred-60000,none,AMENDING
32022D0622,2022-04-07,2022,EN 61009-1:2012,IEC,inferred-60000,none,AMENDING
32022D0622,2022-04-07,2022,EN IEC 62053-24:2021,IEC,explicit,none,AMENDING
32022D0622,2022-04-07,2022,EN IEC 62053-24:2021,IEC,explicit,none,AMENDING
32022D0622,2022-04-07,2022,EN IEC 62053-21:2021,IEC,explicit,none,AMENDING
32022D0622,2022-04-07,2022,EN IEC 62053-21:2021,IEC,explicit,none,AMENDING
32022D0622,2022-04-07,2022,EN IEC 62053-22:2021,IEC,explicit,none,AMENDING
32022D0622,2022-04-07,2022,EN IEC 62053-22:2021,IEC,explicit,none,AMENDING
32022D0622,2022-04-07,2022,EN IEC 62053-23:2021,IEC,explicit,none,AMENDING
32022D0622,2022-04-07,2022,EN IEC 62053-23:2021,IEC,explicit,none,AMENDING
32022D0622,2022-04-07,2022,EN 61009-1:2012,IEC,inferred-60000,none,AMENDING
32022D0622,2022-04-07,2022,EN 61009-1:2012,IEC,inferred-60000,none,AMENDING
32022D0622,2022-04-07,2022,EN IEC 62053-24:2021,IEC,explicit,none,AMENDING
32022D0622,2022-04-07,2022,EN IEC 62053-24:2021,IEC,explicit,none,AMENDING
32022D0622,2022-04-07,2022,EN IEC 62053-21:2021,IEC,explicit,none,AMENDING
32022D0622,2022-04-07,2022,EN IEC 62053-21:2021,IEC,explicit,none,AMENDING
32022D0622,2022-04-07,2022,EN IEC 62053-22:2021,IEC,explicit,none,AMENDING
32022D0622,2022-04-07,2022,EN IEC 62053-22:2021,IEC,explicit,none,AMENDING
32022D0622,2022-04-07,2022,EN IEC 62053-23:2021,IEC,explicit,none,AMENDING
32022D0622,2022-04-07,2022,EN IEC 62053-23:2021,IEC,explicit,none,AMENDING
32022D0622,2022-04-07,2022,EN 61009-1:2012,IEC,inferred-60000,none,AMENDING
32022D0622,2022-04-07,2022,EN 61009-1:2012,IEC,inferred-60000,none,AMENDING
32022D0622,2022-04-07,2022,EN 62053-21:2003,IEC,inferred-60000,none,AMENDING
32022D0622,2022-04-07,2022,EN 62053-22:2003,IEC,inferred-60000,none,AMENDING
32022D0622,2022-04-07,2022,EN 62053-23:2003,IEC,inferred-60000,none,AMENDING
32022D0622,2022-04-07,2022,EN 61009-1:2012,IEC,inferred-60000,none,AMENDING
32022D0622,2022-04-07,2022,EN IEC 62053-21:2021,IEC,explicit,withdrawal,AMENDING
32022D0622,2022-04-07,2022,EN IEC 62053-21:2021,IEC,explicit,withdrawal,AMENDING
32022D0622,2022-04-07,2022,EN IEC 62053-22:2021,IEC,explicit,withdrawal,AMENDING
32022D0622,2022-04-07,2022,EN IEC 62053-22:2021,IEC,explicit,withdrawal,AMENDING
32022D0622,2022-04-07,2022,EN IEC 62053-23:2021,IEC,explicit,withdrawal,AMENDING
32022D0622,2022-04-07,2022,EN IEC 62053-23:2021,IEC,explicit,withdrawal,AMENDING
32022D0622,2022-04-07,2022,EN 61009-1:2012,IEC,inferred-60000,withdrawal,AMENDING
32022D0622,2022-04-07,2022,EN 61009-1:2012,IEC,inferred-60000,withdrawal,AMENDING
32022D0622,2022-04-07,2022,EN 62053-21:2003,IEC,inferred-60000,withdrawal,AMENDING
32022D0622,2022-04-07,2022,EN 62053-22:2003,IEC,inferred-60000,withdrawal,AMENDING
32022D0622,2022-04-07,2022,EN 62053-23:2003,IEC,inferred-60000,withdrawal,AMENDING
32022D0622,2022-04-07,2022,EN 61009-1:2012,IEC,inferred-60000,withdrawal,AMENDING
32022D0622,2022-04-07,2022,EN IEC 62053-21:2021,IEC,explicit,addition,AMENDING
32022D0622,2022-04-07,2022,EN IEC 62053-21:2021,IEC,explicit,addition,AMENDING
32022D0622,2022-04-07,2022,EN IEC 62053-22:2021,IEC,explicit,addition,AMENDING
32022D0622,2022-04-07,2022,EN IEC 62053-22:2022,IEC,explicit,addition,AMENDING
32022D0622,2022-04-07,2022,EN IEC 62053-23:2021,IEC,explicit,addition,AMENDING
32022D0622,2022-04-07,2022,EN IEC 62053-23:2022,IEC,explicit,addition,AMENDING
32022D0622,2022-04-07,2022,EN IEC 62053-24:2021,IEC,explicit,addition,AMENDING
32022D0622,2022-04-07,2022,EN IEC 62053-24:2022,IEC,explicit,addition,AMENDING
32022D0622,2022-04-07,2022,EN 61009-1:2012,IEC,inferred-60000,addition,AMENDING
32022D0622,2022-04-07,2022,EN 61009-1:2012,IEC,inferred-60000,addition,AMENDING
32022D0622,2022-04-07,2022,EN 62053-21:2003,IEC,inferred-60000,addition,AMENDING
32022D0622,2022-04-07,2022,EN 62053-22:2003,IEC,inferred-60000,addition,AMENDING
32022D0622,2022-04-07,2022,EN 62053-23:2003,IEC,inferred-60000,addition,AMENDING
32022D0622,2022-04-07,2022,EN 61009-1:2012,IEC,inferred-60000,addition,AMENDING
32022D0713,2022-05-04,2022,EN 50689:2021,CENELEC,number,none,AMENDING
32022D0713,2022-05-04,2022,EN IEC 61010-2-011:2021,IEC,explicit,none,AMENDING
32022D0713,2022-05-04,2022,EN IEC 61010-2-011:2021,IEC,explicit,none,AMENDING
32022D0713,2022-05-04,2022,EN IEC 61347-2-14:2018,IEC,explicit,none,AMENDING
32022D0713,2022-05-04,2022,EN IEC 61347-2-14:2018,IEC,explicit,none,AMENDING
32022D0713,2022-05-04,2022,EN 60320-1:2001,IEC,inferred-60000,none,AMENDING
32022D0713,2022-05-04,2022,EN 60320-1:2001,IEC,inferred-60000,none,AMENDING
32022D0713,2022-05-04,2022,EN 60335-2-25:2012,IEC,inferred-60000,none,AMENDING
32022D0713,2022-05-04,2022,EN 60335-2-25:2012,IEC,inferred-60000,none,AMENDING
32022D0713,2022-05-04,2022,EN 60335-2-25:2012,IEC,inferred-60000,none,AMENDING
32022D0713,2022-05-04,2022,EN 60335-2-41:2003,IEC,inferred-60000,none,AMENDING
32022D0713,2022-05-04,2022,EN 60335-2-41:2003,IEC,inferred-60000,none,AMENDING
32022D0713,2022-05-04,2022,EN 60335-2-41:2003,IEC,inferred-60000,none,AMENDING
32022D0713,2022-05-04,2022,EN 60335-2-96:2002,IEC,inferred-60000,none,AMENDING
32022D0713,2022-05-04,2022,EN 60335-2-96:2002,IEC,inferred-60000,none,AMENDING
32022D0713,2022-05-04,2022,EN 60335-2-96:2002,IEC,inferred-60000,none,AMENDING
32022D0713,2022-05-04,2022,EN 60974-8:2009,IEC,inferred-60000,none,AMENDING
32022D0713,2022-05-04,2022,EN 61010-2-032:2012,IEC,inferred-60000,none,AMENDING
32022D0713,2022-05-04,2022,EN 61010-2-033:2012,IEC,inferred-60000,none,AMENDING
32022D0713,2022-05-04,2022,EN 61010-2-040:2005,IEC,inferred-60000,none,AMENDING
32022D0713,2022-05-04,2022,EN 61914:2016,IEC,inferred-60000,none,AMENDING
32022D0713,2022-05-04,2022,EN 62031:2008,IEC,inferred-60000,none,AMENDING
32022D0713,2022-05-04,2022,EN 62031:2008,IEC,inferred-60000,none,AMENDING
32022D0713,2022-05-04,2022,EN 62031:2008,IEC,inferred-60000,none,AMENDING
32022D0713,2022-05-04,2022,EN IEC 60320-1:2021,IEC,explicit,none,AMENDING
32022D0713,2022-05-04,2022,EN IEC 60335-2-25:2021,IEC,explicit,none,AMENDING
32022D0713,2022-05-04,2022,EN IEC 60335-2-25:2021,IEC,explicit,none,AMENDING
32022D0713,2022-05-04,2022,EN IEC 60335-2-41:2021,IEC,explicit,none,AMENDING
32022D0713,2022-05-04,2022,EN IEC 60335-2-41:2021,IEC,explicit,none,AMENDING
32022D0713,2022-05-04,2022,EN IEC 60335-2-96:2021,IEC,explicit,none,AMENDING
32022D0713,2022-05-04,2022,EN IEC 60335-2-96:2021,IEC,explicit,none,AMENDING
32022D0713,2022-05-04,2022,EN IEC 60974-8:2021,IEC,explicit,none,AMENDING
32022D0713,2022-05-04,2022,EN IEC 61010-2-032:2021,IEC,explicit,none,AMENDING
32022D0713,2022-05-04,2022,EN IEC 61010-2-032:2021,IEC,explicit,none,AMENDING
32022D0713,2022-05-04,2022,EN IEC 61010-2-033:2021,IEC,explicit,none,AMENDING
32022D0713,2022-05-04,2022,EN IEC 61010-2-033:2021,IEC,explicit,none,AMENDING
32022D0713,2022-05-04,2022,EN IEC 61010-2-040:2021,IEC,explicit,none,AMENDING
32022D0713,2022-05-04,2022,EN IEC 61914:2021,IEC,explicit,none,AMENDING
32022D0713,2022-05-04,2022,EN IEC 62031:2020,IEC,explicit,none,AMENDING
32022D0713,2022-05-04,2022,EN IEC 62031:2020,IEC,explicit,none,AMENDING
32022D0713,2022-05-04,2022,EN 61010-2-091:2012,IEC,inferred-60000,none,AMENDING
32022D0713,2022-05-04,2022,EN 61010-2-091:2012,IEC,inferred-60000,none,AMENDING
32022D0713,2022-05-04,2022,EN 60335-2-105:2005,IEC,inferred-60000,none,AMENDING
32022D0713,2022-05-04,2022,EN 60335-2-105:2005,IEC,inferred-60000,none,AMENDING
32022D0713,2022-05-04,2022,EN 60335-2-105:2005,IEC,inferred-60000,none,AMENDING
32022D0713,2022-05-04,2022,EN 60335-2-105:2005,IEC,inferred-60000,none,AMENDING
32022D0713,2022-05-04,2022,EN 60335-2-84:2003,IEC,inferred-60000,none,AMENDING
32022D0713,2022-05-04,2022,EN 60335-2-84:2003,IEC,inferred-60000,none,AMENDING
32022D0713,2022-05-04,2022,EN 60335-2-84:2003,IEC,inferred-60000,none,AMENDING
32022D0713,2022-05-04,2022,EN 60335-2-29:2004,IEC,inferred-60000,none,AMENDING
32022D0713,2022-05-04,2022,EN 60335-2-29:2004,IEC,inferred-60000,none,AMENDING
32022D0713,2022-05-04,2022,EN 60335-2-29:2004,IEC,inferred-60000,none,AMENDING
32022D0713,2022-05-04,2022,EN IEC 61010-2-091:2021,IEC,explicit,none,AMENDING
32022D0713,2022-05-04,2022,EN IEC 61010-2-091:2021,IEC,explicit,none,AMENDING
32022D0713,2022-05-04,2022,EN IEC 60335-2-105:2021,IEC,explicit,none,AMENDING
32022D0713,2022-05-04,2022,EN IEC 60335-2-105:2021,IEC,explicit,none,AMENDING
32022D0713,2022-05-04,2022,EN IEC 60335-2-105:2021,IEC,explicit,none,AMENDING
32022D0713,2022-05-04,2022,EN IEC 60335-2-84:2021,IEC,explicit,none,AMENDING
32022D0713,2022-05-04,2022,EN IEC 60335-2-84:2021,IEC,explicit,none,AMENDING
32022D0713,2022-05-04,2022,EN 60335-2-29:2021,IEC,inferred-60000,none,AMENDING
32022D0713,2022-05-04,2022,EN 60335-2-29:2021,IEC,inferred-60000,none,AMENDING
32022D0713,2022-05-04,2022,EN 60335-2-54:2008,IEC,inferred-60000,none,AMENDING
32022D0713,2022-05-04,2022,EN 60335-2-54:2008,IEC,inferred-60000,none,AMENDING
32022D0713,2022-05-04,2022,EN 60335-2-54:2008,IEC,inferred-60000,none,AMENDING
32022D0713,2022-05-04,2022,EN 60335-2-54:2008,IEC,inferred-60000,none,AMENDING
32022D0713,2022-05-04,2022,EN 61009-1:2012,IEC,inferred-60000,none,AMENDING
32022D0713,2022-05-04,2022,EN 61009-1:2012,IEC,inferred-60000,none,AMENDING
32022D0713,2022-05-04,2022,EN 61009-1:2012,IEC,inferred-60000,none,AMENDING
32022D0713,2022-05-04,2022,EN 61009-1:2012,IEC,inferred-60000,none,AMENDING
32022D0713,2022-05-04,2022,EN 60335-2-54:2008,IEC,inferred-60000,none,AMENDING
32022D0713,2022-05-04,2022,EN 60335-2-54:2008,IEC,inferred-60000,none,AMENDING
32022D0713,2022-05-04,2022,EN 61009-1:2012,IEC,inferred-60000,none,AMENDING
32022D0713,2022-05-04,2022,EN 60335-2-15:2016,IEC,inferred-60000,none,AMENDING
32022D0713,2022-05-04,2022,EN 60335-2-15:2016,IEC,inferred-60000,none,AMENDING
32022D0713,2022-05-04,2022,EN 60335-2-35:2016,IEC,inferred-60000,none,AMENDING
32022D0713,2022-05-04,2022,EN 60335-2-35:2016,IEC,inferred-60000,none,AMENDING
32022D0713,2022-05-04,2022,EN 60335-2-61:2003,IEC,inferred-60000,none,AMENDING
32022D0713,2022-05-04,2022,EN 60335-2-61:2003,IEC,inferred-60000,none,AMENDING
32022D0713,2022-05-04,2022,EN 60335-2-61:2003,IEC,inferred-60000,none,AMENDING
32022D0713,2022-05-04,2022,EN 60335-2-61:2003,IEC,inferred-60000,none,AMENDING
32022D0713,2022-05-04,2022,EN 60335-2-27:2013,IEC,inferred-60000,none,AMENDING
32022D0713,2022-05-04,2022,EN 60335-2-27:2013,IEC,inferred-60000,none,AMENDING
32022D0713,2022-05-04,2022,EN 60335-2-27:2013,IEC,inferred-60000,none,AMENDING
32022D0713,2022-05-04,2022,EN 60335-2-21:2021,IEC,inferred-60000,none,AMENDING
32022D0713,2022-05-04,2022,EN 60335-2-15:2016,IEC,inferred-60000,none,AMENDING
32022D0713,2022-05-04,2022,EN 60335-2-15:2016,IEC,inferred-60000,none,AMENDING
32022D0713,2022-05-04,2022,EN 60335-2-15:2016,IEC,inferred-60000,none,AMENDING
32022D0713,2022-05-04,2022,EN 60335-2-35:2016,IEC,inferred-60000,none,AMENDING
32022D0713,2022-05-04,2022,EN 60335-2-61:2003,IEC,inferred-60000,none,AMENDING
32022D0713,2022-05-04,2022,EN 60335-2-27:2013,IEC,inferred-60000,none,AMENDING
32022D0713,2022-05-04,2022,EN 60335-2-21:2021,IEC,inferred-60000,none,AMENDING
32022D0713,2022-05-04,2022,EN 50689:2021,CENELEC,number,none,AMENDING
32022D0713,2022-05-04,2022,EN IEC 61010-2-011:2021,IEC,explicit,none,AMENDING
32022D0713,2022-05-04,2022,EN IEC 61010-2-011:2021,IEC,explicit,none,AMENDING
32022D0713,2022-05-04,2022,EN IEC 61347-2-14:2018,IEC,explicit,none,AMENDING
32022D0713,2022-05-04,2022,EN IEC 61347-2-14:2018,IEC,explicit,none,AMENDING
32022D0713,2022-05-04,2022,EN IEC 60320-1:2021,IEC,explicit,none,AMENDING
32022D0713,2022-05-04,2022,EN IEC 60335-2-25:2021,IEC,explicit,none,AMENDING
32022D0713,2022-05-04,2022,EN IEC 60335-2-25:2021,IEC,explicit,none,AMENDING
32022D0713,2022-05-04,2022,EN IEC 60335-2-41:2021,IEC,explicit,none,AMENDING
32022D0713,2022-05-04,2022,EN IEC 60335-2-41:2021,IEC,explicit,none,AMENDING
32022D0713,2022-05-04,2022,EN IEC 60335-2-96:2021,IEC,explicit,none,AMENDING
32022D0713,2022-05-04,2022,EN IEC 60335-2-96:2021,IEC,explicit,none,AMENDING
32022D0713,2022-05-04,2022,EN IEC 60974-8:2021,IEC,explicit,none,AMENDING
32022D0713,2022-05-04,2022,EN IEC 61010-2-032:2021,IEC,explicit,none,AMENDING
32022D0713,2022-05-04,2022,EN IEC 61010-2-032:2021,IEC,explicit,none,AMENDING
32022D0713,2022-05-04,2022,EN IEC 61010-2-033:2021,IEC,explicit,none,AMENDING
32022D0713,2022-05-04,2022,EN IEC 61010-2-033:2021,IEC,explicit,none,AMENDING
32022D0713,2022-05-04,2022,EN IEC 61010-2-040:2021,IEC,explicit,none,AMENDING
32022D0713,2022-05-04,2022,EN IEC 61010-2-091:2021,IEC,explicit,none,AMENDING
32022D0713,2022-05-04,2022,EN IEC 61010-2-091:2021,IEC,explicit,none,AMENDING
32022D0713,2022-05-04,2022,EN IEC 61914:2021,IEC,explicit,none,AMENDING
32022D0713,2022-05-04,2022,EN IEC 62031:2020,IEC,explicit,none,AMENDING
32022D0713,2022-05-04,2022,EN IEC 62031:2020,IEC,explicit,none,AMENDING
32022D0713,2022-05-04,2022,EN IEC 60335-2-105:2021,IEC,explicit,none,AMENDING
32022D0713,2022-05-04,2022,EN IEC 60335-2-105:2021,IEC,explicit,none,AMENDING
32022D0713,2022-05-04,2022,EN IEC 60335-2-105:2021,IEC,explicit,none,AMENDING
32022D0713,2022-05-04,2022,EN IEC 60335-2-84:2021,IEC,explicit,none,AMENDING
32022D0713,2022-05-04,2022,EN IEC 60335-2-84:2021,IEC,explicit,none,AMENDING
32022D0713,2022-05-04,2022,EN 60335-2-29:2021,IEC,inferred-60000,none,AMENDING
32022D0713,2022-05-04,2022,EN 60335-2-29:2021,IEC,inferred-60000,none,AMENDING
32022D0713,2022-05-04,2022,EN 60335-2-54:2008,IEC,inferred-60000,none,AMENDING
32022D0713,2022-05-04,2022,EN 60335-2-54:2008,IEC,inferred-60000,none,AMENDING
32022D0713,2022-05-04,2022,EN 60335-2-54:2008,IEC,inferred-60000,none,AMENDING
32022D0713,2022-05-04,2022,EN 60335-2-54:2008,IEC,inferred-60000,none,AMENDING
32022D0713,2022-05-04,2022,EN 60335-2-54:2008,IEC,inferred-60000,none,AMENDING
32022D0713,2022-05-04,2022,EN 60335-2-54:2008,IEC,inferred-60000,none,AMENDING
32022D0713,2022-05-04,2022,EN 61009-1:2012,IEC,inferred-60000,none,AMENDING
32022D0713,2022-05-04,2022,EN 61009-1:2012,IEC,inferred-60000,none,AMENDING
32022D0713,2022-05-04,2022,EN 61009-1:2012,IEC,inferred-60000,none,AMENDING
32022D0713,2022-05-04,2022,EN 61009-1:2012,IEC,inferred-60000,none,AMENDING
32022D0713,2022-05-04,2022,EN 61009-1:2012,IEC,inferred-60000,none,AMENDING
32022D0713,2022-05-04,2022,EN 60335-2-15:2016,IEC,inferred-60000,none,AMENDING
32022D0713,2022-05-04,2022,EN 60335-2-15:2016,IEC,inferred-60000,none,AMENDING
32022D0713,2022-05-04,2022,EN 60335-2-15:2016,IEC,inferred-60000,none,AMENDING
32022D0713,2022-05-04,2022,EN 60335-2-15:2016,IEC,inferred-60000,none,AMENDING
32022D0713,2022-05-04,2022,EN 60335-2-15:2016,IEC,inferred-60000,none,AMENDING
32022D0713,2022-05-04,2022,EN 60335-2-35:2016,IEC,inferred-60000,none,AMENDING
32022D0713,2022-05-04,2022,EN 60335-2-35:2016,IEC,inferred-60000,none,AMENDING
32022D0713,2022-05-04,2022,EN 60335-2-35:2016,IEC,inferred-60000,none,AMENDING
32022D0713,2022-05-04,2022,EN 60335-2-61:2003,IEC,inferred-60000,none,AMENDING
32022D0713,2022-05-04,2022,EN 60335-2-61:2003,IEC,inferred-60000,none,AMENDING
32022D0713,2022-05-04,2022,EN 60335-2-61:2003,IEC,inferred-60000,none,AMENDING
32022D0713,2022-05-04,2022,EN 60335-2-61:2003,IEC,inferred-60000,none,AMENDING
32022D0713,2022-05-04,2022,EN 60335-2-61:2003,IEC,inferred-60000,none,AMENDING
32022D0713,2022-05-04,2022,EN 60335-2-27:2013,IEC,inferred-60000,none,AMENDING
32022D0713,2022-05-04,2022,EN 60335-2-27:2013,IEC,inferred-60000,none,AMENDING
32022D0713,2022-05-04,2022,EN 60335-2-27:2013,IEC,inferred-60000,none,AMENDING
32022D0713,2022-05-04,2022,EN 60335-2-27:2013,IEC,inferred-60000,none,AMENDING
32022D0713,2022-05-04,2022,EN 60335-2-21:2021,IEC,inferred-60000,none,AMENDING
32022D0713,2022-05-04,2022,EN 60335-2-21:2021,IEC,inferred-60000,none,AMENDING
32022D0713,2022-05-04,2022,EN 60320-1:2001,IEC,inferred-60000,none,AMENDING
32022D0713,2022-05-04,2022,EN 60335-2-25:2012,IEC,inferred-60000,none,AMENDING
32022D0713,2022-05-04,2022,EN 60335-2-41:2003,IEC,inferred-60000,none,AMENDING
32022D0713,2022-05-04,2022,EN 60335-2-96:2002,IEC,inferred-60000,none,AMENDING
32022D0713,2022-05-04,2022,EN 60974-8:2009,IEC,inferred-60000,none,AMENDING
32022D0713,2022-05-04,2022,EN 61010-2-032:2012,IEC,inferred-60000,none,AMENDING
32022D0713,2022-05-04,2022,EN 61010-2-033:2012,IEC,inferred-60000,none,AMENDING
32022D0713,2022-05-04,2022,EN 61010-2-040:2005,IEC,inferred-60000,none,AMENDING
32022D0713,2022-05-04,2022,EN 61914:2016,IEC,inferred-60000,none,AMENDING
32022D0713,2022-05-04,2022,EN 62031:2008,IEC,inferred-60000,none,AMENDING
32022D0713,2022-05-04,2022,EN 60335-2-54:2008,IEC,inferred-60000,none,AMENDING
32022D0713,2022-05-04,2022,EN 61009-1:2012,IEC,inferred-60000,none,AMENDING
32022D0713,2022-05-04,2022,EN 61851-22:2002,IEC,inferred-60000,none,AMENDING
32022D0713,2022-05-04,2022,EN IEC 61851-1:2019,IEC,explicit,none,AMENDING
32022D0713,2022-05-04,2022,EN 61851-22:2002,IEC,inferred-60000,none,AMENDING
32022D0713,2022-05-04,2022,EN 61010-2-091:2012,IEC,inferred-60000,withdrawal,AMENDING
32022D0713,2022-05-04,2022,EN 60335-2-105:2005,IEC,inferred-60000,withdrawal,AMENDING
32022D0713,2022-05-04,2022,EN 60335-2-84:2003,IEC,inferred-60000,withdrawal,AMENDING
32022D0713,2022-05-04,2022,EN 60335-2-29:2004,IEC,inferred-60000,withdrawal,AMENDING
32022D0713,2022-05-04,2022,EN 60335-2-15:2016,IEC,inferred-60000,withdrawal,AMENDING
32022D0713,2022-05-04,2022,EN 60335-2-35:2016,IEC,inferred-60000,withdrawal,AMENDING
32022D0713,2022-05-04,2022,EN 60335-2-61:2003,IEC,inferred-60000,withdrawal,AMENDING
32022D0713,2022-05-04,2022,EN 60335-2-27:2013,IEC,inferred-60000,withdrawal,AMENDING
32022D0713,2022-05-04,2022,EN 60335-2-21:2021,IEC,inferred-60000,withdrawal,AMENDING
32022D0713,2022-05-04,2022,EN 61010-2-091:2012,IEC,inferred-60000,withdrawal,AMENDING
32022D0713,2022-05-04,2022,EN 61010-2-091:2012,IEC,inferred-60000,withdrawal,AMENDING
32022D0713,2022-05-04,2022,EN IEC 60320-1:2021,IEC,explicit,withdrawal,AMENDING
32022D0713,2022-05-04,2022,EN IEC 60335-2-25:2021,IEC,explicit,withdrawal,AMENDING
32022D0713,2022-05-04,2022,EN IEC 60335-2-25:2021,IEC,explicit,withdrawal,AMENDING
32022D0713,2022-05-04,2022,EN IEC 60335-2-41:2021,IEC,explicit,withdrawal,AMENDING
32022D0713,2022-05-04,2022,EN IEC 60335-2-41:2021,IEC,explicit,withdrawal,AMENDING
32022D0713,2022-05-04,2022,EN IEC 60335-2-96:2021,IEC,explicit,withdrawal,AMENDING
32022D0713,2022-05-04,2022,EN IEC 60335-2-96:2021,IEC,explicit,withdrawal,AMENDING
32022D0713,2022-05-04,2022,EN IEC 60974-8:2021,IEC,explicit,withdrawal,AMENDING
32022D0713,2022-05-04,2022,EN IEC 61010-2-032:2021,IEC,explicit,withdrawal,AMENDING
32022D0713,2022-05-04,2022,EN IEC 61010-2-032:2021,IEC,explicit,withdrawal,AMENDING
32022D0713,2022-05-04,2022,EN IEC 61010-2-033:2021,IEC,explicit,withdrawal,AMENDING
32022D0713,2022-05-04,2022,EN IEC 61010-2-033:2021,IEC,explicit,withdrawal,AMENDING
32022D0713,2022-05-04,2022,EN IEC 61010-2-040:2021,IEC,explicit,withdrawal,AMENDING
32022D0713,2022-05-04,2022,EN IEC 61010-2-091:2021,IEC,explicit,withdrawal,AMENDING
32022D0713,2022-05-04,2022,EN IEC 61010-2-091:2021,IEC,explicit,withdrawal,AMENDING
32022D0713,2022-05-04,2022,EN IEC 61914:2021,IEC,explicit,withdrawal,AMENDING
32022D0713,2022-05-04,2022,EN IEC 62031:2020,IEC,explicit,withdrawal,AMENDING
32022D0713,2022-05-04,2022,EN IEC 62031:2020,IEC,explicit,withdrawal,AMENDING
32022D0713,2022-05-04,2022,EN IEC 60335-2-105:2021,IEC,explicit,withdrawal,AMENDING
32022D0713,2022-05-04,2022,EN IEC 60335-2-105:2021,IEC,explicit,withdrawal,AMENDING
32022D0713,2022-05-04,2022,EN IEC 60335-2-105:2021,IEC,explicit,withdrawal,AMENDING
32022D0713,2022-05-04,2022,EN IEC 60335-2-84:2021,IEC,explicit,withdrawal,AMENDING
32022D0713,2022-05-04,2022,EN IEC 60335-2-84:2021,IEC,explicit,withdrawal,AMENDING
32022D0713,2022-05-04,2022,EN 60335-2-29:2021,IEC,inferred-60000,withdrawal,AMENDING
32022D0713,2022-05-04,2022,EN 60335-2-29:2021,IEC,inferred-60000,withdrawal,AMENDING
32022D0713,2022-05-04,2022,EN 60335-2-54:2008,IEC,inferred-60000,withdrawal,AMENDING
32022D0713,2022-05-04,2022,EN 60335-2-54:2008,IEC,inferred-60000,withdrawal,AMENDING
32022D0713,2022-05-04,2022,EN 60335-2-54:2008,IEC,inferred-60000,withdrawal,AMENDING
32022D0713,2022-05-04,2022,EN 60335-2-54:2008,IEC,inferred-60000,withdrawal,AMENDING
32022D0713,2022-05-04,2022,EN 60335-2-54:2008,IEC,inferred-60000,withdrawal,AMENDING
32022D0713,2022-05-04,2022,EN 60335-2-54:2008,IEC,inferred-60000,withdrawal,AMENDING
32022D0713,2022-05-04,2022,EN 61009-1:2012,IEC,inferred-60000,withdrawal,AMENDING
32022D0713,2022-05-04,2022,EN 61009-1:2012,IEC,inferred-60000,withdrawal,AMENDING
32022D0713,2022-05-04,2022,EN 61009-1:2012,IEC,inferred-60000,withdrawal,AMENDING
32022D0713,2022-05-04,2022,EN 61009-1:2012,IEC,inferred-60000,withdrawal,AMENDING
32022D0713,2022-05-04,2022,EN 61009-1:2012,IEC,inferred-60000,withdrawal,AMENDING
32022D0713,2022-05-04,2022,EN 60335-2-15:2016,IEC,inferred-60000,withdrawal,AMENDING
32022D0713,2022-05-04,2022,EN 60335-2-15:2016,IEC,inferred-60000,withdrawal,AMENDING
32022D0713,2022-05-04,2022,EN 60335-2-15:2016,IEC,inferred-60000,withdrawal,AMENDING
32022D0713,2022-05-04,2022,EN 60335-2-15:2016,IEC,inferred-60000,withdrawal,AMENDING
32022D0713,2022-05-04,2022,EN 60335-2-15:2016,IEC,inferred-60000,withdrawal,AMENDING
32022D0713,2022-05-04,2022,EN 60335-2-35:2016,IEC,inferred-60000,withdrawal,AMENDING
32022D0713,2022-05-04,2022,EN 60335-2-35:2016,IEC,inferred-60000,withdrawal,AMENDING
32022D0713,2022-05-04,2022,EN 60335-2-35:2016,IEC,inferred-60000,withdrawal,AMENDING
32022D0713,2022-05-04,2022,EN 60335-2-61:2003,IEC,inferred-60000,withdrawal,AMENDING
32022D0713,2022-05-04,2022,EN 60335-2-61:2003,IEC,inferred-60000,withdrawal,AMENDING
32022D0713,2022-05-04,2022,EN 60335-2-61:2003,IEC,inferred-60000,withdrawal,AMENDING
32022D0713,2022-05-04,2022,EN 60335-2-61:2003,IEC,inferred-60000,withdrawal,AMENDING
32022D0713,2022-05-04,2022,EN 60335-2-61:2003,IEC,inferred-60000,withdrawal,AMENDING
32022D0713,2022-05-04,2022,EN 60335-2-27:2013,IEC,inferred-60000,withdrawal,AMENDING
32022D0713,2022-05-04,2022,EN 60335-2-27:2013,IEC,inferred-60000,withdrawal,AMENDING
32022D0713,2022-05-04,2022,EN 60335-2-27:2013,IEC,inferred-60000,withdrawal,AMENDING
32022D0713,2022-05-04,2022,EN 60335-2-27:2013,IEC,inferred-60000,withdrawal,AMENDING
32022D0713,2022-05-04,2022,EN 60335-2-21:2021,IEC,inferred-60000,withdrawal,AMENDING
32022D0713,2022-05-04,2022,EN 60335-2-21:2021,IEC,inferred-60000,withdrawal,AMENDING
32022D0713,2022-05-04,2022,EN 60320-1:2001,IEC,inferred-60000,withdrawal,AMENDING
32022D0713,2022-05-04,2022,EN 60335-2-25:2012,IEC,inferred-60000,withdrawal,AMENDING
32022D0713,2022-05-04,2022,EN 60335-2-41:2003,IEC,inferred-60000,withdrawal,AMENDING
32022D0713,2022-05-04,2022,EN 60335-2-96:2002,IEC,inferred-60000,withdrawal,AMENDING
32022D0713,2022-05-04,2022,EN 60974-8:2009,IEC,inferred-60000,withdrawal,AMENDING
32022D0713,2022-05-04,2022,EN 61010-2-032:2012,IEC,inferred-60000,withdrawal,AMENDING
32022D0713,2022-05-04,2022,EN 61010-2-033:2012,IEC,inferred-60000,withdrawal,AMENDING
32022D0713,2022-05-04,2022,EN 61010-2-040:2005,IEC,inferred-60000,withdrawal,AMENDING
32022D0713,2022-05-04,2022,EN 61914:2016,IEC,inferred-60000,withdrawal,AMENDING
32022D0713,2022-05-04,2022,EN 62031:2008,IEC,inferred-60000,withdrawal,AMENDING
32022D0713,2022-05-04,2022,EN 60335-2-54:2008,IEC,inferred-60000,withdrawal,AMENDING
32022D0713,2022-05-04,2022,EN 61009-1:2012,IEC,inferred-60000,withdrawal,AMENDING
32022D0713,2022-05-04,2022,EN 61851-22:2002,IEC,inferred-60000,withdrawal,AMENDING
32022D0713,2022-05-04,2022,EN 61010-2-091:2012,IEC,inferred-60000,withdrawal,AMENDING
32022D0713,2022-05-04,2022,EN 60335-2-105:2005,IEC,inferred-60000,withdrawal,AMENDING
32022D0713,2022-05-04,2022,EN 60335-2-84:2003,IEC,inferred-60000,withdrawal,AMENDING
32022D0713,2022-05-04,2022,EN 60335-2-29:2004,IEC,inferred-60000,withdrawal,AMENDING
32022D0713,2022-05-04,2022,EN 60335-2-15:2016,IEC,inferred-60000,withdrawal,AMENDING
32022D0713,2022-05-04,2022,EN 60335-2-35:2016,IEC,inferred-60000,withdrawal,AMENDING
32022D0713,2022-05-04,2022,EN 60335-2-61:2003,IEC,inferred-60000,withdrawal,AMENDING
32022D0713,2022-05-04,2022,EN 60335-2-27:2013,IEC,inferred-60000,withdrawal,AMENDING
32022D0713,2022-05-04,2022,EN 60335-2-21:2021,IEC,inferred-60000,withdrawal,AMENDING
32022D0713,2022-05-04,2022,EN 60335-2-15:2016,IEC,inferred-60000,addition,AMENDING
32022D0713,2022-05-04,2022,EN 60335-2-15:2016,IEC,inferred-60000,addition,AMENDING
32022D0713,2022-05-04,2022,EN 60335-2-15:2016,IEC,inferred-60000,addition,AMENDING
32022D0713,2022-05-04,2022,EN 60335-2-15:2016,IEC,inferred-60000,addition,AMENDING
32022D0713,2022-05-04,2022,EN 60335-2-15:2016,IEC,inferred-60000,addition,AMENDING
32022D0713,2022-05-04,2022,EN 60335-2-29:2021,IEC,inferred-60000,addition,AMENDING
32022D0713,2022-05-04,2022,EN 60335-2-29:2021,IEC,inferred-60000,addition,AMENDING
32022D0713,2022-05-04,2022,EN 60335-2-35:2016,IEC,inferred-60000,addition,AMENDING
32022D0713,2022-05-04,2022,EN 60335-2-35:2016,IEC,inferred-60000,addition,AMENDING
32022D0713,2022-05-04,2022,EN 60335-2-35:2016,IEC,inferred-60000,addition,AMENDING
32022D0713,2022-05-04,2022,EN 60335-2-61:2003,IEC,inferred-60000,addition,AMENDING
32022D0713,2022-05-04,2022,EN 60335-2-61:2003,IEC,inferred-60000,addition,AMENDING
32022D0713,2022-05-04,2022,EN 60335-2-61:2003,IEC,inferred-60000,addition,AMENDING
32022D0713,2022-05-04,2022,EN 60335-2-61:2003,IEC,inferred-60000,addition,AMENDING
32022D0713,2022-05-04,2022,EN 60335-2-61:2003,IEC,inferred-60000,addition,AMENDING
32022D0713,2022-05-04,2022,EN IEC 60335-2-84:2021,IEC,explicit,addition,AMENDING
32022D0713,2022-05-04,2022,EN IEC 60335-2-84:2021,IEC,explicit,addition,AMENDING
32022D0713,2022-05-04,2022,EN IEC 60335-2-105:2021,IEC,explicit,addition,AMENDING
32022D0713,2022-05-04,2022,EN IEC 60335-2-105:2021,IEC,explicit,addition,AMENDING
32022D0713,2022-05-04,2022,EN IEC 60335-2-105:2021,IEC,explicit,addition,AMENDING
32022D0713,2022-05-04,2022,EN 60335-2-27:2013,IEC,inferred-60000,addition,AMENDING
32022D0713,2022-05-04,2022,EN 60335-2-27:2013,IEC,inferred-60000,addition,AMENDING
32022D0713,2022-05-04,2022,EN 60335-2-27:2013,IEC,inferred-60000,addition,AMENDING
32022D0713,2022-05-04,2022,EN 60335-2-27:2013,IEC,inferred-60000,addition,AMENDING
32022D0713,2022-05-04,2022,EN 60335-2-21:2021,IEC,inferred-60000,addition,AMENDING
32022D0713,2022-05-04,2022,EN 60335-2-21:2021,IEC,inferred-60000,addition,AMENDING
32022D0713,2022-05-04,2022,EN 50689:2021,CENELEC,number,addition,AMENDING
32022D0713,2022-05-04,2022,EN IEC 61010-2-011:2021,IEC,explicit,addition,AMENDING
32022D0713,2022-05-04,2022,EN IEC 61010-2-011:2021,IEC,explicit,addition,AMENDING
32022D0713,2022-05-04,2022,EN IEC 61347-2-14:2018,IEC,explicit,addition,AMENDING
32022D0713,2022-05-04,2022,EN IEC 61347-2-14:2018,IEC,explicit,addition,AMENDING
32022D0713,2022-05-04,2022,EN IEC 60320-1:2021,IEC,explicit,addition,AMENDING
32022D0713,2022-05-04,2022,EN IEC 60335-2-25:2021,IEC,explicit,addition,AMENDING
32022D0713,2022-05-04,2022,EN IEC 60335-2-25:2021,IEC,explicit,addition,AMENDING
32022D0713,2022-05-04,2022,EN IEC 60335-2-41:2021,IEC,explicit,addition,AMENDING
32022D0713,2022-05-04,2022,EN IEC 60335-2-41:2021,IEC,explicit,addition,AMENDING
32022D0713,2022-05-04,2022,EN IEC 60335-2-96:2021,IEC,explicit,addition,AMENDING
32022D0713,2022-05-04,2022,EN IEC 60335-2-96:2021,IEC,explicit,addition,AMENDING
32022D0713,2022-05-04,2022,EN IEC 60974-8:2021,IEC,explicit,addition,AMENDING
32022D0713,2022-05-04,2022,EN IEC 61010-2-032:2021,IEC,explicit,addition,AMENDING
32022D0713,2022-05-04,2022,EN IEC 61010-2-032:2021,IEC,explicit,addition,AMENDING
32022D0713,2022-05-04,2022,EN IEC 61010-2-033:2021,IEC,explicit,addition,AMENDING
32022D0713,2022-05-04,2022,EN IEC 61010-2-033:2021,IEC,explicit,addition,AMENDING
32022D0713,2022-05-04,2022,EN IEC 61010-2-040:2021,IEC,explicit,addition,AMENDING
32022D0713,2022-05-04,2022,EN IEC 61914:2021,IEC,explicit,addition,AMENDING
32022D0713,2022-05-04,2022,EN IEC 62031:2020,IEC,explicit,addition,AMENDING
32022D0713,2022-05-04,2022,EN IEC 62031:2020,IEC,explicit,addition,AMENDING
32022D0713,2022-05-04,2022,EN 60335-2-54:2008,IEC,inferred-60000,addition,AMENDING
32022D0713,2022-05-04,2022,EN 60335-2-54:2008,IEC,inferred-60000,addition,AMENDING
32022D0713,2022-05-04,2022,EN 60335-2-54:2008,IEC,inferred-60000,addition,AMENDING
32022D0713,2022-05-04,2022,EN 60335-2-54:2008,IEC,inferred-60000,addition,AMENDING
32022D0713,2022-05-04,2022,EN 60335-2-54:2008,IEC,inferred-60000,addition,AMENDING
32022D0713,2022-05-04,2022,EN 60335-2-54:2008,IEC,inferred-60000,addition,AMENDING
32022D0713,2022-05-04,2022,EN 61009-1:2012,IEC,inferred-60000,addition,AMENDING
32022D0713,2022-05-04,2022,EN 61009-1:2012,IEC,inferred-60000,addition,AMENDING
32022D0713,2022-05-04,2022,EN 61009-1:2012,IEC,inferred-60000,addition,AMENDING
32022D0713,2022-05-04,2022,EN 61009-1:2012,IEC,inferred-60000,addition,AMENDING
32022D0713,2022-05-04,2022,EN 61009-1:2012,IEC,inferred-60000,addition,AMENDING
32022D0713,2022-05-04,2022,EN IEC 61010-2-091:2021,IEC,explicit,addition,AMENDING
32022D0713,2022-05-04,2022,EN IEC 61010-2-091:2021,IEC,explicit,addition,AMENDING
32022D0713,2022-05-04,2022,EN 60320-1:2001,IEC,inferred-60000,addition,AMENDING
32022D0713,2022-05-04,2022,EN 60320-1:2001,IEC,inferred-60000,addition,AMENDING
32022D0713,2022-05-04,2022,EN 60335-2-25:2012,IEC,inferred-60000,addition,AMENDING
32022D0713,2022-05-04,2022,EN 60335-2-25:2012,IEC,inferred-60000,addition,AMENDING
32022D0713,2022-05-04,2022,EN 60335-2-25:2012,IEC,inferred-60000,addition,AMENDING
32022D0713,2022-05-04,2022,EN 60335-2-41:2003,IEC,inferred-60000,addition,AMENDING
32022D0713,2022-05-04,2022,EN 60335-2-41:2003,IEC,inferred-60000,addition,AMENDING
32022D0713,2022-05-04,2022,EN 60335-2-41:2003,IEC,inferred-60000,addition,AMENDING
32022D0713,2022-05-04,2022,EN 60335-2-96:2002,IEC,inferred-60000,addition,AMENDING
32022D0713,2022-05-04,2022,EN 60335-2-96:2002,IEC,inferred-60000,addition,AMENDING
32022D0713,2022-05-04,2022,EN 60335-2-96:2002,IEC,inferred-60000,addition,AMENDING
32022D0713,2022-05-04,2022,EN 60974-8:2009,IEC,inferred-60000,addition,AMENDING
32022D0713,2022-05-04,2022,EN 61010-2-032:2012,IEC,inferred-60000,addition,AMENDING
32022D0713,2022-05-04,2022,EN 61010-2-033:2012,IEC,inferred-60000,addition,AMENDING
32022D0713,2022-05-04,2022,EN 61010-2-040:2005,IEC,inferred-60000,addition,AMENDING
32022D0713,2022-05-04,2022,EN 61914:2016,IEC,inferred-60000,addition,AMENDING
32022D0713,2022-05-04,2022,EN 62031:2008,IEC,inferred-60000,addition,AMENDING
32022D0713,2022-05-04,2022,EN 62031:2008,IEC,inferred-60000,addition,AMENDING
32022D0713,2022-05-04,2022,EN 62031:2008,IEC,inferred-60000,addition,AMENDING
32022D0713,2022-05-04,2022,EN 60335-2-54:2008,IEC,inferred-60000,addition,AMENDING
32022D0713,2022-05-04,2022,EN 60335-2-54:2008,IEC,inferred-60000,addition,AMENDING
32022D0713,2022-05-04,2022,EN 60335-2-54:2008,IEC,inferred-60000,addition,AMENDING
32022D0713,2022-05-04,2022,EN 60335-2-54:2008,IEC,inferred-60000,addition,AMENDING
32022D0713,2022-05-04,2022,EN 61009-1:2012,IEC,inferred-60000,addition,AMENDING
32022D0713,2022-05-04,2022,EN 61009-1:2012,IEC,inferred-60000,addition,AMENDING
32022D0713,2022-05-04,2022,EN 61009-1:2012,IEC,inferred-60000,addition,AMENDING
32022D0713,2022-05-04,2022,EN 61009-1:2012,IEC,inferred-60000,addition,AMENDING
32022D0713,2022-05-04,2022,EN 61851-22:2002,IEC,inferred-60000,addition,AMENDING
32022D0729,2022-05-11,2022,EN ISO 14971:2019,ISO,explicit,none,AMENDING
32022D0729,2022-05-11,2022,EN ISO 14971:2019,ISO,explicit,none,AMENDING
32022D0729,2022-05-11,2022,EN ISO 14971:2019,ISO,explicit,none,AMENDING
32022D0729,2022-05-11,2022,EN ISO 14971:2019,ISO,explicit,none,AMENDING
32022D0729,2022-05-11,2022,EN ISO 14971:2019,ISO,explicit,none,AMENDING
32022D0729,2022-05-11,2022,EN ISO 14971:2019,ISO,explicit,none,AMENDING
32022D0729,2022-05-11,2022,EN ISO 14971:2019,ISO,explicit,none,AMENDING
32022D0729,2022-05-11,2022,EN ISO 14971:2019,ISO,explicit,none,AMENDING
32022D0729,2022-05-11,2022,EN ISO 14971:2019,ISO,explicit,none,AMENDING
32022D0729,2022-05-11,2022,EN ISO 13485:2016,ISO,explicit,none,AMENDING
32022D0729,2022-05-11,2022,EN ISO 13485:2016,ISO,explicit,none,AMENDING
32022D0729,2022-05-11,2022,EN ISO 13485:2016,ISO,explicit,none,AMENDING
32022D0729,2022-05-11,2022,EN ISO 13485:2016,ISO,explicit,none,AMENDING
32022D0729,2022-05-11,2022,EN ISO 13485:2016,ISO,explicit,none,AMENDING
32022D0729,2022-05-11,2022,EN ISO 13485:2016,ISO,explicit,none,AMENDING
32022D0729,2022-05-11,2022,EN ISO 13485:2016,ISO,explicit,none,AMENDING
32022D0729,2022-05-11,2022,EN ISO 13485:2016,ISO,explicit,none,AMENDING
32022D0729,2022-05-11,2022,EN ISO 13485:2016,ISO,explicit,addition,AMENDING
32022D0729,2022-05-11,2022,EN ISO 13485:2016,ISO,explicit,addition,AMENDING
32022D0729,2022-05-11,2022,EN ISO 13485:2016,ISO,explicit,addition,AMENDING
32022D0729,2022-05-11,2022,EN ISO 14971:2019,ISO,explicit,addition,AMENDING
32022D0729,2022-05-11,2022,EN ISO 14971:2019,ISO,explicit,addition,AMENDING
32022D0757,2022-05-11,2022,EN 285:2015,CEN,number,none,AMENDING
32022D0757,2022-05-11,2022,EN ISO 14971:2019,ISO,explicit,none,AMENDING
32022D0757,2022-05-11,2022,EN 285:2015+A1:2021,CEN,number,none,AMENDING
32022D0757,2022-05-11,2022,EN ISO 14971:2019,ISO,explicit,none,AMENDING
32022D0757,2022-05-11,2022,EN ISO 14971:2019,ISO,explicit,none,AMENDING
32022D0757,2022-05-11,2022,EN 285:2015+A1:2021,CEN,number,none,AMENDING
32022D0757,2022-05-11,2022,EN ISO 14971:2019,ISO,explicit,none,AMENDING
32022D0757,2022-05-11,2022,EN ISO 14971:2019,ISO,explicit,none,AMENDING
32022D0757,2022-05-11,2022,EN 285:2015+A1:2021,CEN,number,none,AMENDING
32022D0757,2022-05-11,2022,EN ISO 14971:2019,ISO,explicit,none,AMENDING
32022D0757,2022-05-11,2022,EN ISO 14971:2019,ISO,explicit,none,AMENDING
32022D0757,2022-05-11,2022,EN 285:2015+A1:2021,CEN,number,none,AMENDING
32022D0757,2022-05-11,2022,EN ISO 14971:2019,ISO,explicit,none,AMENDING
32022D0757,2022-05-11,2022,EN 285:2015+A1:2021,CEN,number,none,AMENDING
32022D0757,2022-05-11,2022,EN ISO 14971:2019,ISO,explicit,none,AMENDING
32022D0757,2022-05-11,2022,EN ISO 13485:2016,ISO,explicit,none,AMENDING
32022D0757,2022-05-11,2022,EN ISO 13485:2016,ISO,explicit,none,AMENDING
32022D0757,2022-05-11,2022,EN ISO 13485:2016,ISO,explicit,none,AMENDING
32022D0757,2022-05-11,2022,EN ISO 13485:2016,ISO,explicit,none,AMENDING
32022D0757,2022-05-11,2022,EN ISO 13485:2016,ISO,explicit,none,AMENDING
32022D0757,2022-05-11,2022,EN ISO 13485:2016,ISO,explicit,none,AMENDING
32022D0757,2022-05-11,2022,EN ISO 13485:2016,ISO,explicit,none,AMENDING
32022D0757,2022-05-11,2022,EN ISO 13485:2016,ISO,explicit,none,AMENDING
32022D0757,2022-05-11,2022,EN ISO 13485:2016,ISO,explicit,addition,AMENDING
32022D0757,2022-05-11,2022,EN ISO 13485:2016,ISO,explicit,addition,AMENDING
32022D0757,2022-05-11,2022,EN ISO 13485:2016,ISO,explicit,addition,AMENDING
32022D0757,2022-05-11,2022,EN 285:2015+A1:2021,CEN,number,addition,AMENDING
32022D0757,2022-05-11,2022,EN ISO 14971:2019,ISO,explicit,addition,AMENDING
32022D0757,2022-05-11,2022,EN ISO 14971:2019,ISO,explicit,addition,AMENDING
32022D0784,2022-05-17,2022,EN 13760:2021,CEN,number,none,AMENDING
32022D0784,2022-05-17,2022,EN 14373:2021,CEN,number,none,AMENDING
32022D0784,2022-05-17,2022,EN 13760:2021,CEN,number,none,AMENDING
32022D0784,2022-05-17,2022,EN 14373:2021,CEN,number,none,AMENDING
32022D0784,2022-05-17,2022,EN 13760:2021,CEN,number,none,AMENDING
32022D0784,2022-05-17,2022,EN 14373:2021,CEN,number,none,AMENDING
32022D0784,2022-05-17,2022,EN 13760:2021,CEN,number,none,AMENDING
32022D0784,2022-05-17,2022,EN 13760:2003,CEN,number,none,AMENDING
32022D0784,2022-05-17,2022,EN 14373:2021,CEN,number,none,AMENDING
32022D0784,2022-05-17,2022,EN 14373:2005,CEN,number,none,AMENDING
32022D0784,2022-05-17,2022,EN 13760:2003,CEN,number,none,AMENDING
32022D0784,2022-05-17,2022,EN 14373:2005,CEN,number,none,AMENDING
32022D0784,2022-05-17,2022,EN 13760:2003,CEN,number,none,AMENDING
32022D0784,2022-05-17,2022,EN 14373:2005,CEN,number,none,AMENDING
32022D0784,2022-05-17,2022,EN 13760:2021,CEN,number,none,AMENDING
32022D0784,2022-05-17,2022,EN 14373:2021,CEN,number,none,AMENDING
32022D0784,2022-05-17,2022,EN 13760:2003,CEN,number,withdrawal,AMENDING
32022D0784,2022-05-17,2022,EN 14373:2005,CEN,number,withdrawal,AMENDING
32022D0784,2022-05-17,2022,EN 13760:2021,CEN,number,addition,AMENDING
32022D0784,2022-05-17,2022,EN 14373:2021,CEN,number,addition,AMENDING
32022D0784,2022-05-17,2022,EN 13760:2003,CEN,number,addition,AMENDING
32022D0784,2022-05-17,2022,EN 14373:2005,CEN,number,addition,AMENDING
32022D0910,2022-06-09,2022,EN IEC 60947-3:2009,IEC,explicit,none,AMENDING
32022D0910,2022-06-09,2022,EN IEC 60947-3:2009,IEC,explicit,none,AMENDING
32022D0910,2022-06-09,2022,EN IEC 60947-3:2021,IEC,explicit,none,AMENDING
32022D0910,2022-06-09,2022,EN IEC 60947-3:2021,IEC,explicit,none,AMENDING
32022D0910,2022-06-09,2022,EN IEC 60947-3:2021,IEC,explicit,none,AMENDING
32022D0910,2022-06-09,2022,EN IEC 60947-3:2021,IEC,explicit,none,AMENDING
32022D0910,2022-06-09,2022,EN IEC 60947-3:2009,IEC,explicit,none,AMENDING
32022D0910,2022-06-09,2022,EN IEC 60947-3:2009,IEC,explicit,none,AMENDING
32022D0910,2022-06-09,2022,EN 61204-3:2000,IEC,inferred-60000,none,AMENDING
32022D0910,2022-06-09,2022,EN 301 489-34 V1.4.1,ETSI,spaced,none,AMENDING
32022D0910,2022-06-09,2022,EN 61204-3:2000,IEC,inferred-60000,none,AMENDING
32022D0910,2022-06-09,2022,EN 301 489-34 V1.4.1,ETSI,spaced,none,AMENDING
32022D0910,2022-06-09,2022,EN 301 489-34 V1.4.1,ETSI,spaced,none,AMENDING
32022D0910,2022-06-09,2022,EN 301 489-34 V1.4.1,ETSI,spaced,none,AMENDING
32022D0910,2022-06-09,2022,EN IEC 60947-3:2009,IEC,explicit,withdrawal,AMENDING
32022D0910,2022-06-09,2022,EN IEC 60947-3:2009,IEC,explicit,withdrawal,AMENDING
32022D0910,2022-06-09,2022,EN 301 489-34 V1.4.1,ETSI,spaced,withdrawal,AMENDING
32022D0910,2022-06-09,2022,EN IEC 60947-3:2021,IEC,explicit,withdrawal,AMENDING
32022D0910,2022-06-09,2022,EN IEC 60947-3:2009,IEC,explicit,withdrawal,AMENDING
32022D0910,2022-06-09,2022,EN IEC 60947-3:2009,IEC,explicit,withdrawal,AMENDING
32022D0910,2022-06-09,2022,EN 61204-3:2000,IEC,inferred-60000,withdrawal,AMENDING
32022D0910,2022-06-09,2022,EN 301 489-34 V1.4.1,ETSI,spaced,withdrawal,AMENDING
32022D0910,2022-06-09,2022,EN IEC 60947-3:2021,IEC,explicit,addition,AMENDING
32022D0910,2022-06-09,2022,EN IEC 60947-3:2009,IEC,explicit,addition,AMENDING
32022D0910,2022-06-09,2022,EN IEC 60947-3:2009,IEC,explicit,addition,AMENDING
32022D1029,2022-06-28,2022,EN ISO 8666:2018,ISO,explicit,none,AMENDING
32022D1029,2022-06-28,2022,EN ISO 8666:2020,ISO,explicit,none,AMENDING
32022D1029,2022-06-28,2022,EN ISO 8666:2020,ISO,explicit,none,AMENDING
32022D1029,2022-06-28,2022,EN 15609:2012,CEN,number,none,AMENDING
32022D1029,2022-06-28,2022,EN 15609:2021,CEN,number,none,AMENDING
32022D1029,2022-06-28,2022,EN ISO 11592-2:2021,ISO,explicit,none,AMENDING
32022D1029,2022-06-28,2022,EN 15609:2021,CEN,number,none,AMENDING
32022D1029,2022-06-28,2022,EN ISO 11592-2:2021,ISO,explicit,none,AMENDING
32022D1029,2022-06-28,2022,EN ISO 8666:2020,ISO,explicit,none,AMENDING
32022D1029,2022-06-28,2022,EN ISO 8666:2020,ISO,explicit,none,AMENDING
32022D1029,2022-06-28,2022,EN 15609:2021,CEN,number,none,AMENDING
32022D1029,2022-06-28,2022,EN 15609:2012,CEN,number,none,AMENDING
32022D1029,2022-06-28,2022,EN ISO 8666:2020,ISO,explicit,none,AMENDING
32022D1029,2022-06-28,2022,EN ISO 8666:2020,ISO,explicit,none,AMENDING
32022D1029,2022-06-28,2022,EN ISO 8666:2018,ISO,explicit,none,AMENDING
32022D1029,2022-06-28,2022,EN 15609:2012,CEN,number,none,AMENDING
32022D1029,2022-06-28,2022,EN ISO 8666:2018,ISO,explicit,none,AMENDING
32022D1029,2022-06-28,2022,EN 15609:2012,CEN,number,none,AMENDING
32022D1029,2022-06-28,2022,EN ISO 8666:2018,ISO,explicit,none,AMENDING
32022D1029,2022-06-28,2022,EN 15609:2021,CEN,number,none,AMENDING
32022D1029,2022-06-28,2022,EN ISO 8666:2020,ISO,explicit,none,AMENDING
32022D1029,2022-06-28,2022,EN ISO 8666:2020,ISO,explicit,none,AMENDING
32022D1029,2022-06-28,2022,EN ISO 11592-2:2021,ISO,explicit,none,AMENDING
32022D1029,2022-06-28,2022,EN ISO 8666:2018,ISO,explicit,none,AMENDING
32022D1029,2022-06-28,2022,EN 15609:2012,CEN,number,withdrawal,AMENDING
32022D1029,2022-06-28,2022,EN ISO 8666:2020,ISO,explicit,addition,AMENDING
32022D1029,2022-06-28,2022,EN ISO 8666:2020,ISO,explicit,addition,AMENDING
32022D1029,2022-06-28,2022,EN 15609:2021,CEN,number,addition,AMENDING
32022D1029,2022-06-28,2022,EN ISO 11592-2:2021,ISO,explicit,addition,AMENDING
32022D1029,2022-06-28,2022,EN 15609:2012,CEN,number,addition,AMENDING
32022D1199,2022-07-11,2022,EN 81-22:2014,CEN,number,none,AMENDING
32022D1199,2022-07-11,2022,EN 81-22:2021,CEN,number,none,AMENDING
32022D1199,2022-07-11,2022,EN 81-22:2014,CEN,number,none,AMENDING
32022D1199,2022-07-11,2022,EN 81-22:2021,CEN,number,none,AMENDING
32022D1199,2022-07-11,2022,EN 81-22:2021,CEN,number,none,AMENDING
32022D1199,2022-07-11,2022,EN 81-22:2021,CEN,number,none,AMENDING
32022D1199,2022-07-11,2022,EN 81-22:2021,CEN,number,none,AMENDING
32022D1199,2022-07-11,2022,EN 81-22:2014,CEN,number,none,AMENDING
32022D1199,2022-07-11,2022,EN 81-22:2014,CEN,number,none,AMENDING
32022D1199,2022-07-11,2022,EN 81-22:2014,CEN,number,none,AMENDING
32022D1199,2022-07-11,2022,EN 12385-3:2004+A1:2008,CEN,number,none,AMENDING
32022D1199,2022-07-11,2022,EN 12385-5:2002,CEN,number,none,AMENDING
32022D1199,2022-07-11,2022,EN 13411-7:2006+A1:2008,CEN,number,none,AMENDING
32022D1199,2022-07-11,2022,EN 81-22:2021,CEN,number,none,AMENDING
32022D1199,2022-07-11,2022,EN 81-22:2014,CEN,number,none,AMENDING
32022D1199,2022-07-11,2022,EN 81-22:2021,CEN,number,addition,AMENDING
32022D1668,2022-09-28,2022,EN 15967:2022,CEN,number,none,FULL_LIST
32022D1668,2022-09-28,2022,EN 15967:2022,CEN,number,none,FULL_LIST
32022D1668,2022-09-28,2022,EN 15967:2022,CEN,number,none,FULL_LIST
32022D1668,2022-09-28,2022,EN 15967:2022,CEN,number,none,FULL_LIST
32022D1668,2022-09-28,2022,EN 15967:2011,CEN,number,none,FULL_LIST
32022D1668,2022-09-28,2022,EN 15967:2011,CEN,number,none,FULL_LIST
32022D1668,2022-09-28,2022,EN 15967:2011,CEN,number,none,FULL_LIST
32022D1668,2022-09-28,2022,EN 1010-1:2004+A1:2010,CEN,number,withdrawal,FULL_LIST
32022D1668,2022-09-28,2022,EN 1010-2:2006+A1:2010,CEN,number,withdrawal,FULL_LIST
32022D1668,2022-09-28,2022,EN 1127-1:2019,CEN,number,withdrawal,FULL_LIST
32022D1668,2022-09-28,2022,EN 1127-2:2014,CEN,number,withdrawal,FULL_LIST
32022D1668,2022-09-28,2022,EN 1755:2015,CEN,number,withdrawal,FULL_LIST
32022D1668,2022-09-28,2022,EN 1834-1:2000,CEN,number,withdrawal,FULL_LIST
32022D1668,2022-09-28,2022,EN 1834-2:2000,CEN,number,withdrawal,FULL_LIST
32022D1668,2022-09-28,2022,EN 1834-3:2000,CEN,number,withdrawal,FULL_LIST
32022D1668,2022-09-28,2022,EN 1839:2017,CEN,number,withdrawal,FULL_LIST
32022D1668,2022-09-28,2022,EN 1953:2013,CEN,number,withdrawal,FULL_LIST
32022D1668,2022-09-28,2022,EN 12581:2005+A1:2010,CEN,number,withdrawal,FULL_LIST
32022D1668,2022-09-28,2022,EN 12621:2006+A1:2010,CEN,number,withdrawal,FULL_LIST
32022D1668,2022-09-28,2022,EN 12757-1:2005+A1:2010,CEN,number,withdrawal,FULL_LIST
32022D1668,2022-09-28,2022,EN 13012:2021,CEN,number,withdrawal,FULL_LIST
32022D1668,2022-09-28,2022,EN 13237:2012,CEN,number,withdrawal,FULL_LIST
32022D1668,2022-09-28,2022,EN 13616-1:2016,CEN,number,withdrawal,FULL_LIST
32022D1668,2022-09-28,2022,EN 13617-1:2021,CEN,number,withdrawal,FULL_LIST
32022D1668,2022-09-28,2022,EN 13617-2:2021,CEN,number,withdrawal,FULL_LIST
32022D1668,2022-09-28,2022,EN 13617-3:2021,CEN,number,withdrawal,FULL_LIST
32022D1668,2022-09-28,2022,EN 13617-4:2021,CEN,number,withdrawal,FULL_LIST
32022D1668,2022-09-28,2022,EN 13760:2021,CEN,number,withdrawal,FULL_LIST
32022D1668,2022-09-28,2022,EN 13852-1:2013,CEN,number,withdrawal,FULL_LIST
32022D1668,2022-09-28,2022,EN 13852-3:2021,CEN,number,withdrawal,FULL_LIST
32022D1668,2022-09-28,2022,EN IEC 60079-0:2018,IEC,explicit,withdrawal,FULL_LIST
32022D1668,2022-09-28,2022,EN IEC 60079-0:2018,IEC,explicit,withdrawal,FULL_LIST
32022D1668,2022-09-28,2022,EN IEC 60079-0:2018,IEC,explicit,withdrawal,FULL_LIST
32022D1668,2022-09-28,2022,EN ISO 80079-36:2016,ISO,explicit,withdrawal,FULL_LIST
32022D1668,2022-09-28,2022,EN ISO 80079-36:2016,ISO,explicit,withdrawal,FULL_LIST
32022D1668,2022-09-28,2022,EN ISO 80079-36:2016,ISO,explicit,withdrawal,FULL_LIST
32022D1668,2022-09-28,2022,EN 14034-1:2004+A1:2011,CEN,number,withdrawal,FULL_LIST
32022D1668,2022-09-28,2022,EN 14034-2:2006+A1:2011,CEN,number,withdrawal,FULL_LIST
32022D1668,2022-09-28,2022,EN 14034-3:2006+A1:2011,CEN,number,withdrawal,FULL_LIST
32022D1668,2022-09-28,2022,EN 14034-4:2004+A1:2011,CEN,number,withdrawal,FULL_LIST
32022D1668,2022-09-28,2022,EN 14373:2021,CEN,number,withdrawal,FULL_LIST
32022D1668,2022-09-28,2022,EN 14460:2018,CEN,number,withdrawal,FULL_LIST
32022D1668,2022-09-28,2022,EN 14491:2012,CEN,number,withdrawal,FULL_LIST
32022D1668,2022-09-28,2022,EN 14492-1:2006+A1:2009,CEN,number,withdrawal,FULL_LIST
32022D1668,2022-09-28,2022,EN 14492-1:2006+A1:2009,CEN,number,withdrawal,FULL_LIST
32022D1668,2022-09-28,2022,EN 14492-2:2006+A1:2009,CEN,number,withdrawal,FULL_LIST
32022D1668,2022-09-28,2022,EN 14492-2:2006+A1:2009,CEN,number,withdrawal,FULL_LIST
32022D1668,2022-09-28,2022,EN 14522:2005,CEN,number,withdrawal,FULL_LIST
32022D1668,2022-09-28,2022,EN 14591-1:2004,CEN,number,withdrawal,FULL_LIST
32022D1668,2022-09-28,2022,EN 14591-1:2004,CEN,number,withdrawal,FULL_LIST
32022D1668,2022-09-28,2022,EN 14591-2:2007,CEN,number,withdrawal,FULL_LIST
32022D1668,2022-09-28,2022,EN 14591-2:2007,CEN,number,withdrawal,FULL_LIST
32022D1668,2022-09-28,2022,EN 14591-4:2007,CEN,number,withdrawal,FULL_LIST
32022D1668,2022-09-28,2022,EN 14591-4:2007,CEN,number,withdrawal,FULL_LIST
32022D1668,2022-09-28,2022,EN 14677:2008,CEN,number,withdrawal,FULL_LIST
32022D1668,2022-09-28,2022,EN 14678-1:2013,CEN,number,withdrawal,FULL_LIST
32022D1668,2022-09-28,2022,EN 14681:2006+A1:2010,CEN,number,withdrawal,FULL_LIST
32022D1668,2022-09-28,2022,EN 14797:2006,CEN,number,withdrawal,FULL_LIST
32022D1668,2022-09-28,2022,EN 14973:2015,CEN,number,withdrawal,FULL_LIST
32022D1668,2022-09-28,2022,EN 14983:2007,CEN,number,withdrawal,FULL_LIST
32022D1668,2022-09-28,2022,EN 14986:2017,CEN,number,withdrawal,FULL_LIST
32022D1668,2022-09-28,2022,EN 14994:2007,CEN,number,withdrawal,FULL_LIST
32022D1668,2022-09-28,2022,EN 15089:2009,CEN,number,withdrawal,FULL_LIST
32022D1668,2022-09-28,2022,EN 15188:2020,CEN,number,withdrawal,FULL_LIST
32022D1668,2022-09-28,2022,EN 15198:2007,CEN,number,withdrawal,FULL_LIST
32022D1668,2022-09-28,2022,EN 15233:2007,CEN,number,withdrawal,FULL_LIST
32022D1668,2022-09-28,2022,EN 15268:2008,CEN,number,withdrawal,FULL_LIST
32022D1668,2022-09-28,2022,EN 15794:2009,CEN,number,withdrawal,FULL_LIST
32022D1668,2022-09-28,2022,EN 15967:2022,CEN,number,withdrawal,FULL_LIST
32022D1668,2022-09-28,2022,EN 16009:2011,CEN,number,withdrawal,FULL_LIST
32022D1668,2022-09-28,2022,EN 16020:2011,CEN,number,withdrawal,FULL_LIST
32022D1668,2022-09-28,2022,EN 16447:2014,CEN,number,withdrawal,FULL_LIST
32022D1668,2022-09-28,2022,EN ISO 16852:2016,ISO,explicit,withdrawal,FULL_LIST
32022D1668,2022-09-28,2022,EN 17077:2018,CEN,number,withdrawal,FULL_LIST
32022D1668,2022-09-28,2022,EN 50050-1:2013,CENELEC,number,withdrawal,FULL_LIST
32022D1668,2022-09-28,2022,EN 50050-2:2013,CENELEC,number,withdrawal,FULL_LIST
32022D1668,2022-09-28,2022,EN 50050-3:2013,CENELEC,number,withdrawal,FULL_LIST
32022D1668,2022-09-28,2022,EN 50104:2010,CENELEC,number,withdrawal,FULL_LIST
32022D1668,2022-09-28,2022,EN 50176:2009,CENELEC,number,withdrawal,FULL_LIST
32022D1668,2022-09-28,2022,EN 50177:2009,CENELEC,number,withdrawal,FULL_LIST
32022D1668,2022-09-28,2022,EN 50177:2009,CENELEC,number,withdrawal,FULL_LIST
32022D1668,2022-09-28,2022,EN 50223:2015,CENELEC,number,withdrawal,FULL_LIST
32022D1668,2022-09-28,2022,EN 50271:2018,CENELEC,number,withdrawal,FULL_LIST
32022D1668,2022-09-28,2022,EN 50281-2-1:1998,CENELEC,number,withdrawal,FULL_LIST
32022D1668,2022-09-28,2022,EN 50281-2-1:1998,CENELEC,number,withdrawal,FULL_LIST
32022D1668,2022-09-28,2022,EN 50303:2000,CENELEC,number,withdrawal,FULL_LIST
32022D1668,2022-09-28,2022,EN 50381:2004,CENELEC,number,withdrawal,FULL_LIST
32022D1668,2022-09-28,2022,EN 50381:2004,CENELEC,number,withdrawal,FULL_LIST
32022D1668,2022-09-28,2022,EN 50495:2010,CENELEC,number,withdrawal,FULL_LIST
32022D1668,2022-09-28,2022,EN IEC 60079-0:2018,IEC,explicit,withdrawal,FULL_LIST
32022D1668,2022-09-28,2022,EN 60079-1:2014,IEC,inferred-60000,withdrawal,FULL_LIST
32022D1668,2022-09-28,2022,EN 60079-2:2014,IEC,inferred-60000,withdrawal,FULL_LIST
32022D1668,2022-09-28,2022,EN 60079-2:2014,IEC,inferred-60000,withdrawal,FULL_LIST
32022D1668,2022-09-28,2022,EN 60079-5:2015,IEC,inferred-60000,withdrawal,FULL_LIST
32022D1668,2022-09-28,2022,EN 60079-6:2015,IEC,inferred-60000,withdrawal,FULL_LIST
32022D1668,2022-09-28,2022,EN 60079-7:2015,IEC,inferred-60000,withdrawal,FULL_LIST
32022D1668,2022-09-28,2022,EN IEC 60079-7:2015,IEC,explicit,withdrawal,FULL_LIST
32022D1668,2022-09-28,2022,EN 60079-11:2012,IEC,inferred-60000,withdrawal,FULL_LIST
32022D1668,2022-09-28,2022,EN 60079-15:2010,IEC,inferred-60000,withdrawal,FULL_LIST
32022D1668,2022-09-28,2022,EN 60079-18:2015,IEC,inferred-60000,withdrawal,FULL_LIST
32022D1668,2022-09-28,2022,EN 60079-18:2015,IEC,inferred-60000,withdrawal,FULL_LIST
32022D1668,2022-09-28,2022,EN 60079-20-1:2010,IEC,inferred-60000,withdrawal,FULL_LIST
32022D1668,2022-09-28,2022,EN 60079-25:2010,IEC,inferred-60000,withdrawal,FULL_LIST
32022D1668,2022-09-28,2022,EN 60079-25:2010,IEC,inferred-60000,withdrawal,FULL_LIST
32022D1668,2022-09-28,2022,EN 60079-26:2015,IEC,inferred-60000,withdrawal,FULL_LIST
32022D1668,2022-09-28,2022,EN 60079-28:2015,IEC,inferred-60000,withdrawal,FULL_LIST
32022D1668,2022-09-28,2022,EN 60079-29-1:2016,IEC,inferred-60000,withdrawal,FULL_LIST
32022D1668,2022-09-28,2022,EN 60079-29-4:2010,IEC,inferred-60000,withdrawal,FULL_LIST
32022D1668,2022-09-28,2022,EN 60079-30-1:2017,IEC,inferred-60000,withdrawal,FULL_LIST
32022D1668,2022-09-28,2022,EN 60079-31:2014,IEC,inferred-60000,withdrawal,FULL_LIST
32022D1668,2022-09-28,2022,EN 60079-35-1:2011,IEC,inferred-60000,withdrawal,FULL_LIST
32022D1668,2022-09-28,2022,EN 60079-35-1:2011,IEC,inferred-60000,withdrawal,FULL_LIST
32022D1668,2022-09-28,2022,EN ISO/IEC 80079-20-2:2016,ISO,explicit,withdrawal,FULL_LIST
32022D1668,2022-09-28,2022,EN ISO/IEC 80079-20-2:2016,ISO,explicit,withdrawal,FULL_LIST
32022D1668,2022-09-28,2022,EN ISO/IEC 80079-34:2011,ISO,explicit,withdrawal,FULL_LIST
32022D1668,2022-09-28,2022,EN ISO 80079-36:2016,ISO,explicit,withdrawal,FULL_LIST
32022D1668,2022-09-28,2022,EN ISO 80079-37:2016,ISO,explicit,withdrawal,FULL_LIST
32022D1668,2022-09-28,2022,EN ISO/IEC 80079-38:2016,ISO,explicit,withdrawal,FULL_LIST
32022D1668,2022-09-28,2022,EN ISO/IEC 80079-38:2016,ISO,explicit,withdrawal,FULL_LIST
32022D1668,2022-09-28,2022,EN 13012:2012,CEN,number,withdrawal,FULL_LIST
32022D1668,2022-09-28,2022,EN 13617-1:2012,CEN,number,withdrawal,FULL_LIST
32022D1668,2022-09-28,2022,EN 13617-2:2012,CEN,number,withdrawal,FULL_LIST
32022D1668,2022-09-28,2022,EN 13617-3:2012,CEN,number,withdrawal,FULL_LIST
32022D1668,2022-09-28,2022,EN 13617-4:2012,CEN,number,withdrawal,FULL_LIST
32022D1668,2022-09-28,2022,EN 13760:2003,CEN,number,withdrawal,FULL_LIST
32022D1668,2022-09-28,2022,EN 14373:2005,CEN,number,withdrawal,FULL_LIST
32022D1668,2022-09-28,2022,EN 15188:2007,CEN,number,withdrawal,FULL_LIST
32022D1668,2022-09-28,2022,EN 15967:2011,CEN,number,withdrawal,FULL_LIST
32022D1844,2022-09-28,2022,EN ISO 9712:2012,ISO,explicit,none,AMENDING
32022D1844,2022-09-28,2022,EN 10253-2:2007,CEN,number,none,AMENDING
32022D1844,2022-09-28,2022,EN ISO 9712:2022,ISO,explicit,none,AMENDING
32022D1844,2022-09-28,2022,EN 10253-2:2021,CEN,number,none,AMENDING
32022D1844,2022-09-28,2022,EN 12952-2:2011,CEN,number,none,AMENDING
32022D1844,2022-09-28,2022,EN 12952-5:2011,CEN,number,none,AMENDING
32022D1844,2022-09-28,2022,EN 12952-6:2011,CEN,number,none,AMENDING
32022D1844,2022-09-28,2022,EN 12952-10:2002,CEN,number,none,AMENDING
32022D1844,2022-09-28,2022,EN 12952-2:2021,CEN,number,none,AMENDING
32022D1844,2022-09-28,2022,EN 12952-5:2021,CEN,number,none,AMENDING
32022D1844,2022-09-28,2022,EN 12952-6:2021,CEN,number,none,AMENDING
32022D1844,2022-09-28,2022,EN 12952-10:2021,CEN,number,none,AMENDING
32022D1844,2022-09-28,2022,EN 13121-1:2003,CEN,number,none,AMENDING
32022D1844,2022-09-28,2022,EN 14917:2009+A1:2012,CEN,number,none,AMENDING
32022D1844,2022-09-28,2022,EN 12284:2003,CEN,number,none,AMENDING
32022D1844,2022-09-28,2022,EN 13121-1:2021,CEN,number,none,AMENDING
32022D1844,2022-09-28,2022,EN 14917:2021,CEN,number,none,AMENDING
32022D1844,2022-09-28,2022,EN ISO 21922:2021,ISO,explicit,none,AMENDING
32022D1844,2022-09-28,2022,EN 13480-2:2017,CEN,number,none,AMENDING
32022D1844,2022-09-28,2022,EN 13480-5:2017,CEN,number,none,AMENDING
32022D1844,2022-09-28,2022,EN 13480-3:2017,CEN,number,none,AMENDING
32022D1844,2022-09-28,2022,EN 13480-2:2017,CEN,number,none,AMENDING
32022D1844,2022-09-28,2022,EN 13480-5:2017,CEN,number,none,AMENDING
32022D1844,2022-09-28,2022,EN 13480-3:2017,CEN,number,none,AMENDING
32022D1844,2022-09-28,2022,EN 12516-2:2014,CEN,number,none,AMENDING
32022D1844,2022-09-28,2022,EN 12516-2:2014+A1:2021,CEN,number,none,AMENDING
32022D1844,2022-09-28,2022,EN 13480-2:2017,CEN,number,none,AMENDING
32022D1844,2022-09-28,2022,EN 13480-5:2017,CEN,number,none,AMENDING
32022D1844,2022-09-28,2022,EN 13480-3:2017,CEN,number,none,AMENDING
32022D1844,2022-09-28,2022,EN 10253-2:2007,CEN,number,withdrawal,AMENDING
32022D1844,2022-09-28,2022,EN 12284:2003,CEN,number,withdrawal,AMENDING
32022D1844,2022-09-28,2022,EN 12516-2:2014,CEN,number,withdrawal,AMENDING
32022D1844,2022-09-28,2022,EN 12952-10:2002,CEN,number,withdrawal,AMENDING
32022D1844,2022-09-28,2022,EN 12952-2:2011,CEN,number,withdrawal,AMENDING
32022D1844,2022-09-28,2022,EN 12952-5:2011,CEN,number,withdrawal,AMENDING
32022D1844,2022-09-28,2022,EN 12952-6:2011,CEN,number,withdrawal,AMENDING
32022D1844,2022-09-28,2022,EN 13121-1:2003,CEN,number,withdrawal,AMENDING
32022D1844,2022-09-28,2022,EN 14917:2009+A1:2012,CEN,number,withdrawal,AMENDING
32022D1844,2022-09-28,2022,EN ISO 9712:2012,ISO,explicit,withdrawal,AMENDING
32022D1844,2022-09-28,2022,EN 13480-2:2017,CEN,number,withdrawal,AMENDING
32022D1844,2022-09-28,2022,EN 13480-5:2017,CEN,number,withdrawal,AMENDING
32022D1844,2022-09-28,2022,EN 13480-3:2017,CEN,number,withdrawal,AMENDING
32022D1844,2022-09-28,2022,EN 13480-2:2017,CEN,number,addition,AMENDING
32022D1844,2022-09-28,2022,EN 13480-2:2017,CEN,number,addition,AMENDING
32022D1844,2022-09-28,2022,EN 13480-2:2017,CEN,number,addition,AMENDING
32022D1844,2022-09-28,2022,EN 13480-2:2017,CEN,number,addition,AMENDING
32022D1844,2022-09-28,2022,EN 13480-2:2017,CEN,number,addition,AMENDING
32022D1844,2022-09-28,2022,EN 13480-2:2017,CEN,number,addition,AMENDING
32022D1844,2022-09-28,2022,EN 13480-5:2017,CEN,number,addition,AMENDING
32022D1844,2022-09-28,2022,EN 13480-5:2017,CEN,number,addition,AMENDING
32022D1844,2022-09-28,2022,EN 13480-5:2017,CEN,number,addition,AMENDING
32022D1844,2022-09-28,2022,EN 13480-3:2017,CEN,number,addition,AMENDING
32022D1844,2022-09-28,2022,EN 13480-3:2017,CEN,number,addition,AMENDING
32022D1844,2022-09-28,2022,EN 13480-3:2017,CEN,number,addition,AMENDING
32022D1844,2022-09-28,2022,EN 13480-3:2017,CEN,number,addition,AMENDING
32022D1844,2022-09-28,2022,EN 13480-3:2017,CEN,number,addition,AMENDING
32022D1844,2022-09-28,2022,EN ISO 9712:2022,ISO,explicit,addition,AMENDING
32022D1844,2022-09-28,2022,EN 10253-2:2021,CEN,number,addition,AMENDING
32022D1844,2022-09-28,2022,EN 12516-2:2014+A1:2021,CEN,number,addition,AMENDING
32022D1844,2022-09-28,2022,EN 12952-2:2021,CEN,number,addition,AMENDING
32022D1844,2022-09-28,2022,EN 12952-5:2021,CEN,number,addition,AMENDING
32022D1844,2022-09-28,2022,EN 12952-6:2021,CEN,number,addition,AMENDING
32022D1844,2022-09-28,2022,EN 12952-10:2021,CEN,number,addition,AMENDING
32022D1844,2022-09-28,2022,EN 13121-1:2021,CEN,number,addition,AMENDING
32022D1844,2022-09-28,2022,EN 14917:2021,CEN,number,addition,AMENDING
32022D1844,2022-09-28,2022,EN ISO 21922:2021,ISO,explicit,addition,AMENDING
32022D1844,2022-09-28,2022,EN 10253-2:2007,CEN,number,addition,AMENDING
32022D1844,2022-09-28,2022,EN 12284:2003,CEN,number,addition,AMENDING
32022D1844,2022-09-28,2022,EN 12516-2:2014,CEN,number,addition,AMENDING
32022D1844,2022-09-28,2022,EN 12952-10:2002,CEN,number,addition,AMENDING
32022D1844,2022-09-28,2022,EN 12952-2:2011,CEN,number,addition,AMENDING
32022D1844,2022-09-28,2022,EN 12952-5:2011,CEN,number,addition,AMENDING
32022D1844,2022-09-28,2022,EN 12952-6:2011,CEN,number,addition,AMENDING
32022D1844,2022-09-28,2022,EN 13121-1:2003,CEN,number,addition,AMENDING
32022D1844,2022-09-28,2022,EN 14917:2009+A1:2012,CEN,number,addition,AMENDING
32022D1844,2022-09-28,2022,EN ISO 9712:2012,ISO,explicit,addition,AMENDING
32022D1914,2022-10-06,2022,EN ISO 12402-2:2020,ISO,explicit,none,AMENDING
32022D1914,2022-10-06,2022,EN ISO 12402-3:2020,ISO,explicit,none,AMENDING
32022D1914,2022-10-06,2022,EN ISO 12402-4:2020,ISO,explicit,none,AMENDING
32022D1914,2022-10-06,2022,EN ISO 12402-5:2020,ISO,explicit,none,AMENDING
32022D1914,2022-10-06,2022,EN ISO 12402-6:2020,ISO,explicit,none,AMENDING
32022D1914,2022-10-06,2022,EN ISO 12402-8:2020,ISO,explicit,none,AMENDING
32022D1914,2022-10-06,2022,EN ISO 12402-2:2020,ISO,explicit,none,AMENDING
32022D1914,2022-10-06,2022,EN ISO 12402-3:2020,ISO,explicit,none,AMENDING
32022D1914,2022-10-06,2022,EN ISO 12402-4:2020,ISO,explicit,none,AMENDING
32022D1914,2022-10-06,2022,EN ISO 12402-5:2020,ISO,explicit,none,AMENDING
32022D1914,2022-10-06,2022,EN ISO 12402-6:2020,ISO,explicit,none,AMENDING
32022D1914,2022-10-06,2022,EN ISO 12402-8:2020,ISO,explicit,none,AMENDING
32022D1914,2022-10-06,2022,EN ISO 12402-2:2020,ISO,explicit,none,AMENDING
32022D1914,2022-10-06,2022,EN ISO 12402-3:2020,ISO,explicit,none,AMENDING
32022D1914,2022-10-06,2022,EN ISO 12402-4:2020,ISO,explicit,none,AMENDING
32022D1914,2022-10-06,2022,EN ISO 12402-2:2020,ISO,explicit,none,AMENDING
32022D1914,2022-10-06,2022,EN ISO 12402-3:2020,ISO,explicit,none,AMENDING
32022D1914,2022-10-06,2022,EN ISO 12402-4:2020,ISO,explicit,none,AMENDING
32022D1914,2022-10-06,2022,EN ISO 12402-5:2020,ISO,explicit,none,AMENDING
32022D1914,2022-10-06,2022,EN ISO 12402-6:2020,ISO,explicit,none,AMENDING
32022D1914,2022-10-06,2022,EN ISO 12402-8:2020,ISO,explicit,none,AMENDING
32022D1914,2022-10-06,2022,EN ISO 12402-5:2020,ISO,explicit,none,AMENDING
32022D1914,2022-10-06,2022,EN ISO 12402-6:2020,ISO,explicit,none,AMENDING
32022D1914,2022-10-06,2022,EN ISO 12402-8:2020,ISO,explicit,none,AMENDING
32022D1914,2022-10-06,2022,EN ISO 12402-2:2020,ISO,explicit,none,AMENDING
32022D1914,2022-10-06,2022,EN ISO 12402-3:2020,ISO,explicit,none,AMENDING
32022D1914,2022-10-06,2022,EN ISO 12402-4:2020,ISO,explicit,none,AMENDING
32022D1914,2022-10-06,2022,EN ISO 12402-2:2006,ISO,explicit,none,AMENDING
32022D1914,2022-10-06,2022,EN ISO 12402-3:2006,ISO,explicit,none,AMENDING
32022D1914,2022-10-06,2022,EN ISO 12402-4:2006,ISO,explicit,none,AMENDING
32022D1914,2022-10-06,2022,EN ISO 12402-2:2006,ISO,explicit,none,AMENDING
32022D1914,2022-10-06,2022,EN ISO 12402-3:2006,ISO,explicit,none,AMENDING
32022D1914,2022-10-06,2022,EN ISO 12402-4:2006,ISO,explicit,none,AMENDING
32022D1914,2022-10-06,2022,EN ISO 12402-2:2020,ISO,explicit,none,AMENDING
32022D1914,2022-10-06,2022,EN ISO 12402-3:2020,ISO,explicit,none,AMENDING
32022D1914,2022-10-06,2022,EN ISO 12402-4:2020,ISO,explicit,none,AMENDING
32022D1914,2022-10-06,2022,EN ISO 12402-2:2020,ISO,explicit,none,AMENDING
32022D1914,2022-10-06,2022,EN ISO 12402-3:2020,ISO,explicit,none,AMENDING
32022D1914,2022-10-06,2022,EN ISO 12402-4:2020,ISO,explicit,none,AMENDING
32022D1914,2022-10-06,2022,EN ISO 12402-2:2020,ISO,explicit,none,AMENDING
32022D1914,2022-10-06,2022,EN ISO 12402-3:2020,ISO,explicit,none,AMENDING
32022D1914,2022-10-06,2022,EN ISO 12402-4:2020,ISO,explicit,none,AMENDING
32022D1914,2022-10-06,2022,EN ISO 12402-5:2020,ISO,explicit,none,AMENDING
32022D1914,2022-10-06,2022,EN ISO 12402-6:2020,ISO,explicit,none,AMENDING
32022D1914,2022-10-06,2022,EN ISO 12402-8:2020,ISO,explicit,none,AMENDING
32022D1914,2022-10-06,2022,EN ISO 12402-2:2020,ISO,explicit,none,AMENDING
32022D1914,2022-10-06,2022,EN ISO 12402-3:2020,ISO,explicit,none,AMENDING
32022D1914,2022-10-06,2022,EN ISO 12402-4:2020,ISO,explicit,none,AMENDING
32022D1914,2022-10-06,2022,EN ISO 12402-5:2020,ISO,explicit,none,AMENDING
32022D1914,2022-10-06,2022,EN ISO 12402-6:2020,ISO,explicit,none,AMENDING
32022D1914,2022-10-06,2022,EN ISO 12402-8:2020,ISO,explicit,none,AMENDING
32022D1914,2022-10-06,2022,EN ISO 12402-5:2006,ISO,explicit,none,AMENDING
32022D1914,2022-10-06,2022,EN ISO 12402-6:2006,ISO,explicit,none,AMENDING
32022D1914,2022-10-06,2022,EN ISO 12402-8:2006,ISO,explicit,none,AMENDING
32022D1914,2022-10-06,2022,EN ISO 12402-2:2020,ISO,explicit,none,AMENDING
32022D1914,2022-10-06,2022,EN ISO 12402-3:2020,ISO,explicit,none,AMENDING
32022D1914,2022-10-06,2022,EN ISO 12402-4:2020,ISO,explicit,none,AMENDING
32022D1914,2022-10-06,2022,EN ISO 12402-5:2020,ISO,explicit,addition,AMENDING
32022D1914,2022-10-06,2022,EN ISO 12402-6:2020,ISO,explicit,addition,AMENDING
32022D1914,2022-10-06,2022,EN ISO 12402-8:2020,ISO,explicit,addition,AMENDING
32022D1914,2022-10-06,2022,EN ISO 12402-5:2006,ISO,explicit,addition,AMENDING
32022D1914,2022-10-06,2022,EN ISO 12402-6:2006,ISO,explicit,addition,AMENDING
32022D1914,2022-10-06,2022,EN ISO 12402-8:2006,ISO,explicit,addition,AMENDING
32022D1914,2022-10-06,2022,EN ISO 12402-2:2020,ISO,explicit,addition,AMENDING
32022D1914,2022-10-06,2022,EN ISO 12402-3:2020,ISO,explicit,addition,AMENDING
32022D1914,2022-10-06,2022,EN ISO 12402-4:2020,ISO,explicit,addition,AMENDING
32022D1954,2022-10-12,2022,EN ISO 10087:2019,ISO,explicit,none,FULL_LIST
32022D1954,2022-10-12,2022,EN ISO 10087:2022,ISO,explicit,none,FULL_LIST
32022D1954,2022-10-12,2022,EN ISO 10087:2022,ISO,explicit,none,FULL_LIST
32022D1954,2022-10-12,2022,EN ISO 10087:2022,ISO,explicit,none,FULL_LIST
32022D1954,2022-10-12,2022,EN ISO 10087:2019,ISO,explicit,none,FULL_LIST
32022D1954,2022-10-12,2022,EN ISO 10087:2019,ISO,explicit,none,FULL_LIST
32022D1954,2022-10-12,2022,EN ISO 10087:2019,ISO,explicit,none,FULL_LIST
32022D1954,2022-10-12,2022,EN ISO 6185-1:2018,ISO,explicit,withdrawal,FULL_LIST
32022D1954,2022-10-12,2022,EN ISO 6185-2:2018,ISO,explicit,withdrawal,FULL_LIST
32022D1954,2022-10-12,2022,EN ISO 6185-3:2018,ISO,explicit,withdrawal,FULL_LIST
32022D1954,2022-10-12,2022,EN ISO 6185-4:2018,ISO,explicit,withdrawal,FULL_LIST
32022D1954,2022-10-12,2022,EN ISO 7840:2021,ISO,explicit,withdrawal,FULL_LIST
32022D1954,2022-10-12,2022,EN ISO 8099-1:2018,ISO,explicit,withdrawal,FULL_LIST
32022D1954,2022-10-12,2022,EN ISO 8099-2:2021,ISO,explicit,withdrawal,FULL_LIST
32022D1954,2022-10-12,2022,EN ISO 8469:2021,ISO,explicit,withdrawal,FULL_LIST
32022D1954,2022-10-12,2022,EN ISO 8665:2017,ISO,explicit,withdrawal,FULL_LIST
32022D1954,2022-10-12,2022,EN ISO 8666:2020,ISO,explicit,withdrawal,FULL_LIST
32022D1954,2022-10-12,2022,EN ISO 8666:2020,ISO,explicit,withdrawal,FULL_LIST
32022D1954,2022-10-12,2022,EN ISO 8846:2017,ISO,explicit,withdrawal,FULL_LIST
32022D1954,2022-10-12,2022,EN ISO 8847:2021,ISO,explicit,withdrawal,FULL_LIST
32022D1954,2022-10-12,2022,EN ISO 8848:2017,ISO,explicit,withdrawal,FULL_LIST
32022D1954,2022-10-12,2022,EN ISO 8849:2021,ISO,explicit,withdrawal,FULL_LIST
32022D1954,2022-10-12,2022,EN ISO 9093:2021,ISO,explicit,withdrawal,FULL_LIST
32022D1954,2022-10-12,2022,EN ISO 9094:2017,ISO,explicit,withdrawal,FULL_LIST
32022D1954,2022-10-12,2022,EN ISO 10087:2022,ISO,explicit,withdrawal,FULL_LIST
32022D1954,2022-10-12,2022,EN ISO 10088:2017,ISO,explicit,withdrawal,FULL_LIST
32022D1954,2022-10-12,2022,EN ISO 10133:2017,ISO,explicit,withdrawal,FULL_LIST
32022D1954,2022-10-12,2022,EN ISO 10239:2017,ISO,explicit,withdrawal,FULL_LIST
32022D1954,2022-10-12,2022,EN ISO 10592:2017,ISO,explicit,withdrawal,FULL_LIST
32022D1954,2022-10-12,2022,EN ISO 11105:2020,ISO,explicit,withdrawal,FULL_LIST
32022D1954,2022-10-12,2022,EN ISO 11192:2018,ISO,explicit,withdrawal,FULL_LIST
32022D1954,2022-10-12,2022,EN ISO 11547:2018,ISO,explicit,withdrawal,FULL_LIST
32022D1954,2022-10-12,2022,EN ISO 11592-1:2016,ISO,explicit,withdrawal,FULL_LIST
32022D1954,2022-10-12,2022,EN ISO 11592-2:2021,ISO,explicit,withdrawal,FULL_LIST
32022D1954,2022-10-12,2022,EN ISO 11812:2018,ISO,explicit,withdrawal,FULL_LIST
32022D1954,2022-10-12,2022,EN ISO 12215-1:2018,ISO,explicit,withdrawal,FULL_LIST
32022D1954,2022-10-12,2022,EN ISO 12215-2:2018,ISO,explicit,withdrawal,FULL_LIST
32022D1954,2022-10-12,2022,EN ISO 12215-3:2018,ISO,explicit,withdrawal,FULL_LIST
32022D1954,2022-10-12,2022,EN ISO 12215-4:2018,ISO,explicit,withdrawal,FULL_LIST
32022D1954,2022-10-12,2022,EN ISO 12215-5:2019,ISO,explicit,withdrawal,FULL_LIST
32022D1954,2022-10-12,2022,EN ISO 12215-6:2018,ISO,explicit,withdrawal,FULL_LIST
32022D1954,2022-10-12,2022,EN ISO 12215-8:2018,ISO,explicit,withdrawal,FULL_LIST
32022D1954,2022-10-12,2022,EN ISO 12215-9:2018,ISO,explicit,withdrawal,FULL_LIST
32022D1954,2022-10-12,2022,EN ISO 12216:2018,ISO,explicit,withdrawal,FULL_LIST
32022D1954,2022-10-12,2022,EN ISO 12217-1:2017,ISO,explicit,withdrawal,FULL_LIST
32022D1954,2022-10-12,2022,EN ISO 12217-2:2017,ISO,explicit,withdrawal,FULL_LIST
32022D1954,2022-10-12,2022,EN ISO 12217-3:2017,ISO,explicit,withdrawal,FULL_LIST
32022D1954,2022-10-12,2022,EN ISO 13297:2018,ISO,explicit,withdrawal,FULL_LIST
32022D1954,2022-10-12,2022,EN ISO 13590:2018,ISO,explicit,withdrawal,FULL_LIST
32022D1954,2022-10-12,2022,EN ISO 13929:2017,ISO,explicit,withdrawal,FULL_LIST
32022D1954,2022-10-12,2022,EN ISO 14509-1:2018,ISO,explicit,withdrawal,FULL_LIST
32022D1954,2022-10-12,2022,EN ISO 14509-3:2018,ISO,explicit,withdrawal,FULL_LIST
32022D1954,2022-10-12,2022,EN ISO 14895:2016,ISO,explicit,withdrawal,FULL_LIST
32022D1954,2022-10-12,2022,EN ISO 14945:2021,ISO,explicit,withdrawal,FULL_LIST
32022D1954,2022-10-12,2022,EN ISO 14946:2021,ISO,explicit,withdrawal,FULL_LIST
32022D1954,2022-10-12,2022,EN ISO 15083:2018,ISO,explicit,withdrawal,FULL_LIST
32022D1954,2022-10-12,2022,EN ISO 15084:2018,ISO,explicit,withdrawal,FULL_LIST
32022D1954,2022-10-12,2022,EN ISO 15085:2003,ISO,explicit,withdrawal,FULL_LIST
32022D1954,2022-10-12,2022,EN ISO 15085:2003,ISO,explicit,withdrawal,FULL_LIST
32022D1954,2022-10-12,2022,EN ISO 15085:2003,ISO,explicit,withdrawal,FULL_LIST
32022D1954,2022-10-12,2022,EN ISO 15584:2017,ISO,explicit,withdrawal,FULL_LIST
32022D1954,2022-10-12,2022,EN 15609:2021,CEN,number,withdrawal,FULL_LIST
32022D1954,2022-10-12,2022,EN ISO 16147:2021,ISO,explicit,withdrawal,FULL_LIST
32022D1954,2022-10-12,2022,EN ISO 16180:2018,ISO,explicit,withdrawal,FULL_LIST
32022D1954,2022-10-12,2022,EN ISO 16315:2016,ISO,explicit,withdrawal,FULL_LIST
32022D1954,2022-10-12,2022,EN ISO 18854:2015,ISO,explicit,withdrawal,FULL_LIST
32022D1954,2022-10-12,2022,EN ISO 19009:2015,ISO,explicit,withdrawal,FULL_LIST
32022D1954,2022-10-12,2022,EN ISO 21487:2018,ISO,explicit,withdrawal,FULL_LIST
32022D1954,2022-10-12,2022,EN ISO 23411:2021,ISO,explicit,withdrawal,FULL_LIST
32022D1954,2022-10-12,2022,EN ISO 25197:2018,ISO,explicit,withdrawal,FULL_LIST
32022D1954,2022-10-12,2022,EN 60092-507:2015,IEC,inferred-60000,withdrawal,FULL_LIST
32022D1954,2022-10-12,2022,EN ISO 7840:2018,ISO,explicit,withdrawal,FULL_LIST
32022D1954,2022-10-12,2022,EN ISO 8469:2018,ISO,explicit,withdrawal,FULL_LIST
32022D1954,2022-10-12,2022,EN ISO 8666:2018,ISO,explicit,withdrawal,FULL_LIST
32022D1954,2022-10-12,2022,EN ISO 8847:2017,ISO,explicit,withdrawal,FULL_LIST
32022D1954,2022-10-12,2022,EN ISO 9093-1:2018,ISO,explicit,withdrawal,FULL_LIST
32022D1954,2022-10-12,2022,EN ISO 9093-2:2018,ISO,explicit,withdrawal,FULL_LIST
32022D1954,2022-10-12,2022,EN ISO 9775:2017,ISO,explicit,withdrawal,FULL_LIST
32022D1954,2022-10-12,2022,EN ISO 10087:2019,ISO,explicit,withdrawal,FULL_LIST
32022D1954,2022-10-12,2022,EN 15609:2012,CEN,number,withdrawal,FULL_LIST
32022D1954,2022-10-12,2022,EN ISO 15652:2017,ISO,explicit,withdrawal,FULL_LIST
32022D1954,2022-10-12,2022,EN ISO 16147:2017,ISO,explicit,withdrawal,FULL_LIST
32022D2191,2022-11-08,2022,EN 303 347-2 V2.1.1,ETSI,spaced,none,FULL_LIST
32022D2191,2022-11-08,2022,EN 301 489-12 V3.2.1,ETSI,spaced,none,FULL_LIST
32022D2191,2022-11-08,2022,EN 301 489-20 V2.2.1,ETSI,spaced,none,FULL_LIST
32022D2191,2022-11-08,2022,EN 301 489-52 V1.2.1,ETSI,spaced,none,FULL_LIST
32022D2191,2022-11-08,2022,EN 303 347-1 V2.1.1,ETSI,spaced,none,FULL_LIST
32022D2191,2022-11-08,2022,EN 303 347-3 V2.1.1,ETSI,spaced,none,FULL_LIST
32022D2191,2022-11-08,2022,EN 303 363-1 V1.1.1,ETSI,spaced,none,FULL_LIST
32022D2191,2022-11-08,2022,EN 303 213-5-2 V1.1.1,ETSI,spaced,none,FULL_LIST
32022D2191,2022-11-08,2022,EN 300 674-2-1 V3.1.1,ETSI,spaced,none,FULL_LIST
32022D2191,2022-11-08,2022,EN 300 422-1 V2.1.2,ETSI,spaced,none,FULL_LIST
32022D2191,2022-11-08,2022,EN 300 422-2 V2.1.1,ETSI,spaced,none,FULL_LIST
32022D2191,2022-11-08,2022,EN 300 422-3 V2.1.1,ETSI,spaced,none,FULL_LIST
32022D2191,2022-11-08,2022,EN 301 908-10 V4.2.2,ETSI,spaced,none,FULL_LIST
32022D2191,2022-11-08,2022,EN 300 422-1 V2.2.1,ETSI,spaced,none,FULL_LIST
32022D2191,2022-11-08,2022,EN 301 908-10 V4.3.1,ETSI,spaced,none,FULL_LIST
32022D2191,2022-11-08,2022,EN 301 025 V2.2.1,ETSI,spaced,none,FULL_LIST
32022D2191,2022-11-08,2022,EN 303 345-2 V1.1.1,ETSI,spaced,none,FULL_LIST
32022D2191,2022-11-08,2022,EN 303 345-5 V1.1.1,ETSI,spaced,none,FULL_LIST
32022D2191,2022-11-08,2022,EN 301 908-13 V13.1.1,ETSI,spaced,none,FULL_LIST
32022D2191,2022-11-08,2022,EN 301 025 V2.3.1,ETSI,spaced,none,FULL_LIST
32022D2191,2022-11-08,2022,EN 303 345-2 V1.2.1,ETSI,spaced,none,FULL_LIST
32022D2191,2022-11-08,2022,EN 303 345-5 V1.2.1,ETSI,spaced,none,FULL_LIST
32022D2191,2022-11-08,2022,EN 301 908-13 V13.2.1,ETSI,spaced,none,FULL_LIST
32022D2191,2022-11-08,2022,EN 300 422-1 V2.2.1,ETSI,spaced,none,FULL_LIST
32022D2191,2022-11-08,2022,EN 301 025 V2.3.1,ETSI,spaced,none,FULL_LIST
32022D2191,2022-11-08,2022,EN 301 908-10 V4.3.1,ETSI,spaced,none,FULL_LIST
32022D2191,2022-11-08,2022,EN 303 347-1 V2.1.1,ETSI,spaced,none,FULL_LIST
32022D2191,2022-11-08,2022,EN 303 347-2 V2.1.1,ETSI,spaced,none,FULL_LIST
32022D2191,2022-11-08,2022,EN 303 347-3 V2.1.1,ETSI,spaced,none,FULL_LIST
32022D2191,2022-11-08,2022,EN 303 363-1 V1.1.1,ETSI,spaced,none,FULL_LIST
32022D2191,2022-11-08,2022,EN 300 674-2-1 V3.1.1,ETSI,spaced,none,FULL_LIST
32022D2191,2022-11-08,2022,EN 303 213-5-2 V1.1.1,ETSI,spaced,none,FULL_LIST
32022D2191,2022-11-08,2022,EN 301 489-12 V3.2.1,ETSI,spaced,none,FULL_LIST
32022D2191,2022-11-08,2022,EN 301 489-20 V2.2.1,ETSI,spaced,none,FULL_LIST
32022D2191,2022-11-08,2022,EN 301 489-52 V1.2.1,ETSI,spaced,none,FULL_LIST
32022D2191,2022-11-08,2022,EN 301 908-13 V13.2.1,ETSI,spaced,none,FULL_LIST
32022D2191,2022-11-08,2022,EN 303 345-2 V1.2.1,ETSI,spaced,none,FULL_LIST
32022D2191,2022-11-08,2022,EN 303 345-5 V1.2.1,ETSI,spaced,none,FULL_LIST
32022D2191,2022-11-08,2022,EN 303 345-2 V1.2.1,ETSI,spaced,none,FULL_LIST
32022D2191,2022-11-08,2022,EN 303 345-3 V1.1.1,ETSI,spaced,none,FULL_LIST
32022D2191,2022-11-08,2022,EN 303 345-4 V1.1.1,ETSI,spaced,none,FULL_LIST
32022D2191,2022-11-08,2022,EN 303 345-5 V1.2.1,ETSI,spaced,none,FULL_LIST
32022D2191,2022-11-08,2022,EN 303 345-3 V1.1.1,ETSI,spaced,none,FULL_LIST
32022D2191,2022-11-08,2022,EN 303 345-4 V1.1.1,ETSI,spaced,none,FULL_LIST
32022D2191,2022-11-08,2022,EN 300 422-1 V2.1.2,ETSI,spaced,none,FULL_LIST
32022D2191,2022-11-08,2022,EN 300 422-2 V2.1.1,ETSI,spaced,none,FULL_LIST
32022D2191,2022-11-08,2022,EN 300 422-3 V2.1.1,ETSI,spaced,none,FULL_LIST
32022D2191,2022-11-08,2022,EN 301 908-10 V4.2.2,ETSI,spaced,none,FULL_LIST
32022D2191,2022-11-08,2022,EN 301 025 V2.2.1,ETSI,spaced,none,FULL_LIST
32022D2191,2022-11-08,2022,EN 303 345-2 V1.1.1,ETSI,spaced,none,FULL_LIST
32022D2191,2022-11-08,2022,EN 303 345-5 V1.1.1,ETSI,spaced,none,FULL_LIST
32022D2191,2022-11-08,2022,EN 301 908-13 V13.1.1,ETSI,spaced,none,FULL_LIST
32022D2191,2022-11-08,2022,EN 303 413 V1.2.1,ETSI,spaced,none,FULL_LIST
32022D2191,2022-11-08,2022,EN 303 372-1 V1.2.1,ETSI,spaced,none,FULL_LIST
32022D2191,2022-11-08,2022,EN 303 372-2 V1.2.1,ETSI,spaced,none,FULL_LIST
32022D2191,2022-11-08,2022,EN 303 413 V1.1.1,ETSI,spaced,none,FULL_LIST
32022D2191,2022-11-08,2022,EN 303 372-1 V1.1.1,ETSI,spaced,none,FULL_LIST
32022D2191,2022-11-08,2022,EN 303 372-2 V1.1.1,ETSI,spaced,none,FULL_LIST
32022D2191,2022-11-08,2022,EN 303 413 V1.1.1,ETSI,spaced,none,FULL_LIST
32022D2191,2022-11-08,2022,EN 303 372-1 V1.1.1,ETSI,spaced,none,FULL_LIST
32022D2191,2022-11-08,2022,EN 303 372-2 V1.1.1,ETSI,spaced,none,FULL_LIST
32022D2191,2022-11-08,2022,EN 300 422-1 V2.1.2,ETSI,spaced,none,FULL_LIST
32022D2191,2022-11-08,2022,EN 300 422-2 V2.1.1,ETSI,spaced,none,FULL_LIST
32022D2191,2022-11-08,2022,EN 300 422-3 V2.1.1,ETSI,spaced,none,FULL_LIST
32022D2191,2022-11-08,2022,EN 301 908-10 V4.2.2,ETSI,spaced,none,FULL_LIST
32022D2191,2022-11-08,2022,EN 301 025 V2.2.1,ETSI,spaced,none,FULL_LIST
32022D2191,2022-11-08,2022,EN 303 345-2 V1.1.1,ETSI,spaced,none,FULL_LIST
32022D2191,2022-11-08,2022,EN 303 345-5 V1.1.1,ETSI,spaced,none,FULL_LIST
32022D2191,2022-11-08,2022,EN 301 908-13 V13.1.1,ETSI,spaced,none,FULL_LIST
32022D2191,2022-11-08,2022,EN 303 413 V1.1.1,ETSI,spaced,none,FULL_LIST
32022D2191,2022-11-08,2022,EN 303 372-1 V1.1.1,ETSI,spaced,none,FULL_LIST
32022D2191,2022-11-08,2022,EN 303 372-2 V1.1.1,ETSI,spaced,none,FULL_LIST
32022D2191,2022-11-08,2022,EN 301 908-14 V13.1.1,ETSI,spaced,none,FULL_LIST
32022D2191,2022-11-08,2022,EN 301 908-15 V11.1.2,ETSI,spaced,none,FULL_LIST
32022D2191,2022-11-08,2022,EN 301 908-18 V13.1.1,ETSI,spaced,none,FULL_LIST
32022D2191,2022-11-08,2022,EN 50360:2017,CENELEC,number,withdrawal,FULL_LIST
32022D2191,2022-11-08,2022,EN 50385:2017,CENELEC,number,withdrawal,FULL_LIST
32022D2191,2022-11-08,2022,EN 50401:2017,CENELEC,number,withdrawal,FULL_LIST
32022D2191,2022-11-08,2022,EN 50566:2017,CENELEC,number,withdrawal,FULL_LIST
32022D2191,2022-11-08,2022,EN 55035:2017,CENELEC,number,withdrawal,FULL_LIST
32022D2191,2022-11-08,2022,EN 300 065 V2.1.2,ETSI,spaced,withdrawal,FULL_LIST
32022D2191,2022-11-08,2022,EN 300 086 V2.1.2,ETSI,spaced,withdrawal,FULL_LIST
32022D2191,2022-11-08,2022,EN 300 113 V2.2.1,ETSI,spaced,withdrawal,FULL_LIST
32022D2191,2022-11-08,2022,EN 300 219 V2.1.1,ETSI,spaced,withdrawal,FULL_LIST
32022D2191,2022-11-08,2022,EN 300 220-2 V3.1.1,ETSI,spaced,withdrawal,FULL_LIST
32022D2191,2022-11-08,2022,EN 300 220-3-1 V2.1.1,ETSI,spaced,withdrawal,FULL_LIST
32022D2191,2022-11-08,2022,EN 300 220-3-2 V1.1.1,ETSI,spaced,withdrawal,FULL_LIST
32022D2191,2022-11-08,2022,EN 300 220-4 V1.1.1,ETSI,spaced,withdrawal,FULL_LIST
32022D2191,2022-11-08,2022,EN 300 224 V2.1.1,ETSI,spaced,withdrawal,FULL_LIST
32022D2191,2022-11-08,2022,EN 300 296 V2.1.1,ETSI,spaced,withdrawal,FULL_LIST
32022D2191,2022-11-08,2022,EN 300 328 V2.2.2,ETSI,spaced,withdrawal,FULL_LIST
32022D2191,2022-11-08,2022,EN 300 330 V2.1.1,ETSI,spaced,withdrawal,FULL_LIST
32022D2191,2022-11-08,2022,EN 300 341 V2.1.1,ETSI,spaced,withdrawal,FULL_LIST
32022D2191,2022-11-08,2022,EN 300 390 V2.1.1,ETSI,spaced,withdrawal,FULL_LIST
32022D2191,2022-11-08,2022,EN 300 422-1 V2.2.1,ETSI,spaced,withdrawal,FULL_LIST
32022D2191,2022-11-08,2022,EN 300 422-4 V2.1.1,ETSI,spaced,withdrawal,FULL_LIST
32022D2191,2022-11-08,2022,EN 300 433 V2.1.1,ETSI,spaced,withdrawal,FULL_LIST
32022D2191,2022-11-08,2022,EN 300 440 V2.1.1,ETSI,spaced,withdrawal,FULL_LIST
32022D2191,2022-11-08,2022,EN 300 454-2 V1.1.1,ETSI,spaced,withdrawal,FULL_LIST
32022D2191,2022-11-08,2022,EN 300 487 V2.1.2,ETSI,spaced,withdrawal,FULL_LIST
32022D2191,2022-11-08,2022,EN 300 674-2-1 V3.1.1,ETSI,spaced,withdrawal,FULL_LIST
32022D2191,2022-11-08,2022,EN 300 674-2-2 V2.2.1,ETSI,spaced,withdrawal,FULL_LIST
32022D2191,2022-11-08,2022,EN 300 676-2 V2.1.1,ETSI,spaced,withdrawal,FULL_LIST
32022D2191,2022-11-08,2022,EN 300 698 V2.3.1,ETSI,spaced,withdrawal,FULL_LIST
32022D2191,2022-11-08,2022,EN 300 718-1 V2.2.1,ETSI,spaced,withdrawal,FULL_LIST
32022D2191,2022-11-08,2022,EN 300 718-2 V1.1.1,ETSI,spaced,withdrawal,FULL_LIST
32022D2191,2022-11-08,2022,EN 300 718-2 V2.1.1,ETSI,spaced,withdrawal,FULL_LIST
32022D2191,2022-11-08,2022,EN 300 720 V2.1.1,ETSI,spaced,withdrawal,FULL_LIST
32022D2191,2022-11-08,2022,EN 301 025 V2.3.1,ETSI,spaced,withdrawal,FULL_LIST
32022D2191,2022-11-08,2022,EN 301 091-2 V1.3.2,ETSI,spaced,withdrawal,FULL_LIST
32022D2191,2022-11-08,2022,EN 301 166 V2.1.1,ETSI,spaced,withdrawal,FULL_LIST
32022D2191,2022-11-08,2022,EN 301 178 V2.2.2,ETSI,spaced,withdrawal,FULL_LIST
32022D2191,2022-11-08,2022,EN 301 357 V2.1.1,ETSI,spaced,withdrawal,FULL_LIST
32022D2191,2022-11-08,2022,EN 301 360 V2.1.1,ETSI,spaced,withdrawal,FULL_LIST
32022D2191,2022-11-08,2022,EN 301 406 V2.2.2,ETSI,spaced,withdrawal,FULL_LIST
32022D2191,2022-11-08,2022,EN 301 426 V2.1.2,ETSI,spaced,withdrawal,FULL_LIST
32022D2191,2022-11-08,2022,EN 301 427 V2.1.1,ETSI,spaced,withdrawal,FULL_LIST
32022D2191,2022-11-08,2022,EN 301 428 V2.1.2,ETSI,spaced,withdrawal,FULL_LIST
32022D2191,2022-11-08,2022,EN 301 430 V2.1.1,ETSI,spaced,withdrawal,FULL_LIST
32022D2191,2022-11-08,2022,EN 301 441 V2.1.1,ETSI,spaced,withdrawal,FULL_LIST
32022D2191,2022-11-08,2022,EN 301 442 V2.1.1,ETSI,spaced,withdrawal,FULL_LIST
32022D2191,2022-11-08,2022,EN 301 443 V2.1.1,ETSI,spaced,withdrawal,FULL_LIST
32022D2191,2022-11-08,2022,EN 301 444 V2.2.1,ETSI,spaced,withdrawal,FULL_LIST
32022D2191,2022-11-08,2022,EN 301 447 V2.1.1,ETSI,spaced,withdrawal,FULL_LIST
32022D2191,2022-11-08,2022,EN 301 459 V2.1.1,ETSI,spaced,withdrawal,FULL_LIST
32022D2191,2022-11-08,2022,EN 301 473 V2.1.2,ETSI,spaced,withdrawal,FULL_LIST
32022D2191,2022-11-08,2022,EN 301 489-12 V3.2.1,ETSI,spaced,withdrawal,FULL_LIST
32022D2191,2022-11-08,2022,EN 301 489-20 V2.2.1,ETSI,spaced,withdrawal,FULL_LIST
32022D2191,2022-11-08,2022,EN 301 489-52 V1.2.1,ETSI,spaced,withdrawal,FULL_LIST
32022D2191,2022-11-08,2022,EN 301 502 V12.5.2,ETSI,spaced,withdrawal,FULL_LIST
32022D2191,2022-11-08,2022,EN 301 511 V12.5.1,ETSI,spaced,withdrawal,FULL_LIST
32022D2191,2022-11-08,2022,EN 301 559 V2.1.1,ETSI,spaced,withdrawal,FULL_LIST
32022D2191,2022-11-08,2022,EN 301 598 V1.1.1,ETSI,spaced,withdrawal,FULL_LIST
32022D2191,2022-11-08,2022,EN 301 681 V2.1.2,ETSI,spaced,withdrawal,FULL_LIST
32022D2191,2022-11-08,2022,EN 301 721 V2.1.1,ETSI,spaced,withdrawal,FULL_LIST
32022D2191,2022-11-08,2022,EN 301 783 V2.1.1,ETSI,spaced,withdrawal,FULL_LIST
32022D2191,2022-11-08,2022,EN 301 839 V2.1.1,ETSI,spaced,withdrawal,FULL_LIST
32022D2191,2022-11-08,2022,EN 301 841-3 V2.1.1,ETSI,spaced,withdrawal,FULL_LIST
32022D2191,2022-11-08,2022,EN 301 842-5 V2.1.1,ETSI,spaced,withdrawal,FULL_LIST
32022D2191,2022-11-08,2022,EN 301 893 V2.1.1,ETSI,spaced,withdrawal,FULL_LIST
32022D2191,2022-11-08,2022,EN 301 908-1 V15.1.1,ETSI,spaced,withdrawal,FULL_LIST
32022D2191,2022-11-08,2022,EN 301 908-10 V4.3.1,ETSI,spaced,withdrawal,FULL_LIST
32022D2191,2022-11-08,2022,EN 301 908-11 V11.1.2,ETSI,spaced,withdrawal,FULL_LIST
32022D2191,2022-11-08,2022,EN 301 908-12 V7.1.1,ETSI,spaced,withdrawal,FULL_LIST
32022D2191,2022-11-08,2022,EN 301 908-13 V13.2.1,ETSI,spaced,withdrawal,FULL_LIST
32022D2191,2022-11-08,2022,EN 301 908-14 V15.1.1,ETSI,spaced,withdrawal,FULL_LIST
32022D2191,2022-11-08,2022,EN 301 908-15 V15.1.1,ETSI,spaced,withdrawal,FULL_LIST
32022D2191,2022-11-08,2022,EN 301 908-18 V15.1.1,ETSI,spaced,withdrawal,FULL_LIST
32022D2191,2022-11-08,2022,EN 301 908-19 V6.3.1,ETSI,spaced,withdrawal,FULL_LIST
32022D2191,2022-11-08,2022,EN 301 908-2 V13.1.1,ETSI,spaced,withdrawal,FULL_LIST
32022D2191,2022-11-08,2022,EN 301 908-20 V6.3.1,ETSI,spaced,withdrawal,FULL_LIST
32022D2191,2022-11-08,2022,EN 301 908-21 V6.1.1,ETSI,spaced,withdrawal,FULL_LIST
32022D2191,2022-11-08,2022,EN 301 908-22 V6.1.1,ETSI,spaced,withdrawal,FULL_LIST
32022D2191,2022-11-08,2022,EN 301 908-3 V13.1.1,ETSI,spaced,withdrawal,FULL_LIST
32022D2191,2022-11-08,2022,EN 301 929 V2.1.1,ETSI,spaced,withdrawal,FULL_LIST
32022D2191,2022-11-08,2022,EN 302 017 V2.1.1,ETSI,spaced,withdrawal,FULL_LIST
32022D2191,2022-11-08,2022,EN 302 018 V2.1.1,ETSI,spaced,withdrawal,FULL_LIST
32022D2191,2022-11-08,2022,EN 302 054 V2.2.1,ETSI,spaced,withdrawal,FULL_LIST
32022D2191,2022-11-08,2022,EN 302 064-2 V1.1.1,ETSI,spaced,withdrawal,FULL_LIST
32022D2191,2022-11-08,2022,EN 302 065-1 V2.1.1,ETSI,spaced,withdrawal,FULL_LIST
32022D2191,2022-11-08,2022,EN 302 065-2 V2.1.1,ETSI,spaced,withdrawal,FULL_LIST
32022D2191,2022-11-08,2022,EN 302 065-3 V2.1.1,ETSI,spaced,withdrawal,FULL_LIST
32022D2191,2022-11-08,2022,EN 302 065-4 V1.1.1,ETSI,spaced,withdrawal,FULL_LIST
32022D2191,2022-11-08,2022,EN 302 066 V2.2.1,ETSI,spaced,withdrawal,FULL_LIST
32022D2191,2022-11-08,2022,EN 302 077-2 V1.1.1,ETSI,spaced,withdrawal,FULL_LIST
32022D2191,2022-11-08,2022,EN 302 186 V2.1.1,ETSI,spaced,withdrawal,FULL_LIST
32022D2191,2022-11-08,2022,EN 302 194-2 V1.1.2,ETSI,spaced,withdrawal,FULL_LIST
32022D2191,2022-11-08,2022,EN 302 195 V2.1.1,ETSI,spaced,withdrawal,FULL_LIST
32022D2191,2022-11-08,2022,EN 302 208 V3.3.1,ETSI,spaced,withdrawal,FULL_LIST
32022D2191,2022-11-08,2022,EN 302 217-2 V3.3.1,ETSI,spaced,addition,FULL_LIST
32022D2191,2022-11-08,2022,EN 302 245-2 V1.1.1,ETSI,spaced,addition,FULL_LIST
32022D2191,2022-11-08,2022,EN 302 248 V2.1.1,ETSI,spaced,addition,FULL_LIST
32022D2191,2022-11-08,2022,EN 302 264-2 V1.1.1,ETSI,spaced,addition,FULL_LIST
32022D2191,2022-11-08,2022,EN 302 288-2 V1.6.1,ETSI,spaced,addition,FULL_LIST
32022D2191,2022-11-08,2022,EN 302 296 V2.2.1,ETSI,spaced,addition,FULL_LIST
32022D2191,2022-11-08,2022,EN 302 326-2 V1.2.2,ETSI,spaced,addition,FULL_LIST
32022D2191,2022-11-08,2022,EN 302 340 V2.1.1,ETSI,spaced,addition,FULL_LIST
32022D2191,2022-11-08,2022,EN 302 372 V2.1.1,ETSI,spaced,addition,FULL_LIST
32022D2191,2022-11-08,2022,EN 302 448 V2.1.1,ETSI,spaced,addition,FULL_LIST
32022D2191,2022-11-08,2022,EN 302 454 V2.2.1,ETSI,spaced,addition,FULL_LIST
32022D2191,2022-11-08,2022,EN 302 480 V2.2.1,ETSI,spaced,addition,FULL_LIST
32022D2191,2022-11-08,2022,EN 302 502 V2.1.1,ETSI,spaced,addition,FULL_LIST
32022D2191,2022-11-08,2022,EN 302 510-2 V1.1.1,ETSI,spaced,addition,FULL_LIST
32022D2191,2022-11-08,2022,EN 302 536-2 V1.1.1,ETSI,spaced,addition,FULL_LIST
32022D2191,2022-11-08,2022,EN 302 537 V2.1.1,ETSI,spaced,addition,FULL_LIST
32022D2191,2022-11-08,2022,EN 302 561 V2.1.1,ETSI,spaced,addition,FULL_LIST
32022D2191,2022-11-08,2022,EN 302 567 V2.2.1,ETSI,spaced,addition,FULL_LIST
32022D2191,2022-11-08,2022,EN 302 571 V2.1.1,ETSI,spaced,addition,FULL_LIST
32022D2191,2022-11-08,2022,EN 302 574-1 V2.1.2,ETSI,spaced,addition,FULL_LIST
32022D2191,2022-11-08,2022,EN 302 574-2 V2.1.2,ETSI,spaced,addition,FULL_LIST
32022D2191,2022-11-08,2022,EN 302 574-3 V2.1.1,ETSI,spaced,addition,FULL_LIST
32022D2191,2022-11-08,2022,EN 302 608 V1.1.1,ETSI,spaced,addition,FULL_LIST
32022D2191,2022-11-08,2022,EN 302 609 V2.2.1,ETSI,spaced,addition,FULL_LIST
32022D2191,2022-11-08,2022,EN 302 617 V2.3.1,ETSI,spaced,addition,FULL_LIST
32022D2191,2022-11-08,2022,EN 302 686 V1.1.1,ETSI,spaced,addition,FULL_LIST
32022D2191,2022-11-08,2022,EN 302 729 V2.1.1,ETSI,spaced,addition,FULL_LIST
32022D2191,2022-11-08,2022,EN 302 858-2 V1.3.1,ETSI,spaced,addition,FULL_LIST
32022D2191,2022-11-08,2022,EN 302 885 V2.2.3,ETSI,spaced,addition,FULL_LIST
32022D2191,2022-11-08,2022,EN 302 961 V2.1.2,ETSI,spaced,addition,FULL_LIST
32022D2191,2022-11-08,2022,EN 302 977 V2.1.1,ETSI,spaced,addition,FULL_LIST
32022D2191,2022-11-08,2022,EN 303 039 V2.1.2,ETSI,spaced,addition,FULL_LIST
32022D2191,2022-11-08,2022,EN 303 084 V2.1.1,ETSI,spaced,addition,FULL_LIST
32022D2191,2022-11-08,2022,EN 303 098 V2.2.1,ETSI,spaced,addition,FULL_LIST
32022D2191,2022-11-08,2022,EN 303 132 V1.1.1,ETSI,spaced,addition,FULL_LIST
32022D2191,2022-11-08,2022,EN 303 135 V2.1.1,ETSI,spaced,addition,FULL_LIST
32022D2191,2022-11-08,2022,EN 303 203 V2.1.1,ETSI,spaced,addition,FULL_LIST
32022D2191,2022-11-08,2022,EN 303 204 V3.1.1,ETSI,spaced,addition,FULL_LIST
32022D2191,2022-11-08,2022,EN 303 213-5-1 V1.1.1,ETSI,spaced,addition,FULL_LIST
32022D2191,2022-11-08,2022,EN 303 213-5-2 V1.1.1,ETSI,spaced,addition,FULL_LIST
32022D2191,2022-11-08,2022,EN 303 213-6-1 V3.1.1,ETSI,spaced,addition,FULL_LIST
32022D2191,2022-11-08,2022,EN 303 258 V1.1.1,ETSI,spaced,addition,FULL_LIST
32022D2191,2022-11-08,2022,EN 303 276 V1.2.1,ETSI,spaced,addition,FULL_LIST
32022D2191,2022-11-08,2022,EN 303 340 V1.1.2,ETSI,spaced,addition,FULL_LIST
32022D2191,2022-11-08,2022,EN 303 345-2 V1.2.1,ETSI,spaced,addition,FULL_LIST
32022D2191,2022-11-08,2022,EN 303 345-3 V1.1.1,ETSI,spaced,addition,FULL_LIST
32022D2191,2022-11-08,2022,EN 303 345-4 V1.1.1,ETSI,spaced,addition,FULL_LIST
32022D2191,2022-11-08,2022,EN 303 345-5 V1.2.1,ETSI,spaced,addition,FULL_LIST
32022D2191,2022-11-08,2022,EN 303 347-1 V2.1.1,ETSI,spaced,addition,FULL_LIST
32022D2191,2022-11-08,2022,EN 303 347-2 V2.1.1,ETSI,spaced,addition,FULL_LIST
32022D2191,2022-11-08,2022,EN 303 347-3 V2.1.1,ETSI,spaced,addition,FULL_LIST
32022D2191,2022-11-08,2022,EN 303 348 V1.2.1,ETSI,spaced,addition,FULL_LIST
32022D2191,2022-11-08,2022,EN 303 354 V1.1.1,ETSI,spaced,addition,FULL_LIST
32022D2191,2022-11-08,2022,EN 303 363-1 V1.1.1,ETSI,spaced,addition,FULL_LIST
32022D2191,2022-11-08,2022,EN 303 364-2 V1.1.1,ETSI,spaced,addition,FULL_LIST
32022D2191,2022-11-08,2022,EN 303 364-3 V1.1.1,ETSI,spaced,addition,FULL_LIST
32022D2191,2022-11-08,2022,EN 303 372-1 V1.2.1,ETSI,spaced,addition,FULL_LIST
32022D2191,2022-11-08,2022,EN 303 372-2 V1.2.1,ETSI,spaced,addition,FULL_LIST
32022D2191,2022-11-08,2022,EN 303 402 V2.1.2,ETSI,spaced,addition,FULL_LIST
32022D2191,2022-11-08,2022,EN 303 406 V1.1.1,ETSI,spaced,addition,FULL_LIST
32022D2191,2022-11-08,2022,EN 303 413 V1.2.1,ETSI,spaced,addition,FULL_LIST
32022D2191,2022-11-08,2022,EN 303 520 V1.2.1,ETSI,spaced,addition,FULL_LIST
32022D2191,2022-11-08,2022,EN 303 609 V12.5.1,ETSI,spaced,addition,FULL_LIST
32022D2191,2022-11-08,2022,EN 303 758 V1.1.1,ETSI,spaced,addition,FULL_LIST
32022D2191,2022-11-08,2022,EN 303 978 V2.1.2,ETSI,spaced,addition,FULL_LIST
32022D2191,2022-11-08,2022,EN 303 979 V2.1.2,ETSI,spaced,addition,FULL_LIST
32022D2191,2022-11-08,2022,EN 303 980 V1.2.1,ETSI,spaced,addition,FULL_LIST
32022D2191,2022-11-08,2022,EN 303 981 V1.2.1,ETSI,spaced,addition,FULL_LIST
32022D2191,2022-11-08,2022,EN 305 550-2 V1.2.1,CEN,number,addition,FULL_LIST
32022D2191,2022-11-08,2022,EN 301 908-14 V13.1.1,ETSI,spaced,addition,FULL_LIST
32022D2191,2022-11-08,2022,EN 301 908-15 V11.1.2,ETSI,spaced,addition,FULL_LIST
32022D2191,2022-11-08,2022,EN 301 908-18 V13.1.1,ETSI,spaced,addition,FULL_LIST
32022D2191,2022-11-08,2022,EN 300 422-1 V2.1.2,ETSI,spaced,addition,FULL_LIST
32022D2191,2022-11-08,2022,EN 300 422-2 V2.1.1,ETSI,spaced,addition,FULL_LIST
32022D2191,2022-11-08,2022,EN 300 422-3 V2.1.1,ETSI,spaced,addition,FULL_LIST
32022D2191,2022-11-08,2022,EN 301 025 V2.2.1,ETSI,spaced,addition,FULL_LIST
32022D2191,2022-11-08,2022,EN 301 444 V2.1.2,ETSI,spaced,addition,FULL_LIST
32022D2191,2022-11-08,2022,EN 301 908-1 V13.1.1,ETSI,spaced,addition,FULL_LIST
32022D2191,2022-11-08,2022,EN 301 908-10 V4.2.2,ETSI,spaced,addition,FULL_LIST
32022D2191,2022-11-08,2022,EN 301 908-13 V13.1.1,ETSI,spaced,addition,FULL_LIST
32022D2191,2022-11-08,2022,EN 302 066-2 V1.2.1,ETSI,spaced,addition,FULL_LIST
32022D2191,2022-11-08,2022,EN 302 208 V3.1.1,ETSI,spaced,addition,FULL_LIST
32022D2191,2022-11-08,2022,EN 302 217-2 V3.2.2,ETSI,spaced,addition,FULL_LIST
32022D2191,2022-11-08,2022,EN 302 296-2 V1.2.1,ETSI,spaced,addition,FULL_LIST
32022D2191,2022-11-08,2022,EN 302 480 V2.1.2,ETSI,spaced,addition,FULL_LIST
32022D2191,2022-11-08,2022,EN 302 567 V1.2.1,ETSI,spaced,addition,FULL_LIST
32022D2191,2022-11-08,2022,EN 302 609 V2.1.1,ETSI,spaced,addition,FULL_LIST
32022D2191,2022-11-08,2022,EN 303 204 V2.1.2,ETSI,spaced,addition,FULL_LIST
32022D2191,2022-11-08,2022,EN 303 276 V1.1.1,ETSI,spaced,addition,FULL_LIST
32022D2191,2022-11-08,2022,EN 303 345-2 V1.1.1,ETSI,spaced,addition,FULL_LIST
32022D2191,2022-11-08,2022,EN 303 345-5 V1.1.1,ETSI,spaced,addition,FULL_LIST
32022D2191,2022-11-08,2022,EN 303 413 V1.1.1,ETSI,spaced,addition,FULL_LIST
32022D2191,2022-11-08,2022,EN 303 372-1 V1.1.1,ETSI,spaced,addition,FULL_LIST
32022D2191,2022-11-08,2022,EN 303 372-2 V1.1.1,ETSI,spaced,addition,FULL_LIST
32022D2414,2022-12-06,2022,EN ISO 18527-2:2021,ISO,explicit,none,AMENDING
32022D2414,2022-12-06,2022,EN ISO 20349-1:2017,ISO,explicit,none,AMENDING
32022D2414,2022-12-06,2022,EN ISO 20349-1:2017,ISO,explicit,none,AMENDING
32022D2414,2022-12-06,2022,EN ISO 20349-2:2017,ISO,explicit,none,AMENDING
32022D2414,2022-12-06,2022,EN ISO 20349-2:2017,ISO,explicit,none,AMENDING
32022D2414,2022-12-06,2022,EN 143:2000,CEN,number,none,AMENDING
32022D2414,2022-12-06,2022,EN 143:2000,CEN,number,none,AMENDING
32022D2414,2022-12-06,2022,EN 143:2000,CEN,number,none,AMENDING
32022D2414,2022-12-06,2022,EN ISO 13688:2013,ISO,explicit,none,AMENDING
32022D2414,2022-12-06,2022,EN 143:2021,CEN,number,none,AMENDING
32022D2414,2022-12-06,2022,EN ISO 13688:2013,ISO,explicit,none,AMENDING
32022D2414,2022-12-06,2022,EN ISO 13688:2013,ISO,explicit,none,AMENDING
32022D2414,2022-12-06,2022,EN 143:2021,CEN,number,none,AMENDING
32022D2414,2022-12-06,2022,EN ISO 13688:2013,ISO,explicit,none,AMENDING
32022D2414,2022-12-06,2022,EN ISO 13688:2013,ISO,explicit,none,AMENDING
32022D2414,2022-12-06,2022,EN ISO 18527-2:2021,ISO,explicit,none,AMENDING
32022D2414,2022-12-06,2022,EN ISO 20349-1:2017,ISO,explicit,none,AMENDING
32022D2414,2022-12-06,2022,EN ISO 20349-1:2017,ISO,explicit,none,AMENDING
32022D2414,2022-12-06,2022,EN ISO 20349-2:2017,ISO,explicit,none,AMENDING
32022D2414,2022-12-06,2022,EN ISO 20349-2:2017,ISO,explicit,none,AMENDING
32022D2414,2022-12-06,2022,EN 143:2021,CEN,number,none,AMENDING
32022D2414,2022-12-06,2022,EN ISO 13688:2013,ISO,explicit,none,AMENDING
32022D2414,2022-12-06,2022,EN ISO 13688:2013,ISO,explicit,none,AMENDING
32022D2414,2022-12-06,2022,EN ISO 18527-2:2021,ISO,explicit,none,AMENDING
32022D2414,2022-12-06,2022,EN ISO 20349-1:2017,ISO,explicit,none,AMENDING
32022D2414,2022-12-06,2022,EN ISO 20349-1:2017,ISO,explicit,none,AMENDING
32022D2414,2022-12-06,2022,EN ISO 20349-2:2017,ISO,explicit,none,AMENDING
32022D2414,2022-12-06,2022,EN ISO 20349-2:2017,ISO,explicit,none,AMENDING
32022D2414,2022-12-06,2022,EN 143:2000,CEN,number,none,AMENDING
32022D2414,2022-12-06,2022,EN 143:2000,CEN,number,none,AMENDING
32022D2414,2022-12-06,2022,EN 143:2000,CEN,number,none,AMENDING
32022D2414,2022-12-06,2022,EN ISO 13688:2013,ISO,explicit,none,AMENDING
32022D2414,2022-12-06,2022,EN 143:2000,CEN,number,withdrawal,AMENDING
32022D2414,2022-12-06,2022,EN 143:2000,CEN,number,withdrawal,AMENDING
32022D2414,2022-12-06,2022,EN 143:2000,CEN,number,withdrawal,AMENDING
32022D2414,2022-12-06,2022,EN ISO 13688:2013,ISO,explicit,withdrawal,AMENDING
32022D2414,2022-12-06,2022,EN 352-1:2002,CEN,number,withdrawal,AMENDING
32022D2414,2022-12-06,2022,EN 352-2:2002,CEN,number,withdrawal,AMENDING
32022D2414,2022-12-06,2022,EN 352-3:2002,CEN,number,withdrawal,AMENDING
32022D2414,2022-12-06,2022,EN 352-4:2001,CEN,number,withdrawal,AMENDING
32022D2414,2022-12-06,2022,EN 352-4:2001,CEN,number,withdrawal,AMENDING
32022D2414,2022-12-06,2022,EN 352-5:2002,CEN,number,withdrawal,AMENDING
32022D2414,2022-12-06,2022,EN 352-5:2002,CEN,number,withdrawal,AMENDING
32022D2414,2022-12-06,2022,EN 352-6:2002,CEN,number,withdrawal,AMENDING
32022D2414,2022-12-06,2022,EN 352-7:2002,CEN,number,withdrawal,AMENDING
32022D2414,2022-12-06,2022,EN 352-8:2008,CEN,number,withdrawal,AMENDING
32022D2414,2022-12-06,2022,EN 352-1:2002,CEN,number,withdrawal,AMENDING
32022D2414,2022-12-06,2022,EN 352-2:2002,CEN,number,withdrawal,AMENDING
32022D2414,2022-12-06,2022,EN 352-3:2002,CEN,number,withdrawal,AMENDING
32022D2414,2022-12-06,2022,EN 352-4:2001,CEN,number,withdrawal,AMENDING
32022D2414,2022-12-06,2022,EN 352-4:2001,CEN,number,withdrawal,AMENDING
32022D2414,2022-12-06,2022,EN 352-5:2002,CEN,number,withdrawal,AMENDING
32022D2414,2022-12-06,2022,EN 352-5:2002,CEN,number,withdrawal,AMENDING
32022D2414,2022-12-06,2022,EN 352-6:2002,CEN,number,withdrawal,AMENDING
32022D2414,2022-12-06,2022,EN 352-7:2002,CEN,number,withdrawal,AMENDING
32022D2414,2022-12-06,2022,EN 352-8:2008,CEN,number,withdrawal,AMENDING
32022D2414,2022-12-06,2022,EN 352-1:2002,CEN,number,withdrawal,AMENDING
32022D2414,2022-12-06,2022,EN 352-2:2002,CEN,number,withdrawal,AMENDING
32022D2414,2022-12-06,2022,EN 352-3:2002,CEN,number,withdrawal,AMENDING
32022D2414,2022-12-06,2022,EN 352-4:2001,CEN,number,withdrawal,AMENDING
32022D2414,2022-12-06,2022,EN 352-4:2001,CEN,number,withdrawal,AMENDING
32022D2414,2022-12-06,2022,EN 352-5:2002,CEN,number,withdrawal,AMENDING
32022D2414,2022-12-06,2022,EN 352-5:2002,CEN,number,withdrawal,AMENDING
32022D2414,2022-12-06,2022,EN 352-6:2002,CEN,number,withdrawal,AMENDING
32022D2414,2022-12-06,2022,EN 352-7:2002,CEN,number,withdrawal,AMENDING
32022D2414,2022-12-06,2022,EN 352-8:2008,CEN,number,withdrawal,AMENDING
32022D2414,2022-12-06,2022,EN 143:2021,CEN,number,withdrawal,AMENDING
32022D2414,2022-12-06,2022,EN ISO 13688:2013,ISO,explicit,withdrawal,AMENDING
32022D2414,2022-12-06,2022,EN ISO 13688:2013,ISO,explicit,withdrawal,AMENDING
32022D2414,2022-12-06,2022,EN 143:2000,CEN,number,withdrawal,AMENDING
32022D2414,2022-12-06,2022,EN 143:2000,CEN,number,withdrawal,AMENDING
32022D2414,2022-12-06,2022,EN 143:2000,CEN,number,withdrawal,AMENDING
32022D2414,2022-12-06,2022,EN ISO 13688:2013,ISO,explicit,withdrawal,AMENDING
32022D2414,2022-12-06,2022,EN 143:2021,CEN,number,addition,AMENDING
32022D2414,2022-12-06,2022,EN ISO 13688:2013,ISO,explicit,addition,AMENDING
32022D2414,2022-12-06,2022,EN ISO 13688:2013,ISO,explicit,addition,AMENDING
32022D2414,2022-12-06,2022,EN ISO 18527-2:2021,ISO,explicit,addition,AMENDING
32022D2414,2022-12-06,2022,EN ISO 20349-1:2017,ISO,explicit,addition,AMENDING
32022D2414,2022-12-06,2022,EN ISO 20349-1:2017,ISO,explicit,addition,AMENDING
32022D2414,2022-12-06,2022,EN ISO 20349-2:2017,ISO,explicit,addition,AMENDING
32022D2414,2022-12-06,2022,EN ISO 20349-2:2017,ISO,explicit,addition,AMENDING
32022D2414,2022-12-06,2022,EN 352-1:2002,CEN,number,addition,AMENDING
32022D2414,2022-12-06,2022,EN 352-2:2002,CEN,number,addition,AMENDING
32022D2414,2022-12-06,2022,EN 352-3:2002,CEN,number,addition,AMENDING
32022D2414,2022-12-06,2022,EN 352-4:2001,CEN,number,addition,AMENDING
32022D2414,2022-12-06,2022,EN 352-4:2001,CEN,number,addition,AMENDING
32022D2414,2022-12-06,2022,EN 352-5:2002,CEN,number,addition,AMENDING
32022D2414,2022-12-06,2022,EN 352-5:2002,CEN,number,addition,AMENDING
32022D2414,2022-12-06,2022,EN 352-6:2002,CEN,number,addition,AMENDING
32022D2414,2022-12-06,2022,EN 352-7:2002,CEN,number,addition,AMENDING
32022D2414,2022-12-06,2022,EN 352-8:2008,CEN,number,addition,AMENDING
32022D2414,2022-12-06,2022,EN 143:2000,CEN,number,addition,AMENDING
32022D2414,2022-12-06,2022,EN 143:2000,CEN,number,addition,AMENDING
32022D2414,2022-12-06,2022,EN 143:2000,CEN,number,addition,AMENDING
32022D2414,2022-12-06,2022,EN ISO 13688:2013,ISO,explicit,addition,AMENDING
32023D0098,2023-01-09,2023,EN IEC 61010-2-012:2022,IEC,explicit,none,AMENDING
32023D0098,2023-01-09,2023,EN IEC 61010-2-012:2022,IEC,explicit,none,AMENDING
32023D0098,2023-01-09,2023,EN 60598-2-22:2014,IEC,inferred-60000,none,AMENDING
32023D0098,2023-01-09,2023,EN 60598-2-22:2014,IEC,inferred-60000,none,AMENDING
32023D0098,2023-01-09,2023,EN 60598-2-22:2014,IEC,inferred-60000,none,AMENDING
32023D0098,2023-01-09,2023,EN 60598-2-22:2014,IEC,inferred-60000,none,AMENDING
32023D0098,2023-01-09,2023,EN 60598-2-22:2014,IEC,inferred-60000,none,AMENDING
32023D0098,2023-01-09,2023,EN IEC 60598-2-22:2022,IEC,explicit,none,AMENDING
32023D0098,2023-01-09,2023,EN 61557-12:2008,IEC,inferred-60000,none,AMENDING
32023D0098,2023-01-09,2023,EN 60598-1:2015,IEC,inferred-60000,none,AMENDING
32023D0098,2023-01-09,2023,EN 60598-1:2015,IEC,inferred-60000,none,AMENDING
32023D0098,2023-01-09,2023,EN 60598-1:2015,IEC,inferred-60000,none,AMENDING
32023D0098,2023-01-09,2023,EN 60598-1:2015,IEC,inferred-60000,none,AMENDING
32023D0098,2023-01-09,2023,EN 60598-1:2015,IEC,inferred-60000,none,AMENDING
32023D0098,2023-01-09,2023,EN IEC 61557-12:2022,IEC,explicit,none,AMENDING
32023D0098,2023-01-09,2023,EN IEC 60598-1:2021,IEC,explicit,none,AMENDING
32023D0098,2023-01-09,2023,EN IEC 60598-1:2021,IEC,explicit,none,AMENDING
32023D0098,2023-01-09,2023,EN 61347-2-7:2012,IEC,inferred-60000,none,AMENDING
32023D0098,2023-01-09,2023,EN 61347-2-7:2012,IEC,inferred-60000,none,AMENDING
32023D0098,2023-01-09,2023,EN 61347-2-7:2012,IEC,inferred-60000,none,AMENDING
32023D0098,2023-01-09,2023,EN IEC 61010-2-012:2022,IEC,explicit,none,AMENDING
32023D0098,2023-01-09,2023,EN IEC 61010-2-012:2022,IEC,explicit,none,AMENDING
32023D0098,2023-01-09,2023,EN IEC 61557-12:2022,IEC,explicit,none,AMENDING
32023D0098,2023-01-09,2023,EN IEC 60598-1:2021,IEC,explicit,none,AMENDING
32023D0098,2023-01-09,2023,EN IEC 60598-1:2021,IEC,explicit,none,AMENDING
32023D0098,2023-01-09,2023,EN IEC 60598-2-22:2022,IEC,explicit,none,AMENDING
32023D0098,2023-01-09,2023,EN 61347-2-7:2012,IEC,inferred-60000,none,AMENDING
32023D0098,2023-01-09,2023,EN 61347-2-7:2012,IEC,inferred-60000,none,AMENDING
32023D0098,2023-01-09,2023,EN 61347-2-7:2012,IEC,inferred-60000,none,AMENDING
32023D0098,2023-01-09,2023,EN 60598-2-22:2014,IEC,inferred-60000,none,AMENDING
32023D0098,2023-01-09,2023,EN 61347-2-7:2012,IEC,inferred-60000,none,AMENDING
32023D0098,2023-01-09,2023,EN 61557-12:2008,IEC,inferred-60000,none,AMENDING
32023D0098,2023-01-09,2023,EN 60598-1:2015,IEC,inferred-60000,none,AMENDING
32023D0098,2023-01-09,2023,EN 61557-12:2008,IEC,inferred-60000,withdrawal,AMENDING
32023D0098,2023-01-09,2023,EN 60598-1:2015,IEC,inferred-60000,withdrawal,AMENDING
32023D0098,2023-01-09,2023,EN 60598-1:2015,IEC,inferred-60000,withdrawal,AMENDING
32023D0098,2023-01-09,2023,EN 60598-1:2015,IEC,inferred-60000,withdrawal,AMENDING
32023D0098,2023-01-09,2023,EN 60598-1:2015,IEC,inferred-60000,withdrawal,AMENDING
32023D0098,2023-01-09,2023,EN 60598-1:2015,IEC,inferred-60000,withdrawal,AMENDING
32023D0098,2023-01-09,2023,EN 60598-2-22:2014,IEC,inferred-60000,withdrawal,AMENDING
32023D0098,2023-01-09,2023,EN 60598-2-22:2014,IEC,inferred-60000,withdrawal,AMENDING
32023D0098,2023-01-09,2023,EN 60598-2-22:2014,IEC,inferred-60000,withdrawal,AMENDING
32023D0098,2023-01-09,2023,EN 60598-2-22:2014,IEC,inferred-60000,withdrawal,AMENDING
32023D0098,2023-01-09,2023,EN 60598-2-22:2014,IEC,inferred-60000,withdrawal,AMENDING
32023D0098,2023-01-09,2023,EN 61347-2-7:2012,IEC,inferred-60000,withdrawal,AMENDING
32023D0098,2023-01-09,2023,EN 61347-2-7:2012,IEC,inferred-60000,withdrawal,AMENDING
32023D0098,2023-01-09,2023,EN IEC 60598-2-22:2022,IEC,explicit,addition,AMENDING
32023D0098,2023-01-09,2023,EN 61347-2-7:2012,IEC,inferred-60000,addition,AMENDING
32023D0098,2023-01-09,2023,EN 61347-2-7:2012,IEC,inferred-60000,addition,AMENDING
32023D0098,2023-01-09,2023,EN 61347-2-7:2012,IEC,inferred-60000,addition,AMENDING
32023D0098,2023-01-09,2023,EN IEC 60598-1:2021,IEC,explicit,addition,AMENDING
32023D0098,2023-01-09,2023,EN IEC 60598-1:2021,IEC,explicit,addition,AMENDING
32023D0098,2023-01-09,2023,EN IEC 61010-2-012:2022,IEC,explicit,addition,AMENDING
32023D0098,2023-01-09,2023,EN IEC 61010-2-012:2022,IEC,explicit,addition,AMENDING
32023D0098,2023-01-09,2023,EN IEC 61557-12:2022,IEC,explicit,addition,AMENDING
32023D0098,2023-01-09,2023,EN 60598-1:2015,IEC,inferred-60000,addition,AMENDING
32023D0098,2023-01-09,2023,EN 60598-1:2015,IEC,inferred-60000,addition,AMENDING
32023D0098,2023-01-09,2023,EN 60598-1:2015,IEC,inferred-60000,addition,AMENDING
32023D0098,2023-01-09,2023,EN 60598-1:2015,IEC,inferred-60000,addition,AMENDING
32023D0098,2023-01-09,2023,EN 60598-1:2015,IEC,inferred-60000,addition,AMENDING
32023D0098,2023-01-09,2023,EN 61557-12:2008,IEC,inferred-60000,addition,AMENDING
32023D0600,2023-03-13,2023,EN 60335-2-11:2010,IEC,inferred-60000,none,AMENDING
32023D0600,2023-03-13,2023,EN 60335-2-11:2010,IEC,inferred-60000,none,AMENDING
32023D0600,2023-03-13,2023,EN 60335-2-11:2010,IEC,inferred-60000,none,AMENDING
32023D0600,2023-03-13,2023,EN IEC 60335-2-11:2022,IEC,explicit,none,AMENDING
32023D0600,2023-03-13,2023,EN IEC 60335-2-11:2022,IEC,explicit,none,AMENDING
32023D0600,2023-03-13,2023,EN 60335-2-30:2009,IEC,inferred-60000,none,AMENDING
32023D0600,2023-03-13,2023,EN 60335-2-30:2009,IEC,inferred-60000,none,AMENDING
32023D0600,2023-03-13,2023,EN 60335-2-30:2009,IEC,inferred-60000,none,AMENDING
32023D0600,2023-03-13,2023,EN 60335-2-30:2009,IEC,inferred-60000,none,AMENDING
32023D0600,2023-03-13,2023,EN 60335-2-30:2009,IEC,inferred-60000,none,AMENDING
32023D0600,2023-03-13,2023,EN 60335-2-30:2009,IEC,inferred-60000,none,AMENDING
32023D0600,2023-03-13,2023,EN 62423:2012,IEC,inferred-60000,none,AMENDING
32023D0600,2023-03-13,2023,EN 62423:2012,IEC,inferred-60000,none,AMENDING
32023D0600,2023-03-13,2023,EN 60335-2-30:2009,IEC,inferred-60000,none,AMENDING
32023D0600,2023-03-13,2023,EN 60335-2-30:2009,IEC,inferred-60000,none,AMENDING
32023D0600,2023-03-13,2023,EN 62423:2012,IEC,inferred-60000,none,AMENDING
32023D0600,2023-03-13,2023,EN 60598-2-11:2013,IEC,inferred-60000,none,AMENDING
32023D0600,2023-03-13,2023,EN 60598-2-11:2013,IEC,inferred-60000,none,AMENDING
32023D0600,2023-03-13,2023,EN IEC 60335-2-11:2022,IEC,explicit,none,AMENDING
32023D0600,2023-03-13,2023,EN IEC 60335-2-11:2022,IEC,explicit,none,AMENDING
32023D0600,2023-03-13,2023,EN 60335-2-30:2009,IEC,inferred-60000,none,AMENDING
32023D0600,2023-03-13,2023,EN 60335-2-30:2009,IEC,inferred-60000,none,AMENDING
32023D0600,2023-03-13,2023,EN 60335-2-30:2009,IEC,inferred-60000,none,AMENDING
32023D0600,2023-03-13,2023,EN 60335-2-30:2009,IEC,inferred-60000,none,AMENDING
32023D0600,2023-03-13,2023,EN 60335-2-30:2009,IEC,inferred-60000,none,AMENDING
32023D0600,2023-03-13,2023,EN 60335-2-30:2009,IEC,inferred-60000,none,AMENDING
32023D0600,2023-03-13,2023,EN 60335-2-30:2009,IEC,inferred-60000,none,AMENDING
32023D0600,2023-03-13,2023,EN 60335-2-30:2009,IEC,inferred-60000,none,AMENDING
32023D0600,2023-03-13,2023,EN 62423:2012,IEC,inferred-60000,none,AMENDING
32023D0600,2023-03-13,2023,EN 62423:2012,IEC,inferred-60000,none,AMENDING
32023D0600,2023-03-13,2023,EN 62423:2012,IEC,inferred-60000,none,AMENDING
32023D0600,2023-03-13,2023,EN 60598-2-11:2013,IEC,inferred-60000,none,AMENDING
32023D0600,2023-03-13,2023,EN 60598-2-11:2013,IEC,inferred-60000,none,AMENDING
32023D0600,2023-03-13,2023,EN 60335-2-30:2009,IEC,inferred-60000,none,AMENDING
32023D0600,2023-03-13,2023,EN 62423:2012,IEC,inferred-60000,none,AMENDING
32023D0600,2023-03-13,2023,EN 60335-2-11:2010,IEC,inferred-60000,none,AMENDING
32023D0600,2023-03-13,2023,EN 60598-2-11:2013,IEC,inferred-60000,none,AMENDING
32023D0600,2023-03-13,2023,EN 60335-2-11:2010,IEC,inferred-60000,withdrawal,AMENDING
32023D0600,2023-03-13,2023,EN 60335-2-11:2010,IEC,inferred-60000,withdrawal,AMENDING
32023D0600,2023-03-13,2023,EN 60335-2-11:2010,IEC,inferred-60000,withdrawal,AMENDING
32023D0600,2023-03-13,2023,EN 60335-2-30:2009,IEC,inferred-60000,withdrawal,AMENDING
32023D0600,2023-03-13,2023,EN 60335-2-30:2009,IEC,inferred-60000,withdrawal,AMENDING
32023D0600,2023-03-13,2023,EN 60335-2-30:2009,IEC,inferred-60000,withdrawal,AMENDING
32023D0600,2023-03-13,2023,EN 60335-2-30:2009,IEC,inferred-60000,withdrawal,AMENDING
32023D0600,2023-03-13,2023,EN 60335-2-30:2009,IEC,inferred-60000,withdrawal,AMENDING
32023D0600,2023-03-13,2023,EN 60335-2-30:2009,IEC,inferred-60000,withdrawal,AMENDING
32023D0600,2023-03-13,2023,EN 62423:2012,IEC,inferred-60000,withdrawal,AMENDING
32023D0600,2023-03-13,2023,EN 62423:2012,IEC,inferred-60000,withdrawal,AMENDING
32023D0600,2023-03-13,2023,EN 60598-2-11:2013,IEC,inferred-60000,withdrawal,AMENDING
32023D0600,2023-03-13,2023,EN 60335-2-30:2009,IEC,inferred-60000,addition,AMENDING
32023D0600,2023-03-13,2023,EN 60335-2-30:2009,IEC,inferred-60000,addition,AMENDING
32023D0600,2023-03-13,2023,EN 60335-2-30:2009,IEC,inferred-60000,addition,AMENDING
32023D0600,2023-03-13,2023,EN 60335-2-30:2009,IEC,inferred-60000,addition,AMENDING
32023D0600,2023-03-13,2023,EN 60335-2-30:2009,IEC,inferred-60000,addition,AMENDING
32023D0600,2023-03-13,2023,EN 60335-2-30:2009,IEC,inferred-60000,addition,AMENDING
32023D0600,2023-03-13,2023,EN 60335-2-30:2009,IEC,inferred-60000,addition,AMENDING
32023D0600,2023-03-13,2023,EN 60335-2-30:2009,IEC,inferred-60000,addition,AMENDING
32023D0600,2023-03-13,2023,EN 62423:2012,IEC,inferred-60000,addition,AMENDING
32023D0600,2023-03-13,2023,EN 62423:2012,IEC,inferred-60000,addition,AMENDING
32023D0600,2023-03-13,2023,EN 62423:2012,IEC,inferred-60000,addition,AMENDING
32023D0600,2023-03-13,2023,EN IEC 60335-2-11:2022,IEC,explicit,addition,AMENDING
32023D0600,2023-03-13,2023,EN IEC 60335-2-11:2022,IEC,explicit,addition,AMENDING
32023D0600,2023-03-13,2023,EN 60598-2-11:2013,IEC,inferred-60000,addition,AMENDING
32023D0600,2023-03-13,2023,EN 60598-2-11:2013,IEC,inferred-60000,addition,AMENDING
32023D0600,2023-03-13,2023,EN 60335-2-11:2010,IEC,inferred-60000,addition,AMENDING
32023D0600,2023-03-13,2023,EN 60335-2-11:2010,IEC,inferred-60000,addition,AMENDING
32023D0600,2023-03-13,2023,EN 60335-2-11:2010,IEC,inferred-60000,addition,AMENDING
32023D0600,2023-03-13,2023,EN 60598-2-11:2013,IEC,inferred-60000,addition,AMENDING
32023D0601,2023-03-13,2023,EN 17348:2022,CEN,number,none,AMENDING
32023D0601,2023-03-13,2023,EN 60079-29-1:2016,IEC,inferred-60000,none,AMENDING
32023D0601,2023-03-13,2023,EN 60079-29-1:2016,IEC,inferred-60000,none,AMENDING
32023D0601,2023-03-13,2023,EN 60079-29-1:2016,IEC,inferred-60000,none,AMENDING
32023D0601,2023-03-13,2023,EN 17348:2022,CEN,number,none,AMENDING
32023D0601,2023-03-13,2023,EN 60079-29-1:2016,IEC,inferred-60000,none,AMENDING
32023D0601,2023-03-13,2023,EN 60079-29-1:2016,IEC,inferred-60000,none,AMENDING
32023D0601,2023-03-13,2023,EN 60079-29-1:2016,IEC,inferred-60000,none,AMENDING
32023D0601,2023-03-13,2023,EN 17348:2022,CEN,number,none,AMENDING
32023D0601,2023-03-13,2023,EN 60079-29-1:2016,IEC,inferred-60000,none,AMENDING
32023D0601,2023-03-13,2023,EN 60079-29-1:2016,IEC,inferred-60000,none,AMENDING
32023D0601,2023-03-13,2023,EN 60079-29-1:2016,IEC,inferred-60000,none,AMENDING
32023D0601,2023-03-13,2023,EN 60079-29-1:2016,IEC,inferred-60000,none,AMENDING
32023D0601,2023-03-13,2023,EN 17348:2022,CEN,number,none,AMENDING
32023D0601,2023-03-13,2023,EN 60079-29-1:2016,IEC,inferred-60000,none,AMENDING
32023D0601,2023-03-13,2023,EN 60079-29-1:2016,IEC,inferred-60000,none,AMENDING
32023D0601,2023-03-13,2023,EN 60079-29-1:2016,IEC,inferred-60000,none,AMENDING
32023D0601,2023-03-13,2023,EN 60079-29-1:2016,IEC,inferred-60000,none,AMENDING
32023D0601,2023-03-13,2023,EN 60079-29-1:2016,IEC,inferred-60000,none,AMENDING
32023D0601,2023-03-13,2023,EN 60079-29-1:2016,IEC,inferred-60000,none,AMENDING
32023D0601,2023-03-13,2023,EN 60079-29-1:2016,IEC,inferred-60000,none,AMENDING
32023D0601,2023-03-13,2023,EN 60079-29-1:2016,IEC,inferred-60000,none,AMENDING
32023D0601,2023-03-13,2023,EN 60079-29-1:2016,IEC,inferred-60000,addition,AMENDING
32023D0601,2023-03-13,2023,EN 60079-29-1:2016,IEC,inferred-60000,addition,AMENDING
32023D0601,2023-03-13,2023,EN 60079-29-1:2016,IEC,inferred-60000,addition,AMENDING
32023D0601,2023-03-13,2023,EN 17348:2022,CEN,number,addition,AMENDING
32023D0740,2023-04-04,2023,EN 71-13:2021,CEN,number,none,FULL_LIST
32023D0740,2023-04-04,2023,EN 71-13:2021+A1:2022,CEN,number,none,FULL_LIST
32023D0740,2023-04-04,2023,EN 71-13:2021+A1:2022,CEN,number,none,FULL_LIST
32023D0740,2023-04-04,2023,EN 71-13:2021,CEN,number,none,FULL_LIST
32023D0740,2023-04-04,2023,EN 71-13:2021+A1:2022,CEN,number,none,FULL_LIST
32023D0740,2023-04-04,2023,EN 71-13:2021+A1:2022,CEN,number,none,FULL_LIST
32023D0740,2023-04-04,2023,EN 71-13:2021+A1:2022,CEN,number,none,FULL_LIST
32023D0740,2023-04-04,2023,EN 71-13:2021,CEN,number,none,FULL_LIST
32023D0740,2023-04-04,2023,EN 71-1:2014+A1:2018,CEN,number,none,FULL_LIST
32023D0740,2023-04-04,2023,EN 71-2:2020,CEN,number,none,FULL_LIST
32023D0740,2023-04-04,2023,EN 71-3:2019+A1:2021,CEN,number,none,FULL_LIST
32023D0740,2023-04-04,2023,EN 71-4:2020,CEN,number,none,FULL_LIST
32023D0740,2023-04-04,2023,EN 71-5:2015,CEN,number,none,FULL_LIST
32023D0740,2023-04-04,2023,EN 71-7:2014+A3:2020,CEN,number,none,FULL_LIST
32023D0740,2023-04-04,2023,EN 71-8:2018,CEN,number,none,FULL_LIST
32023D0740,2023-04-04,2023,EN 71-12:2016,CEN,number,none,FULL_LIST
32023D0740,2023-04-04,2023,EN 71-12:2016,CEN,number,none,FULL_LIST
32023D0740,2023-04-04,2023,EN 71-12:2016,CEN,number,none,FULL_LIST
32023D0740,2023-04-04,2023,EN 71-13:2021+A1:2022,CEN,number,none,FULL_LIST
32023D0740,2023-04-04,2023,EN 71-14:2018,CEN,number,none,FULL_LIST
32023D0740,2023-04-04,2023,EN IEC 62115:2020,IEC,explicit,none,FULL_LIST
32023D0740,2023-04-04,2023,EN IEC 62115:2020,IEC,explicit,none,FULL_LIST
32023D0941,2023-05-02,2023,EN 13138-1:2021,CEN,number,none,FULL_LIST
32023D0941,2023-05-02,2023,EN 13138-1:2021,CEN,number,none,FULL_LIST
32023D0941,2023-05-02,2023,EN 17520:2021,CEN,number,none,FULL_LIST
32023D0941,2023-05-02,2023,EN ISO 16321-2:2021,ISO,explicit,none,FULL_LIST
32023D0941,2023-05-02,2023,EN 166:2001,CEN,number,none,FULL_LIST
32023D0941,2023-05-02,2023,EN 169:2002,CEN,number,none,FULL_LIST
32023D0941,2023-05-02,2023,EN 170:2002,CEN,number,none,FULL_LIST
32023D0941,2023-05-02,2023,EN 171:2002,CEN,number,none,FULL_LIST
32023D0941,2023-05-02,2023,EN 172:1994,CEN,number,none,FULL_LIST
32023D0941,2023-05-02,2023,EN 172:1994,CEN,number,none,FULL_LIST
32023D0941,2023-05-02,2023,EN 172:1994,CEN,number,none,FULL_LIST
32023D0941,2023-05-02,2023,EN 174:2001,CEN,number,none,FULL_LIST
32023D0941,2023-05-02,2023,EN 379:2003+A1:2009,CEN,number,none,FULL_LIST
32023D0941,2023-05-02,2023,EN 1731:2006,CEN,number,none,FULL_LIST
32023D0941,2023-05-02,2023,EN ISO 20345:2011,ISO,explicit,none,FULL_LIST
32023D0941,2023-05-02,2023,EN ISO 16321-1:2022,ISO,explicit,none,FULL_LIST
32023D0941,2023-05-02,2023,EN ISO 16321-3:2022,ISO,explicit,none,FULL_LIST
32023D0941,2023-05-02,2023,EN ISO 18527-1:2022,ISO,explicit,none,FULL_LIST
32023D0941,2023-05-02,2023,EN ISO 20345:2022,ISO,explicit,none,FULL_LIST
32023D0941,2023-05-02,2023,EN 13138-1:2021,CEN,number,none,FULL_LIST
32023D0941,2023-05-02,2023,EN 1318-1:2021,CEN,number,none,FULL_LIST
32023D0941,2023-05-02,2023,EN ISO 16321-1:2022,ISO,explicit,none,FULL_LIST
32023D0941,2023-05-02,2023,EN ISO 16321-2:2021,ISO,explicit,none,FULL_LIST
32023D0941,2023-05-02,2023,EN ISO 16321-3:2022,ISO,explicit,none,FULL_LIST
32023D0941,2023-05-02,2023,EN 17520:2021,CEN,number,none,FULL_LIST
32023D0941,2023-05-02,2023,EN ISO 18527-1:2022,ISO,explicit,none,FULL_LIST
32023D0941,2023-05-02,2023,EN ISO 20345:2022,ISO,explicit,none,FULL_LIST
32023D0941,2023-05-02,2023,EN ISO 16321-2:2021,ISO,explicit,none,FULL_LIST
32023D0941,2023-05-02,2023,EN ISO 16321-3:2022,ISO,explicit,none,FULL_LIST
32023D0941,2023-05-02,2023,EN ISO 16321-1:2020,ISO,explicit,none,FULL_LIST
32023D0941,2023-05-02,2023,EN 166:2001,CEN,number,none,FULL_LIST
32023D0941,2023-05-02,2023,EN 169:2002,CEN,number,none,FULL_LIST
32023D0941,2023-05-02,2023,EN 170:2002,CEN,number,none,FULL_LIST
32023D0941,2023-05-02,2023,EN 172:1994,CEN,number,none,FULL_LIST
32023D0941,2023-05-02,2023,EN 172:1994,CEN,number,none,FULL_LIST
32023D0941,2023-05-02,2023,EN 172:1994,CEN,number,none,FULL_LIST
32023D0941,2023-05-02,2023,EN 174:2001,CEN,number,none,FULL_LIST
32023D0941,2023-05-02,2023,EN 379:2003+A1:2009,CEN,number,none,FULL_LIST
32023D0941,2023-05-02,2023,EN 1731:2006,CEN,number,none,FULL_LIST
32023D0941,2023-05-02,2023,EN ISO 20345:2011,ISO,explicit,none,FULL_LIST
32023D0941,2023-05-02,2023,EN 136:1998,CEN,number,withdrawal,FULL_LIST
32023D0941,2023-05-02,2023,EN 136:1998,CEN,number,withdrawal,FULL_LIST
32023D0941,2023-05-02,2023,EN 137:2006,CEN,number,withdrawal,FULL_LIST
32023D0941,2023-05-02,2023,EN 140:1998,CEN,number,withdrawal,FULL_LIST
32023D0941,2023-05-02,2023,EN 140:1998,CEN,number,withdrawal,FULL_LIST
32023D0941,2023-05-02,2023,EN 142:2002,CEN,number,withdrawal,FULL_LIST
32023D0941,2023-05-02,2023,EN 143:2021,CEN,number,withdrawal,FULL_LIST
32023D0941,2023-05-02,2023,EN 144-1:2000,CEN,number,withdrawal,FULL_LIST
32023D0941,2023-05-02,2023,EN 144-1:2000,CEN,number,withdrawal,FULL_LIST
32023D0941,2023-05-02,2023,EN 144-1:2000,CEN,number,withdrawal,FULL_LIST
32023D0941,2023-05-02,2023,EN 144-2:1998,CEN,number,withdrawal,FULL_LIST
32023D0941,2023-05-02,2023,EN 144-3:2003,CEN,number,withdrawal,FULL_LIST
32023D0941,2023-05-02,2023,EN 144-3:2003,CEN,number,withdrawal,FULL_LIST
32023D0941,2023-05-02,2023,EN 145:1997,CEN,number,withdrawal,FULL_LIST
32023D0941,2023-05-02,2023,EN 145:1997,CEN,number,withdrawal,FULL_LIST
32023D0941,2023-05-02,2023,EN 148-1:1999,CEN,number,withdrawal,FULL_LIST
32023D0941,2023-05-02,2023,EN 148-2:1999,CEN,number,withdrawal,FULL_LIST
32023D0941,2023-05-02,2023,EN 148-3:1999,CEN,number,withdrawal,FULL_LIST
32023D0941,2023-05-02,2023,EN 149:2001+A1:2009,CEN,number,withdrawal,FULL_LIST
32023D0941,2023-05-02,2023,EN 175:1997,CEN,number,withdrawal,FULL_LIST
32023D0941,2023-05-02,2023,EN 207:2017,CEN,number,withdrawal,FULL_LIST
32023D0941,2023-05-02,2023,EN 208:2009,CEN,number,withdrawal,FULL_LIST
32023D0941,2023-05-02,2023,EN 250:2014,CEN,number,withdrawal,FULL_LIST
32023D0941,2023-05-02,2023,EN 342:2017,CEN,number,withdrawal,FULL_LIST
32023D0941,2023-05-02,2023,EN 343:2019,CEN,number,withdrawal,FULL_LIST
32023D0941,2023-05-02,2023,EN 352-1:2020,CEN,number,withdrawal,FULL_LIST
32023D0941,2023-05-02,2023,EN 352-2:2020,CEN,number,withdrawal,FULL_LIST
32023D0941,2023-05-02,2023,EN 352-3:2020,CEN,number,withdrawal,FULL_LIST
32023D0941,2023-05-02,2023,EN 352-4:2020,CEN,number,withdrawal,FULL_LIST
32023D0941,2023-05-02,2023,EN 352-5:2020,CEN,number,withdrawal,FULL_LIST
32023D0941,2023-05-02,2023,EN 352-6:2020,CEN,number,withdrawal,FULL_LIST
32023D0941,2023-05-02,2023,EN 352-7:2020,CEN,number,withdrawal,FULL_LIST
32023D0941,2023-05-02,2023,EN 352-8:2020,CEN,number,withdrawal,FULL_LIST
32023D0941,2023-05-02,2023,EN 352-9:2020,CEN,number,withdrawal,FULL_LIST
32023D0941,2023-05-02,2023,EN 352-10:2020,CEN,number,withdrawal,FULL_LIST
32023D0941,2023-05-02,2023,EN 353-1:2014+A1:2017,CEN,number,withdrawal,FULL_LIST
32023D0941,2023-05-02,2023,EN 353-2:2002,CEN,number,withdrawal,FULL_LIST
32023D0941,2023-05-02,2023,EN 354:2010,CEN,number,withdrawal,FULL_LIST
32023D0941,2023-05-02,2023,EN 355:2002,CEN,number,withdrawal,FULL_LIST
32023D0941,2023-05-02,2023,EN 358:2018,CEN,number,withdrawal,FULL_LIST
32023D0941,2023-05-02,2023,EN 360:2002,CEN,number,withdrawal,FULL_LIST
32023D0941,2023-05-02,2023,EN 361:2002,CEN,number,withdrawal,FULL_LIST
32023D0941,2023-05-02,2023,EN 362:2004,CEN,number,withdrawal,FULL_LIST
32023D0941,2023-05-02,2023,EN 365:2004,CEN,number,withdrawal,FULL_LIST
32023D0941,2023-05-02,2023,EN 365:2004,CEN,number,withdrawal,FULL_LIST
32023D0941,2023-05-02,2023,EN ISO 374-1:2016,ISO,explicit,withdrawal,FULL_LIST
32023D0941,2023-05-02,2023,EN ISO 374-5:2016,ISO,explicit,withdrawal,FULL_LIST
32023D0941,2023-05-02,2023,EN 388:2016+A1:2018,CEN,number,withdrawal,FULL_LIST
32023D0941,2023-05-02,2023,EN 397:2012+A1:2012,CEN,number,withdrawal,FULL_LIST
32023D0941,2023-05-02,2023,EN 402:2003,CEN,number,withdrawal,FULL_LIST
32023D0941,2023-05-02,2023,EN 403:2004,CEN,number,withdrawal,FULL_LIST
32023D0941,2023-05-02,2023,EN 404:2005,CEN,number,withdrawal,FULL_LIST
32023D0941,2023-05-02,2023,EN 405:2001+A1:2009,CEN,number,withdrawal,FULL_LIST
32023D0941,2023-05-02,2023,EN 407:2004,CEN,number,withdrawal,FULL_LIST
32023D0941,2023-05-02,2023,EN 420:2003+A1:2009,CEN,number,withdrawal,FULL_LIST
32023D0941,2023-05-02,2023,EN 421:2010,CEN,number,withdrawal,FULL_LIST
32023D0941,2023-05-02,2023,EN 443:2008,CEN,number,withdrawal,FULL_LIST
32023D0941,2023-05-02,2023,EN 469:2020,CEN,number,withdrawal,FULL_LIST
32023D0941,2023-05-02,2023,EN 510:2019,CEN,number,withdrawal,FULL_LIST
32023D0941,2023-05-02,2023,EN 511:2006,CEN,number,withdrawal,FULL_LIST
32023D0941,2023-05-02,2023,EN 564:2014,CEN,number,withdrawal,FULL_LIST
32023D0941,2023-05-02,2023,EN 565:2017,CEN,number,withdrawal,FULL_LIST
32023D0941,2023-05-02,2023,EN 566:2017,CEN,number,withdrawal,FULL_LIST
32023D0941,2023-05-02,2023,EN 567:2013,CEN,number,withdrawal,FULL_LIST
32023D0941,2023-05-02,2023,EN 568:2015,CEN,number,withdrawal,FULL_LIST
32023D0941,2023-05-02,2023,EN 569:2007,CEN,number,withdrawal,FULL_LIST
32023D0941,2023-05-02,2023,EN 659:2003+A1:2008,CEN,number,withdrawal,FULL_LIST
32023D0941,2023-05-02,2023,EN 659:2003+A1:2008,CEN,number,withdrawal,FULL_LIST
32023D0941,2023-05-02,2023,EN 795:2012,CEN,number,withdrawal,FULL_LIST
32023D0941,2023-05-02,2023,EN 812:2012,CEN,number,withdrawal,FULL_LIST
32023D0941,2023-05-02,2023,EN 813:2008,CEN,number,withdrawal,FULL_LIST
32023D0941,2023-05-02,2023,EN 893:2019,CEN,number,withdrawal,FULL_LIST
32023D0941,2023-05-02,2023,EN 943-1:2015+A1:2019,CEN,number,withdrawal,FULL_LIST
32023D0941,2023-05-02,2023,EN 943-2:2019,CEN,number,withdrawal,FULL_LIST
32023D0941,2023-05-02,2023,EN 958:2017,CEN,number,withdrawal,FULL_LIST
32023D0941,2023-05-02,2023,EN 966:2012+A1:2012,CEN,number,withdrawal,FULL_LIST
32023D0941,2023-05-02,2023,EN 1073-1:2016+A1:2018,CEN,number,withdrawal,FULL_LIST
32023D0941,2023-05-02,2023,EN 1073-2:2002,CEN,number,withdrawal,FULL_LIST
32023D0941,2023-05-02,2023,EN 1077:2007,CEN,number,withdrawal,FULL_LIST
32023D0941,2023-05-02,2023,EN 1078:2012+A1:2012,CEN,number,withdrawal,FULL_LIST
32023D0941,2023-05-02,2023,EN 1080:2013,CEN,number,withdrawal,FULL_LIST
32023D0941,2023-05-02,2023,EN 1082-1:1996,CEN,number,withdrawal,FULL_LIST
32023D0941,2023-05-02,2023,EN 1082-2:2000,CEN,number,withdrawal,FULL_LIST
32023D0941,2023-05-02,2023,EN 1146:2005,CEN,number,withdrawal,FULL_LIST
32023D0941,2023-05-02,2023,EN 1149-5:2018,CEN,number,withdrawal,FULL_LIST
32023D0941,2023-05-02,2023,EN 1385:2012,CEN,number,withdrawal,FULL_LIST
32023D0941,2023-05-02,2023,EN 1486:2007,CEN,number,withdrawal,FULL_LIST
32023D0941,2023-05-02,2023,EN 1497:2007,CEN,number,withdrawal,FULL_LIST
32023D0941,2023-05-02,2023,EN 1827:1999+A1:2009,CEN,number,withdrawal,FULL_LIST
32023D0941,2023-05-02,2023,EN 1891:1998,CEN,number,withdrawal,FULL_LIST
32023D0941,2023-05-02,2023,EN 1938:2010,CEN,number,withdrawal,FULL_LIST
32023D0941,2023-05-02,2023,EN ISO 10819:2013,ISO,explicit,withdrawal,FULL_LIST
32023D0941,2023-05-02,2023,EN ISO 10819:2013,ISO,explicit,withdrawal,FULL_LIST
32023D0941,2023-05-02,2023,EN ISO 10862:2009,ISO,explicit,withdrawal,FULL_LIST
32023D0941,2023-05-02,2023,EN ISO 11393-2:2019,ISO,explicit,withdrawal,FULL_LIST
32023D0941,2023-05-02,2023,EN ISO 11393-4:2019,ISO,explicit,withdrawal,FULL_LIST
32023D0941,2023-05-02,2023,EN ISO 11393-5:2019,ISO,explicit,withdrawal,FULL_LIST
32023D0941,2023-05-02,2023,EN ISO 11393-6:2019,ISO,explicit,withdrawal,FULL_LIST
32023D0941,2023-05-02,2023,EN 12021:2014,CEN,number,withdrawal,FULL_LIST
32023D0941,2023-05-02,2023,EN 12083:1998,CEN,number,withdrawal,FULL_LIST
32023D0941,2023-05-02,2023,EN 12083:1998,CEN,number,withdrawal,FULL_LIST
32023D0941,2023-05-02,2023,EN 12270:2013,CEN,number,withdrawal,FULL_LIST
32023D0941,2023-05-02,2023,EN 12275:2013,CEN,number,withdrawal,FULL_LIST
32023D0941,2023-05-02,2023,EN 12276:2013,CEN,number,withdrawal,FULL_LIST
32023D0941,2023-05-02,2023,EN 12277:2015+A1:2018,CEN,number,withdrawal,FULL_LIST
32023D0941,2023-05-02,2023,EN 12278:2007,CEN,number,withdrawal,FULL_LIST
32023D0941,2023-05-02,2023,EN ISO 12312-1:2013,ISO,explicit,withdrawal,FULL_LIST
32023D0941,2023-05-02,2023,EN ISO 12312-1:2013,ISO,explicit,withdrawal,FULL_LIST
32023D0941,2023-05-02,2023,EN ISO 12312-2:2015,ISO,explicit,withdrawal,FULL_LIST
32023D0941,2023-05-02,2023,EN ISO 12401:2009,ISO,explicit,withdrawal,FULL_LIST
32023D0941,2023-05-02,2023,EN ISO 12402-2:2020,ISO,explicit,withdrawal,FULL_LIST
32023D0941,2023-05-02,2023,EN ISO 12402-3:2020,ISO,explicit,withdrawal,FULL_LIST
32023D0941,2023-05-02,2023,EN ISO 12402-4:2020,ISO,explicit,withdrawal,FULL_LIST
32023D0941,2023-05-02,2023,EN ISO 12402-5:2020,ISO,explicit,withdrawal,FULL_LIST
32023D0941,2023-05-02,2023,EN ISO 12402-6:2020,ISO,explicit,withdrawal,FULL_LIST
32023D0941,2023-05-02,2023,EN ISO 12402-8:2020,ISO,explicit,withdrawal,FULL_LIST
32023D0941,2023-05-02,2023,EN 12477:2001,CEN,number,withdrawal,FULL_LIST
32023D0941,2023-05-02,2023,EN 12477:2001,CEN,number,withdrawal,FULL_LIST
32023D0941,2023-05-02,2023,EN 12492:2012,CEN,number,withdrawal,FULL_LIST
32023D0941,2023-05-02,2023,EN 12841:2006,CEN,number,withdrawal,FULL_LIST
32023D0941,2023-05-02,2023,EN 12941:1998,CEN,number,withdrawal,FULL_LIST
32023D0941,2023-05-02,2023,EN 12941:1998,CEN,number,withdrawal,FULL_LIST
32023D0941,2023-05-02,2023,EN 12941:1998,CEN,number,withdrawal,FULL_LIST
32023D0941,2023-05-02,2023,EN 12942:1998,CEN,number,withdrawal,FULL_LIST
32023D0941,2023-05-02,2023,EN 12942:1998,CEN,number,withdrawal,FULL_LIST
32023D0941,2023-05-02,2023,EN 12942:1998,CEN,number,withdrawal,FULL_LIST
32023D0941,2023-05-02,2023,EN 13034:2005+A1:2009,CEN,number,withdrawal,FULL_LIST
32023D0941,2023-05-02,2023,EN 13061:2009,CEN,number,withdrawal,FULL_LIST
32023D0941,2023-05-02,2023,EN 13138-1:2021,CEN,number,withdrawal,FULL_LIST
32023D0941,2023-05-02,2023,EN 13138-1:2021,CEN,number,withdrawal,FULL_LIST
32023D0941,2023-05-02,2023,EN 13158:2018,CEN,number,withdrawal,FULL_LIST
32023D0941,2023-05-02,2023,EN 13178:2000,CEN,number,withdrawal,FULL_LIST
32023D0941,2023-05-02,2023,EN 13277-1:2000,CEN,number,withdrawal,FULL_LIST
32023D0941,2023-05-02,2023,EN 13277-2:2000,CEN,number,withdrawal,FULL_LIST
32023D0941,2023-05-02,2023,EN 13277-3:2013,CEN,number,withdrawal,FULL_LIST
32023D0941,2023-05-02,2023,EN 13277-4:2001,CEN,number,withdrawal,FULL_LIST
32023D0941,2023-05-02,2023,EN 13277-4:2001,CEN,number,withdrawal,FULL_LIST
32023D0941,2023-05-02,2023,EN 13277-5:2002,CEN,number,withdrawal,FULL_LIST
32023D0941,2023-05-02,2023,EN 13277-6:2003,CEN,number,withdrawal,FULL_LIST
32023D0941,2023-05-02,2023,EN 13277-7:2009,CEN,number,withdrawal,FULL_LIST
32023D0941,2023-05-02,2023,EN 13277-8:2017,CEN,number,withdrawal,FULL_LIST
32023D0941,2023-05-02,2023,EN 13484:2012,CEN,number,withdrawal,FULL_LIST
32023D0941,2023-05-02,2023,EN 13546:2002+A1:2007,CEN,number,withdrawal,FULL_LIST
32023D0941,2023-05-02,2023,EN 13567:2002+A1:2007,CEN,number,withdrawal,FULL_LIST
32023D0941,2023-05-02,2023,EN 13594:2015,CEN,number,withdrawal,FULL_LIST
32023D0941,2023-05-02,2023,EN 13634:2017,CEN,number,withdrawal,FULL_LIST
32023D0941,2023-05-02,2023,EN ISO 13688:2013,ISO,explicit,withdrawal,FULL_LIST
32023D0941,2023-05-02,2023,EN ISO 13688:2013,ISO,explicit,withdrawal,FULL_LIST
32023D0941,2023-05-02,2023,EN 13781:2012,CEN,number,withdrawal,FULL_LIST
32023D0941,2023-05-02,2023,EN 13794:2002,CEN,number,withdrawal,FULL_LIST
32023D0941,2023-05-02,2023,EN 13832-2:2018,CEN,number,withdrawal,FULL_LIST
32023D0941,2023-05-02,2023,EN 13832-3:2018,CEN,number,withdrawal,FULL_LIST
32023D0941,2023-05-02,2023,EN 13949:2003,CEN,number,withdrawal,FULL_LIST
32023D0941,2023-05-02,2023,EN ISO 13982-1:2004,ISO,explicit,withdrawal,FULL_LIST
32023D0941,2023-05-02,2023,EN ISO 13982-1:2004,ISO,explicit,withdrawal,FULL_LIST
32023D0941,2023-05-02,2023,EN ISO 13998:2003,ISO,explicit,withdrawal,FULL_LIST
32023D0941,2023-05-02,2023,EN 14021:2003,CEN,number,withdrawal,FULL_LIST
32023D0941,2023-05-02,2023,EN 14052:2012+A1:2012,CEN,number,withdrawal,FULL_LIST
32023D0941,2023-05-02,2023,EN 14058:2017,CEN,number,withdrawal,FULL_LIST
32023D0941,2023-05-02,2023,EN 14120:2003+A1:2007,CEN,number,withdrawal,FULL_LIST
32023D0941,2023-05-02,2023,EN 14126:2003,CEN,number,withdrawal,FULL_LIST
32023D0941,2023-05-02,2023,EN 14126:2003,CEN,number,withdrawal,FULL_LIST
32023D0941,2023-05-02,2023,EN 14143:2013,CEN,number,withdrawal,FULL_LIST
32023D0941,2023-05-02,2023,EN 14225-1:2017,CEN,number,withdrawal,FULL_LIST
32023D0941,2023-05-02,2023,EN 14225-2:2017,CEN,number,withdrawal,FULL_LIST
32023D0941,2023-05-02,2023,EN 14225-3:2017,CEN,number,withdrawal,FULL_LIST
32023D0941,2023-05-02,2023,EN 14328:2005,CEN,number,withdrawal,FULL_LIST
32023D0941,2023-05-02,2023,EN 14387:2004+A1:2008,CEN,number,withdrawal,FULL_LIST
32023D0941,2023-05-02,2023,EN 14435:2004,CEN,number,withdrawal,FULL_LIST
32023D0941,2023-05-02,2023,EN 14458:2018,CEN,number,withdrawal,FULL_LIST
32023D0941,2023-05-02,2023,EN ISO 14460:1999,ISO,explicit,withdrawal,FULL_LIST
32023D0941,2023-05-02,2023,EN ISO 14460:1999,ISO,explicit,withdrawal,FULL_LIST
32023D0941,2023-05-02,2023,EN ISO 14460:1999,ISO,explicit,withdrawal,FULL_LIST
32023D0941,2023-05-02,2023,EN 14529:2005,CEN,number,withdrawal,FULL_LIST
32023D0941,2023-05-02,2023,EN 14593-1:2005,CEN,number,withdrawal,FULL_LIST
32023D0941,2023-05-02,2023,EN 14594:2018,CEN,number,withdrawal,FULL_LIST
32023D0941,2023-05-02,2023,EN 14605:2005+A1:2009,CEN,number,withdrawal,FULL_LIST
32023D0941,2023-05-02,2023,EN ISO 14877:2002,ISO,explicit,withdrawal,FULL_LIST
32023D0941,2023-05-02,2023,EN ISO 15027-1:2012,ISO,explicit,withdrawal,FULL_LIST
32023D0941,2023-05-02,2023,EN ISO 15027-2:2012,ISO,explicit,withdrawal,FULL_LIST
32023D0941,2023-05-02,2023,EN 15090:2012,CEN,number,withdrawal,FULL_LIST
32023D0941,2023-05-02,2023,EN 15151-1:2012,CEN,number,withdrawal,FULL_LIST
32023D0941,2023-05-02,2023,EN 15333-1:2008,CEN,number,withdrawal,FULL_LIST
32023D0941,2023-05-02,2023,EN 15333-1:2008,CEN,number,withdrawal,FULL_LIST
32023D0941,2023-05-02,2023,EN 15333-2:2009,CEN,number,withdrawal,FULL_LIST
32023D0941,2023-05-02,2023,EN 15613:2008,CEN,number,withdrawal,FULL_LIST
32023D0941,2023-05-02,2023,EN 16027:2011,CEN,number,withdrawal,FULL_LIST
32023D0941,2023-05-02,2023,EN ISO 16321-1:2022,ISO,explicit,withdrawal,FULL_LIST
32023D0941,2023-05-02,2023,EN ISO 16321-2:2021,ISO,explicit,withdrawal,FULL_LIST
32023D0941,2023-05-02,2023,EN ISO 16321-1:2020,ISO,explicit,withdrawal,FULL_LIST
32023D0941,2023-05-02,2023,EN ISO 16321-1:2022,ISO,explicit,withdrawal,FULL_LIST
32023D0941,2023-05-02,2023,EN ISO 16321-3:2022,ISO,explicit,withdrawal,FULL_LIST
32023D0941,2023-05-02,2023,EN ISO 16321-1:2020,ISO,explicit,withdrawal,FULL_LIST
32023D0941,2023-05-02,2023,EN ISO 16321-1:2022,ISO,explicit,withdrawal,FULL_LIST
32023D0941,2023-05-02,2023,EN 16350:2014,CEN,number,withdrawal,FULL_LIST
32023D0941,2023-05-02,2023,EN 16473:2014,CEN,number,withdrawal,FULL_LIST
32023D0941,2023-05-02,2023,EN 16716:2017,CEN,number,withdrawal,FULL_LIST
32023D0941,2023-05-02,2023,EN 17092-2:2020,CEN,number,withdrawal,FULL_LIST
32023D0941,2023-05-02,2023,EN 17092-3:2020,CEN,number,withdrawal,FULL_LIST
32023D0941,2023-05-02,2023,EN 17092-4:2020,CEN,number,withdrawal,FULL_LIST
32023D0941,2023-05-02,2023,EN 17092-5:2020,CEN,number,withdrawal,FULL_LIST
32023D0941,2023-05-02,2023,EN 17092-6:2020,CEN,number,withdrawal,FULL_LIST
32023D0941,2023-05-02,2023,EN 17109:2020,CEN,number,withdrawal,FULL_LIST
32023D0941,2023-05-02,2023,EN ISO 17249:2013,ISO,explicit,withdrawal,FULL_LIST
32023D0941,2023-05-02,2023,EN ISO 17249:2013,ISO,explicit,withdrawal,FULL_LIST
32023D0941,2023-05-02,2023,EN 17353:2020,CEN,number,withdrawal,FULL_LIST
32023D0941,2023-05-02,2023,EN 17520:2021,CEN,number,withdrawal,FULL_LIST
32023D0941,2023-05-02,2023,EN ISO 18527-1:2022,ISO,explicit,withdrawal,FULL_LIST
32023D0941,2023-05-02,2023,EN ISO 18527-2:2021,ISO,explicit,withdrawal,FULL_LIST
32023D0941,2023-05-02,2023,EN ISO 20320:2020,ISO,explicit,withdrawal,FULL_LIST
32023D0941,2023-05-02,2023,EN ISO 20345:2022,ISO,explicit,withdrawal,FULL_LIST
32023D0941,2023-05-02,2023,EN ISO 20346:2014,ISO,explicit,withdrawal,FULL_LIST
32023D0941,2023-05-02,2023,EN ISO 20347:2012,ISO,explicit,withdrawal,FULL_LIST
32023D0941,2023-05-02,2023,EN ISO 20349-1:2017,ISO,explicit,withdrawal,FULL_LIST
32023D0941,2023-05-02,2023,EN ISO 20349-1:2017,ISO,explicit,withdrawal,FULL_LIST
32023D0941,2023-05-02,2023,EN ISO 20349-2:2017,ISO,explicit,withdrawal,FULL_LIST
32023D0941,2023-05-02,2023,EN ISO 20349-2:2017,ISO,explicit,withdrawal,FULL_LIST
32023D0941,2023-05-02,2023,EN ISO 20471:2013,ISO,explicit,withdrawal,FULL_LIST
32023D0941,2023-05-02,2023,EN ISO 20471:2013,ISO,explicit,withdrawal,FULL_LIST
32023D0941,2023-05-02,2023,EN ISO 27065:2017,ISO,explicit,withdrawal,FULL_LIST
32023D0941,2023-05-02,2023,EN ISO 27065:2017,ISO,explicit,withdrawal,FULL_LIST
32023D0941,2023-05-02,2023,EN 50321-1:2018,CENELEC,number,withdrawal,FULL_LIST
32023D0941,2023-05-02,2023,EN 50321-1:2018,CENELEC,number,withdrawal,FULL_LIST
32023D0941,2023-05-02,2023,EN 61482-2:2020,IEC,inferred-60000,withdrawal,FULL_LIST
32023D0941,2023-05-02,2023,EN 143:2000,CEN,number,withdrawal,FULL_LIST
32023D0941,2023-05-02,2023,EN 143:2000,CEN,number,withdrawal,FULL_LIST
32023D0941,2023-05-02,2023,EN 143:2000,CEN,number,withdrawal,FULL_LIST
32023D0941,2023-05-02,2023,EN 166:2001,CEN,number,withdrawal,FULL_LIST
32023D0941,2023-05-02,2023,EN 169:2002,CEN,number,withdrawal,FULL_LIST
32023D0941,2023-05-02,2023,EN 170:2002,CEN,number,withdrawal,FULL_LIST
32023D0941,2023-05-02,2023,EN 172:1994,CEN,number,withdrawal,FULL_LIST
32023D0941,2023-05-02,2023,EN 172:1994,CEN,number,withdrawal,FULL_LIST
32023D0941,2023-05-02,2023,EN 172:1994,CEN,number,withdrawal,FULL_LIST
32023D0941,2023-05-02,2023,EN 174:2001,CEN,number,withdrawal,FULL_LIST
32023D0941,2023-05-02,2023,EN 352-1:2002,CEN,number,withdrawal,FULL_LIST
32023D0941,2023-05-02,2023,EN 352-2:2002,CEN,number,withdrawal,FULL_LIST
32023D0941,2023-05-02,2023,EN 352-3:2002,CEN,number,withdrawal,FULL_LIST
32023D0941,2023-05-02,2023,EN 352-4:2001,CEN,number,withdrawal,FULL_LIST
32023D0941,2023-05-02,2023,EN 352-4:2001,CEN,number,withdrawal,FULL_LIST
32023D0941,2023-05-02,2023,EN 352-5:2002,CEN,number,withdrawal,FULL_LIST
32023D0941,2023-05-02,2023,EN 352-5:2002,CEN,number,withdrawal,FULL_LIST
32023D0941,2023-05-02,2023,EN 352-6:2002,CEN,number,withdrawal,FULL_LIST
32023D0941,2023-05-02,2023,EN 352-7:2002,CEN,number,withdrawal,FULL_LIST
32023D0941,2023-05-02,2023,EN 352-8:2008,CEN,number,withdrawal,FULL_LIST
32023D0941,2023-05-02,2023,EN 379:2003+A1:2009,CEN,number,withdrawal,FULL_LIST
32023D0941,2023-05-02,2023,EN 1731:2006,CEN,number,withdrawal,FULL_LIST
32023D0941,2023-05-02,2023,EN ISO 13688:2013,ISO,explicit,withdrawal,FULL_LIST
32023D0941,2023-05-02,2023,EN ISO 20345:2011,ISO,explicit,withdrawal,FULL_LIST
32023D1410,2023-07-04,2023,EN ISO 25424:2019,ISO,explicit,none,AMENDING
32023D1410,2023-07-04,2023,EN ISO 10993-10:2013,ISO,explicit,none,AMENDING
32023D1410,2023-07-04,2023,EN ISO 25424:2019,ISO,explicit,none,AMENDING
32023D1410,2023-07-04,2023,EN ISO 25424:2019,ISO,explicit,none,AMENDING
32023D1410,2023-07-04,2023,EN ISO 10993-10:2023,ISO,explicit,none,AMENDING
32023D1410,2023-07-04,2023,EN ISO 25424:2019,ISO,explicit,none,AMENDING
32023D1410,2023-07-04,2023,EN ISO 25424:2019,ISO,explicit,none,AMENDING
32023D1410,2023-07-04,2023,EN ISO 10993-10:2023,ISO,explicit,none,AMENDING
32023D1410,2023-07-04,2023,EN ISO 25424:2019,ISO,explicit,none,AMENDING
32023D1410,2023-07-04,2023,EN ISO 25424:2019,ISO,explicit,none,AMENDING
32023D1410,2023-07-04,2023,EN ISO 10993-10:2023,ISO,explicit,none,AMENDING
32023D1410,2023-07-04,2023,EN ISO 25424:2019,ISO,explicit,none,AMENDING
32023D1410,2023-07-04,2023,EN ISO 25424:2019,ISO,explicit,none,AMENDING
32023D1410,2023-07-04,2023,EN ISO 10993-10:2023,ISO,explicit,none,AMENDING
32023D1410,2023-07-04,2023,EN ISO 25424:2019,ISO,explicit,none,AMENDING
32023D1410,2023-07-04,2023,EN ISO 25424:2019,ISO,explicit,none,AMENDING
32023D1410,2023-07-04,2023,EN ISO 10993-10:2023,ISO,explicit,none,AMENDING
32023D1410,2023-07-04,2023,EN ISO 25424:2019,ISO,explicit,addition,AMENDING
32023D1410,2023-07-04,2023,EN ISO 25424:2019,ISO,explicit,addition,AMENDING
32023D1410,2023-07-04,2023,EN ISO 10993-10:2023,ISO,explicit,addition,AMENDING
32023D1586,2023-07-26,2023,EN 280-2:2022,CEN,number,none,FULL_LIST
32023D1586,2023-07-26,2023,EN ISO 8528-10:2022,ISO,explicit,none,FULL_LIST
32023D1586,2023-07-26,2023,EN 12453:2017+A1:2021,CEN,number,none,FULL_LIST
32023D1586,2023-07-26,2023,EN 16517:2021,CEN,number,none,FULL_LIST
32023D1586,2023-07-26,2023,EN 17003:2021,CEN,number,none,FULL_LIST
32023D1586,2023-07-26,2023,EN 17088:2021,CEN,number,none,FULL_LIST
32023D1586,2023-07-26,2023,EN 17281:2021,CEN,number,none,FULL_LIST
32023D1586,2023-07-26,2023,EN 17348:2022,CEN,number,none,FULL_LIST
32023D1586,2023-07-26,2023,EN 17352:2022,CEN,number,none,FULL_LIST
32023D1586,2023-07-26,2023,EN 17624:2022,CEN,number,none,FULL_LIST
32023D1586,2023-07-26,2023,EN ISO 18063-2:2021,ISO,explicit,none,FULL_LIST
32023D1586,2023-07-26,2023,EN ISO 19085-15:2021,ISO,explicit,none,FULL_LIST
32023D1586,2023-07-26,2023,EN ISO 19472-2:2022,ISO,explicit,none,FULL_LIST
32023D1586,2023-07-26,2023,EN ISO 22291:2022,ISO,explicit,none,FULL_LIST
32023D1586,2023-07-26,2023,EN ISO 28927-13:2022,ISO,explicit,none,FULL_LIST
32023D1586,2023-07-26,2023,EN IEC 60335-2-41:2021,IEC,explicit,none,FULL_LIST
32023D1586,2023-07-26,2023,EN IEC 60335-2-41:2021,IEC,explicit,none,FULL_LIST
32023D1586,2023-07-26,2023,EN IEC 62841-3-5:2022,IEC,explicit,none,FULL_LIST
32023D1586,2023-07-26,2023,EN IEC 62841-3-5:2022,IEC,explicit,none,FULL_LIST
32023D1586,2023-07-26,2023,EN IEC 62841-3-7:2021,IEC,explicit,none,FULL_LIST
32023D1586,2023-07-26,2023,EN IEC 62841-3-7:2021,IEC,explicit,none,FULL_LIST
32023D1586,2023-07-26,2023,EN IEC 62841-4-5:2021,IEC,explicit,none,FULL_LIST
32023D1586,2023-07-26,2023,EN IEC 62841-4-5:2021,IEC,explicit,none,FULL_LIST
32023D1586,2023-07-26,2023,EN IEC 62841-4-7:2022,IEC,explicit,none,FULL_LIST
32023D1586,2023-07-26,2023,EN IEC 62841-4-7:2022,IEC,explicit,none,FULL_LIST
32023D1586,2023-07-26,2023,EN 280:2013+A1:2015,CEN,number,none,FULL_LIST
32023D1586,2023-07-26,2023,EN 303-5:2021,CEN,number,none,FULL_LIST
32023D1586,2023-07-26,2023,EN 415-3:1999+A1:2009,CEN,number,none,FULL_LIST
32023D1586,2023-07-26,2023,EN 474-1:2006+A6:2019,CEN,number,none,FULL_LIST
32023D1586,2023-07-26,2023,EN 474-2:2006+A1:2008,CEN,number,none,FULL_LIST
32023D1586,2023-07-26,2023,EN 474-3:2006+A1:2009,CEN,number,none,FULL_LIST
32023D1586,2023-07-26,2023,EN 474-4:2006+A2:2012,CEN,number,none,FULL_LIST
32023D1586,2023-07-26,2023,EN 474-5:2006+A3:2013,CEN,number,none,FULL_LIST
32023D1586,2023-07-26,2023,EN 474-6:2006+A1:2009,CEN,number,none,FULL_LIST
32023D1586,2023-07-26,2023,EN 474-7:2006+A1:2009,CEN,number,none,FULL_LIST
32023D1586,2023-07-26,2023,EN 474-8:2006+A1:2009,CEN,number,none,FULL_LIST
32023D1586,2023-07-26,2023,EN 474-9:2006+A1:2009,CEN,number,none,FULL_LIST
32023D1586,2023-07-26,2023,EN 474-10:2006+A1:2009,CEN,number,none,FULL_LIST
32023D1586,2023-07-26,2023,EN 474-11:2006+A1:2008,CEN,number,none,FULL_LIST
32023D1586,2023-07-26,2023,EN 474-12:2006+A1:2008,CEN,number,none,FULL_LIST
32023D1586,2023-07-26,2023,EN 500-4:2011,CEN,number,none,FULL_LIST
32023D1586,2023-07-26,2023,EN 528:2008,CEN,number,none,FULL_LIST
32023D1586,2023-07-26,2023,EN 619:2002+A1:2010,CEN,number,none,FULL_LIST
32023D1586,2023-07-26,2023,EN 620:2002+A1:2010,CEN,number,none,FULL_LIST
32023D1586,2023-07-26,2023,EN 703:2004+A1:2009,CEN,number,none,FULL_LIST
32023D1586,2023-07-26,2023,EN 710:1997+A1:2010,CEN,number,none,FULL_LIST
32023D1586,2023-07-26,2023,EN 710:1997+A1:2010,CEN,number,none,FULL_LIST
32023D1586,2023-07-26,2023,EN 746-3:1997+A1:2009,CEN,number,none,FULL_LIST
32023D1586,2023-07-26,2023,EN 1034-4:2005+A1:2009,CEN,number,none,FULL_LIST
32023D1586,2023-07-26,2023,EN 1807-1:2013,CEN,number,none,FULL_LIST
32023D1586,2023-07-26,2023,EN ISO 3691-6:2015,ISO,explicit,none,FULL_LIST
32023D1586,2023-07-26,2023,EN ISO 3691-6:2015,ISO,explicit,none,FULL_LIST
32023D1586,2023-07-26,2023,EN ISO 4254-1:2015,ISO,explicit,none,FULL_LIST
32023D1586,2023-07-26,2023,EN ISO 4254-6:2009,ISO,explicit,none,FULL_LIST
32023D1586,2023-07-26,2023,EN ISO 4254-6:2009,ISO,explicit,none,FULL_LIST
32023D1586,2023-07-26,2023,EN ISO 11850:2011,ISO,explicit,none,FULL_LIST
32023D1586,2023-07-26,2023,EN ISO 11850:2011,ISO,explicit,none,FULL_LIST
32023D1586,2023-07-26,2023,EN ISO 11680-1:2011,ISO,explicit,none,FULL_LIST
32023D1586,2023-07-26,2023,EN ISO 11680-2:2011,ISO,explicit,none,FULL_LIST
32023D1586,2023-07-26,2023,EN ISO 11681-1:2011,ISO,explicit,none,FULL_LIST
32023D1586,2023-07-26,2023,EN ISO 11681-2:2011,ISO,explicit,none,FULL_LIST
32023D1586,2023-07-26,2023,EN ISO 11681-2:2011,ISO,explicit,none,FULL_LIST
32023D1586,2023-07-26,2023,EN 12012-4:2006+A1:2008,CEN,number,none,FULL_LIST
32023D1586,2023-07-26,2023,EN 12158-1:2000+A1:2010,CEN,number,none,FULL_LIST
32023D1586,2023-07-26,2023,EN 12331:2003+A2:2010,CEN,number,none,FULL_LIST
32023D1586,2023-07-26,2023,EN 12355:2003+A1:2010,CEN,number,none,FULL_LIST
32023D1586,2023-07-26,2023,EN 12418:2000+A1:2009,CEN,number,none,FULL_LIST
32023D1586,2023-07-26,2023,EN 12750:2013,CEN,number,none,FULL_LIST
32023D1586,2023-07-26,2023,EN 13001-3-5:2016,CEN,number,none,FULL_LIST
32023D1586,2023-07-26,2023,EN 13019:2001+A1:2008,CEN,number,none,FULL_LIST
32023D1586,2023-07-26,2023,EN 13021:2003+A1:2008,CEN,number,none,FULL_LIST
32023D1586,2023-07-26,2023,EN 13524:2003+A2:2014,CEN,number,none,FULL_LIST
32023D1586,2023-07-26,2023,EN 13617-1:2012,CEN,number,none,FULL_LIST
32023D1586,2023-07-26,2023,EN 13732:2013,CEN,number,none,FULL_LIST
32023D1586,2023-07-26,2023,EN 13862:2001+A1:2009,CEN,number,none,FULL_LIST
32023D1586,2023-07-26,2023,EN 13870:2015,CEN,number,none,FULL_LIST
32023D1586,2023-07-26,2023,EN 13885:2005+A1:2010,CEN,number,none,FULL_LIST
32023D1586,2023-07-26,2023,EN 15163:2008,CEN,number,none,FULL_LIST
32023D1586,2023-07-26,2023,EN 15967:2011,CEN,number,none,FULL_LIST
32023D1586,2023-07-26,2023,EN 16228-1:2014,CEN,number,none,FULL_LIST
32023D1586,2023-07-26,2023,EN 16228-2:2014,CEN,number,none,FULL_LIST
32023D1586,2023-07-26,2023,EN 16228-3:2014,CEN,number,none,FULL_LIST
32023D1586,2023-07-26,2023,EN 16228-4:2014,CEN,number,none,FULL_LIST
32023D1586,2023-07-26,2023,EN 16228-5:2014,CEN,number,none,FULL_LIST
32023D1586,2023-07-26,2023,EN 16228-6:2014,CEN,number,none,FULL_LIST
32023D1586,2023-07-26,2023,EN 16228-7:2014,CEN,number,none,FULL_LIST
32023D1586,2023-07-26,2023,EN ISO 18217:2015,ISO,explicit,none,FULL_LIST
32023D1586,2023-07-26,2023,EN ISO 19085-2:2017,ISO,explicit,none,FULL_LIST
32023D1586,2023-07-26,2023,EN ISO 19085-3:2017,ISO,explicit,none,FULL_LIST
32023D1586,2023-07-26,2023,EN ISO 22867:2011,ISO,explicit,none,FULL_LIST
32023D1586,2023-07-26,2023,EN ISO 28881:2013,ISO,explicit,none,FULL_LIST
32023D1586,2023-07-26,2023,EN ISO 28881:2013,ISO,explicit,none,FULL_LIST
32023D1586,2023-07-26,2023,EN ISO 28927-1:2009,ISO,explicit,none,FULL_LIST
32023D1586,2023-07-26,2023,EN ISO 28927-1:2009,ISO,explicit,none,FULL_LIST
32023D1586,2023-07-26,2023,EN 60335-2-77:2010,IEC,inferred-60000,none,FULL_LIST
32023D1586,2023-07-26,2023,EN 60335-2-89:2010,IEC,inferred-60000,none,FULL_LIST
32023D1586,2023-07-26,2023,EN 60335-2-89:2010,IEC,inferred-60000,none,FULL_LIST
32023D1586,2023-07-26,2023,EN 60335-2-89:2010,IEC,inferred-60000,none,FULL_LIST
32023D1586,2023-07-26,2023,EN 62841-1:2015,IEC,inferred-60000,none,FULL_LIST
32023D1586,2023-07-26,2023,EN 62841-1:2015,IEC,inferred-60000,none,FULL_LIST
32023D1586,2023-07-26,2023,EN 60745-2-3:2011,IEC,inferred-60000,none,FULL_LIST
32023D1586,2023-07-26,2023,EN 60745-2-3:2011,IEC,inferred-60000,none,FULL_LIST
32023D1586,2023-07-26,2023,EN 60745-2-3:2011,IEC,inferred-60000,none,FULL_LIST
32023D1586,2023-07-26,2023,EN 60745-2-3:2011,IEC,inferred-60000,none,FULL_LIST
32023D1586,2023-07-26,2023,EN 60745-2-3:2011,IEC,inferred-60000,none,FULL_LIST
32023D1586,2023-07-26,2023,EN 280-1:2022,CEN,number,none,FULL_LIST
32023D1586,2023-07-26,2023,EN 303-5:2021+A1:2022,CEN,number,none,FULL_LIST
32023D1586,2023-07-26,2023,EN 415-3:2021,CEN,number,none,FULL_LIST
32023D1586,2023-07-26,2023,EN 474-1:2021,CEN,number,none,FULL_LIST
32023D1586,2023-07-26,2023,EN 474-2:2022,CEN,number,none,FULL_LIST
32023D1586,2023-07-26,2023,EN 474-3:2022,CEN,number,none,FULL_LIST
32023D1586,2023-07-26,2023,EN 474-4:2022,CEN,number,none,FULL_LIST
32023D1586,2023-07-26,2023,EN 474-5:2022,CEN,number,none,FULL_LIST
32023D1586,2023-07-26,2023,EN 474-6:2022,CEN,number,none,FULL_LIST
32023D1586,2023-07-26,2023,EN 474-7:2022,CEN,number,none,FULL_LIST
32023D1586,2023-07-26,2023,EN 474-8:2022,CEN,number,none,FULL_LIST
32023D1586,2023-07-26,2023,EN 474-9:2022,CEN,number,none,FULL_LIST
32023D1586,2023-07-26,2023,EN 474-10:2022,CEN,number,none,FULL_LIST
32023D1586,2023-07-26,2023,EN 474-11:2022,CEN,number,none,FULL_LIST
32023D1586,2023-07-26,2023,EN 474-12:2022,CEN,number,none,FULL_LIST
32023D1586,2023-07-26,2023,EN 474-13:2022,CEN,number,none,FULL_LIST
32023D1586,2023-07-26,2023,EN 528:2021+A1:2022,CEN,number,none,FULL_LIST
32023D1586,2023-07-26,2023,EN 619:2022,CEN,number,none,FULL_LIST
32023D1586,2023-07-26,2023,EN 620:2021,CEN,number,none,FULL_LIST
32023D1586,2023-07-26,2023,EN 703:2021,CEN,number,none,FULL_LIST
32023D1586,2023-07-26,2023,EN 746-3:2021,CEN,number,none,FULL_LIST
32023D1586,2023-07-26,2023,EN 1034-4:2021,CEN,number,none,FULL_LIST
32023D1586,2023-07-26,2023,EN ISO 3691-6:2021,ISO,explicit,none,FULL_LIST
32023D1586,2023-07-26,2023,EN ISO 4254-1:2015,ISO,explicit,none,FULL_LIST
32023D1586,2023-07-26,2023,EN ISO 4254-1:2015,ISO,explicit,none,FULL_LIST
32023D1586,2023-07-26,2023,EN ISO 4254-6:2020,ISO,explicit,none,FULL_LIST
32023D1586,2023-07-26,2023,EN ISO 4254-6:2020,ISO,explicit,none,FULL_LIST
32023D1586,2023-07-26,2023,EN ISO 4254-17:2022,ISO,explicit,none,FULL_LIST
32023D1586,2023-07-26,2023,EN ISO 11680-1:2021,ISO,explicit,none,FULL_LIST
32023D1586,2023-07-26,2023,EN ISO 11680-2:2021,ISO,explicit,none,FULL_LIST
32023D1586,2023-07-26,2023,EN ISO 11681-1:2022,ISO,explicit,none,FULL_LIST
32023D1586,2023-07-26,2023,EN ISO 11681-2:2022,ISO,explicit,none,FULL_LIST
32023D1586,2023-07-26,2023,EN ISO 11806-1:2022,ISO,explicit,none,FULL_LIST
32023D1586,2023-07-26,2023,EN ISO 11806-2:2022,ISO,explicit,none,FULL_LIST
32023D1586,2023-07-26,2023,EN ISO 11850:2011,ISO,explicit,none,FULL_LIST
32023D1586,2023-07-26,2023,EN ISO 11850:2011,ISO,explicit,none,FULL_LIST
32023D1586,2023-07-26,2023,EN ISO 11850:2011,ISO,explicit,none,FULL_LIST
32023D1586,2023-07-26,2023,EN 12012-4:2019+A1:2021,CEN,number,none,FULL_LIST
32023D1586,2023-07-26,2023,EN 12158-1:2021,CEN,number,none,FULL_LIST
32023D1586,2023-07-26,2023,EN 12331:2021,CEN,number,none,FULL_LIST
32023D1586,2023-07-26,2023,EN 12355:2022,CEN,number,none,FULL_LIST
32023D1586,2023-07-26,2023,EN 12418:2021,CEN,number,none,FULL_LIST
32023D1586,2023-07-26,2023,EN 13001-3-5:2016+A1:2021,CEN,number,none,FULL_LIST
32023D1586,2023-07-26,2023,EN 13617-1:2021,CEN,number,none,FULL_LIST
32023D1586,2023-07-26,2023,EN 13732:2022,CEN,number,none,FULL_LIST
32023D1586,2023-07-26,2023,EN 13862:2021,CEN,number,none,FULL_LIST
32023D1586,2023-07-26,2023,EN 13870:2015+A1:2021,CEN,number,none,FULL_LIST
32023D1586,2023-07-26,2023,EN 13885:2022,CEN,number,none,FULL_LIST
32023D1586,2023-07-26,2023,EN 15163-1:2022,CEN,number,none,FULL_LIST
32023D1586,2023-07-26,2023,EN 15163-2:2022,CEN,number,none,FULL_LIST
32023D1586,2023-07-26,2023,EN 15967:2022,CEN,number,none,FULL_LIST
32023D1586,2023-07-26,2023,EN 16228-1:2014+A1:2021,CEN,number,none,FULL_LIST
32023D1586,2023-07-26,2023,EN 16228-2:2014+A1:2021,CEN,number,none,FULL_LIST
32023D1586,2023-07-26,2023,EN 16228-3:2014+A1:2021,CEN,number,none,FULL_LIST
32023D1586,2023-07-26,2023,EN 16228-4:2014+A1:2021,CEN,number,none,FULL_LIST
32023D1586,2023-07-26,2023,EN 16228-5:2014+A1:2021,CEN,number,none,FULL_LIST
32023D1586,2023-07-26,2023,EN 16228-6:2014+A1:2021,CEN,number,none,FULL_LIST
32023D1586,2023-07-26,2023,EN 16228-7:2014+A1:2021,CEN,number,none,FULL_LIST
32023D1586,2023-07-26,2023,EN 17106-1:2021,CEN,number,none,FULL_LIST
32023D1586,2023-07-26,2023,EN 17106-2:2021,CEN,number,none,FULL_LIST
32023D1586,2023-07-26,2023,EN 17106-3-1:2021,CEN,number,none,FULL_LIST
32023D1586,2023-07-26,2023,EN 17106-3-2:2021,CEN,number,none,FULL_LIST
32023D1586,2023-07-26,2023,EN 17106-4:2021,CEN,number,none,FULL_LIST
32023D1586,2023-07-26,2023,EN ISO 19085-2:2021,ISO,explicit,none,FULL_LIST
32023D1586,2023-07-26,2023,EN ISO 19085-3:2021,ISO,explicit,none,FULL_LIST
32023D1586,2023-07-26,2023,EN ISO 19085-14:2021,ISO,explicit,none,FULL_LIST
32023D1586,2023-07-26,2023,EN ISO 19085-16:2021,ISO,explicit,none,FULL_LIST
32023D1586,2023-07-26,2023,EN ISO 19085-17:2021,ISO,explicit,none,FULL_LIST
32023D1586,2023-07-26,2023,EN ISO 22867:2021,ISO,explicit,none,FULL_LIST
32023D1586,2023-07-26,2023,EN ISO 23062:2022,ISO,explicit,none,FULL_LIST
32023D1586,2023-07-26,2023,EN ISO 28881:2022,ISO,explicit,none,FULL_LIST
32023D1586,2023-07-26,2023,EN ISO 28927-1:2019,ISO,explicit,none,FULL_LIST
32023D1586,2023-07-26,2023,EN IEC 60335-2-89:2022,IEC,explicit,none,FULL_LIST
32023D1586,2023-07-26,2023,EN IEC 60335-2-89:2022,IEC,explicit,none,FULL_LIST
32023D1586,2023-07-26,2023,EN 62841-1:2015,IEC,inferred-60000,none,FULL_LIST
32023D1586,2023-07-26,2023,EN 62841-1:2015,IEC,inferred-60000,none,FULL_LIST
32023D1586,2023-07-26,2023,EN 62841-1:2015,IEC,inferred-60000,none,FULL_LIST
32023D1586,2023-07-26,2023,EN IEC 62841-2-3:2021,IEC,explicit,none,FULL_LIST
32023D1586,2023-07-26,2023,EN IEC 62841-2-3:2021,IEC,explicit,none,FULL_LIST
32023D1586,2023-07-26,2023,EN IEC 62841-4-3:2021,IEC,explicit,none,FULL_LIST
32023D1586,2023-07-26,2023,EN IEC 62841-4-3:2021,IEC,explicit,none,FULL_LIST
32023D1586,2023-07-26,2023,EN 12301:2019,CEN,number,none,FULL_LIST
32023D1586,2023-07-26,2023,EN 12385-5:2021,CEN,number,none,FULL_LIST
32023D1586,2023-07-26,2023,EN 16952:2018,CEN,number,none,FULL_LIST
32023D1586,2023-07-26,2023,EN 62841-2-1:2018,IEC,inferred-60000,none,FULL_LIST
32023D1586,2023-07-26,2023,EN 62841-2-1:2018,IEC,inferred-60000,none,FULL_LIST
32023D1586,2023-07-26,2023,EN 62841-3-1:2014,IEC,inferred-60000,none,FULL_LIST
32023D1586,2023-07-26,2023,EN 62841-3-1:2014,IEC,inferred-60000,none,FULL_LIST
32023D1586,2023-07-26,2023,EN 62841-3-1:2014,IEC,inferred-60000,none,FULL_LIST
32023D1586,2023-07-26,2023,EN 62841-3-10:2015,IEC,inferred-60000,none,FULL_LIST
32023D1586,2023-07-26,2023,EN 62841-3-10:2015,IEC,inferred-60000,none,FULL_LIST
32023D1586,2023-07-26,2023,EN 62841-3-10:2015,IEC,inferred-60000,none,FULL_LIST
32023D1586,2023-07-26,2023,EN 62841-3-6:2014,IEC,inferred-60000,none,FULL_LIST
32023D1586,2023-07-26,2023,EN 62841-3-6:2014,IEC,inferred-60000,none,FULL_LIST
32023D1586,2023-07-26,2023,EN 62841-3-6:2014,IEC,inferred-60000,none,FULL_LIST
32023D1586,2023-07-26,2023,EN 62841-4-2:2019,IEC,inferred-60000,none,FULL_LIST
32023D1586,2023-07-26,2023,EN 12301:2019,CEN,number,none,FULL_LIST
32023D1586,2023-07-26,2023,EN 12385-5:2021,CEN,number,none,FULL_LIST
32023D1586,2023-07-26,2023,EN 12385-5:2021,CEN,number,none,FULL_LIST
32023D1586,2023-07-26,2023,EN 16952:2018+A1:2021,CEN,number,none,FULL_LIST
32023D1586,2023-07-26,2023,EN 62841-2-1:2018,IEC,inferred-60000,none,FULL_LIST
32023D1586,2023-07-26,2023,EN 62841-2-1:2018,IEC,inferred-60000,none,FULL_LIST
32023D1586,2023-07-26,2023,EN 62841-2-1:2018,IEC,inferred-60000,none,FULL_LIST
32023D1586,2023-07-26,2023,EN 62841-2-1:2018,IEC,inferred-60000,none,FULL_LIST
32023D1586,2023-07-26,2023,EN 62841-3-1:2014,IEC,inferred-60000,none,FULL_LIST
32023D1586,2023-07-26,2023,EN 62841-3-1:2014,IEC,inferred-60000,none,FULL_LIST
32023D1586,2023-07-26,2023,EN 62841-3-1:2014,IEC,inferred-60000,none,FULL_LIST
32023D1586,2023-07-26,2023,EN 62841-3-1:2014,IEC,inferred-60000,none,FULL_LIST
32023D1586,2023-07-26,2023,EN 62841-3-1:2014,IEC,inferred-60000,none,FULL_LIST
32023D1586,2023-07-26,2023,EN 62841-3-6:2014,IEC,inferred-60000,none,FULL_LIST
32023D1586,2023-07-26,2023,EN 62841-3-6:2014,IEC,inferred-60000,none,FULL_LIST
32023D1586,2023-07-26,2023,EN 62841-3-6:2014,IEC,inferred-60000,none,FULL_LIST
32023D1586,2023-07-26,2023,EN 62841-3-6:2014,IEC,inferred-60000,none,FULL_LIST
32023D1586,2023-07-26,2023,EN 62841-3-6:2014,IEC,inferred-60000,none,FULL_LIST
32023D1586,2023-07-26,2023,EN 62841-3-10:2015,IEC,inferred-60000,none,FULL_LIST
32023D1586,2023-07-26,2023,EN 62841-3-10:2015,IEC,inferred-60000,none,FULL_LIST
32023D1586,2023-07-26,2023,EN 62841-3-10:2015,IEC,inferred-60000,none,FULL_LIST
32023D1586,2023-07-26,2023,EN 62841-3-10:2015,IEC,inferred-60000,none,FULL_LIST
32023D1586,2023-07-26,2023,EN 62841-3-10:2015,IEC,inferred-60000,none,FULL_LIST
32023D1586,2023-07-26,2023,EN 62841-4-2:2019,IEC,inferred-60000,none,FULL_LIST
32023D1586,2023-07-26,2023,EN 62841-4-2:2019,IEC,inferred-60000,none,FULL_LIST
32023D1586,2023-07-26,2023,EN 62841-4-2:2019,IEC,inferred-60000,none,FULL_LIST
32023D1586,2023-07-26,2023,EN ISO 11850:2011,ISO,explicit,none,FULL_LIST
32023D1586,2023-07-26,2023,EN ISO 11850:2011,ISO,explicit,none,FULL_LIST
32023D1586,2023-07-26,2023,EN ISO 11850:2011,ISO,explicit,none,FULL_LIST
32023D1586,2023-07-26,2023,EN ISO 11850:2011,ISO,explicit,none,FULL_LIST
32023D1586,2023-07-26,2023,EN ISO 11850:2011,ISO,explicit,none,FULL_LIST
32023D1586,2023-07-26,2023,EN ISO 11850:2011,ISO,explicit,none,FULL_LIST
32023D1586,2023-07-26,2023,EN 1127-2:2014,CEN,number,withdrawal,FULL_LIST
32023D1586,2023-07-26,2023,EN ISO 12100:2010,ISO,explicit,withdrawal,FULL_LIST
32023D1586,2023-07-26,2023,EN 547-1:1996+A1:2008,CEN,number,withdrawal,FULL_LIST
32023D1586,2023-07-26,2023,EN 547-2:1996+A1:2008,CEN,number,withdrawal,FULL_LIST
32023D1586,2023-07-26,2023,EN 547-3:1996+A1:2008,CEN,number,withdrawal,FULL_LIST
32023D1586,2023-07-26,2023,EN 614-1:2006+A1:2009,CEN,number,withdrawal,FULL_LIST
32023D1586,2023-07-26,2023,EN 614-2:2000+A1:2008,CEN,number,withdrawal,FULL_LIST
32023D1586,2023-07-26,2023,EN 842:1996+A1:2008,CEN,number,withdrawal,FULL_LIST
32023D1586,2023-07-26,2023,EN 894-1:1997+A1:2008,CEN,number,withdrawal,FULL_LIST
32023D1586,2023-07-26,2023,EN 894-2:1997+A1:2008,CEN,number,withdrawal,FULL_LIST
32023D1586,2023-07-26,2023,EN 894-3:2000+A1:2008,CEN,number,withdrawal,FULL_LIST
32023D1586,2023-07-26,2023,EN 894-4:2010,CEN,number,withdrawal,FULL_LIST
32023D1586,2023-07-26,2023,EN 981:1996+A1:2008,CEN,number,withdrawal,FULL_LIST
32023D1586,2023-07-26,2023,EN 1005-1:2001+A1:2008,CEN,number,withdrawal,FULL_LIST
32023D1586,2023-07-26,2023,EN 1005-2:2003+A1:2008,CEN,number,withdrawal,FULL_LIST
32023D1586,2023-07-26,2023,EN 1005-3:2002+A1:2008,CEN,number,withdrawal,FULL_LIST
32023D1586,2023-07-26,2023,EN 1005-4:2005+A1:2008,CEN,number,withdrawal,FULL_LIST
32023D1586,2023-07-26,2023,EN 1032:2003+A1:2008,CEN,number,withdrawal,FULL_LIST
32023D1586,2023-07-26,2023,EN 1093-1:2008,CEN,number,withdrawal,FULL_LIST
32023D1586,2023-07-26,2023,EN 1093-2:2006+A1:2008,CEN,number,withdrawal,FULL_LIST
32023D1586,2023-07-26,2023,EN 1093-3:2006+A1:2008,CEN,number,withdrawal,FULL_LIST
32023D1586,2023-07-26,2023,EN 1093-4:1996+A1:2008,CEN,number,withdrawal,FULL_LIST
32023D1586,2023-07-26,2023,EN 1093-6:1998+A1:2008,CEN,number,withdrawal,FULL_LIST
32023D1586,2023-07-26,2023,EN 1093-7:1998+A1:2008,CEN,number,withdrawal,FULL_LIST
32023D1586,2023-07-26,2023,EN 1093-8:1998+A1:2008,CEN,number,withdrawal,FULL_LIST
32023D1586,2023-07-26,2023,EN 1093-9:1998+A1:2008,CEN,number,withdrawal,FULL_LIST
32023D1586,2023-07-26,2023,EN 1093-11:2001+A1:2008,CEN,number,withdrawal,FULL_LIST
32023D1586,2023-07-26,2023,EN 1127-1:2019,CEN,number,withdrawal,FULL_LIST
32023D1586,2023-07-26,2023,EN 1299:1997+A1:2008,CEN,number,withdrawal,FULL_LIST
32023D1586,2023-07-26,2023,EN 1837:2020,CEN,number,withdrawal,FULL_LIST
32023D1586,2023-07-26,2023,EN ISO 3741:2010,ISO,explicit,withdrawal,FULL_LIST
32023D1586,2023-07-26,2023,EN ISO 3743-1:2010,ISO,explicit,withdrawal,FULL_LIST
32023D1586,2023-07-26,2023,EN ISO 3743-2:2019,ISO,explicit,withdrawal,FULL_LIST
32023D1586,2023-07-26,2023,EN ISO 3744:2010,ISO,explicit,withdrawal,FULL_LIST
32023D1586,2023-07-26,2023,EN ISO 3745:2012,ISO,explicit,withdrawal,FULL_LIST
32023D1586,2023-07-26,2023,EN ISO 3745:2012,ISO,explicit,withdrawal,FULL_LIST
32023D1586,2023-07-26,2023,EN ISO 3746:2010,ISO,explicit,withdrawal,FULL_LIST
32023D1586,2023-07-26,2023,EN ISO 3747:2010,ISO,explicit,withdrawal,FULL_LIST
32023D1586,2023-07-26,2023,EN ISO 4413:2010,ISO,explicit,withdrawal,FULL_LIST
32023D1586,2023-07-26,2023,EN ISO 4414:2010,ISO,explicit,withdrawal,FULL_LIST
32023D1586,2023-07-26,2023,EN ISO 4871:2009,ISO,explicit,withdrawal,FULL_LIST
32023D1586,2023-07-26,2023,EN ISO 5136:2009,ISO,explicit,withdrawal,FULL_LIST
32023D1586,2023-07-26,2023,EN ISO 7235:2009,ISO,explicit,withdrawal,FULL_LIST
32023D1586,2023-07-26,2023,EN ISO 7731:2008,ISO,explicit,withdrawal,FULL_LIST
32023D1586,2023-07-26,2023,EN ISO 9614-1:2009,ISO,explicit,withdrawal,FULL_LIST
32023D1586,2023-07-26,2023,EN ISO 9614-3:2009,ISO,explicit,withdrawal,FULL_LIST
32023D1586,2023-07-26,2023,EN ISO 10326-1:2016,ISO,explicit,withdrawal,FULL_LIST
32023D1586,2023-07-26,2023,EN ISO 11161:2007,ISO,explicit,withdrawal,FULL_LIST
32023D1586,2023-07-26,2023,EN ISO 11161:2007,ISO,explicit,withdrawal,FULL_LIST
32023D1586,2023-07-26,2023,EN ISO 11201:2010,ISO,explicit,withdrawal,FULL_LIST
32023D1586,2023-07-26,2023,EN ISO 11202:2010,ISO,explicit,withdrawal,FULL_LIST
32023D1586,2023-07-26,2023,EN ISO 11202:2010,ISO,explicit,withdrawal,FULL_LIST
32023D1586,2023-07-26,2023,EN ISO 11203:2009,ISO,explicit,withdrawal,FULL_LIST
32023D1586,2023-07-26,2023,EN ISO 11203:2009,ISO,explicit,withdrawal,FULL_LIST
32023D1586,2023-07-26,2023,EN ISO 11204:2010,ISO,explicit,withdrawal,FULL_LIST
32023D1586,2023-07-26,2023,EN ISO 11205:2009,ISO,explicit,withdrawal,FULL_LIST
32023D1586,2023-07-26,2023,EN ISO 11546-1:2009,ISO,explicit,withdrawal,FULL_LIST
32023D1586,2023-07-26,2023,EN ISO 11546-2:2009,ISO,explicit,withdrawal,FULL_LIST
32023D1586,2023-07-26,2023,EN ISO 11553-1:2020,ISO,explicit,withdrawal,FULL_LIST
32023D1586,2023-07-26,2023,EN ISO 11553-1:2020,ISO,explicit,withdrawal,FULL_LIST
32023D1586,2023-07-26,2023,EN ISO 11688-1:2009,ISO,explicit,withdrawal,FULL_LIST
32023D1586,2023-07-26,2023,EN ISO 11691:2009,ISO,explicit,withdrawal,FULL_LIST
32023D1586,2023-07-26,2023,EN ISO 11957:2009,ISO,explicit,withdrawal,FULL_LIST
32023D1586,2023-07-26,2023,EN 12198-1:2000+A1:2008,CEN,number,withdrawal,FULL_LIST
32023D1586,2023-07-26,2023,EN 12198-2:2002+A1:2008,CEN,number,withdrawal,FULL_LIST
32023D1586,2023-07-26,2023,EN 12198-3:2002+A1:2008,CEN,number,withdrawal,FULL_LIST
32023D1586,2023-07-26,2023,EN 12254:2010,CEN,number,withdrawal,FULL_LIST
32023D1586,2023-07-26,2023,EN 12254:2010,CEN,number,withdrawal,FULL_LIST
32023D1586,2023-07-26,2023,EN 12786:2013,CEN,number,withdrawal,FULL_LIST
32023D1586,2023-07-26,2023,EN 13490:2001+A1:2008,CEN,number,withdrawal,FULL_LIST
32023D1586,2023-07-26,2023,EN ISO 13732-1:2008,ISO,explicit,withdrawal,FULL_LIST
32023D1586,2023-07-26,2023,EN ISO 13732-3:2008,ISO,explicit,withdrawal,FULL_LIST
32023D1586,2023-07-26,2023,EN ISO 13753:2008,ISO,explicit,withdrawal,FULL_LIST
32023D1586,2023-07-26,2023,EN ISO 13849-1:2015,ISO,explicit,withdrawal,FULL_LIST
32023D1586,2023-07-26,2023,EN ISO 13849-2:2012,ISO,explicit,withdrawal,FULL_LIST
32023D1586,2023-07-26,2023,EN ISO 13850:2015,ISO,explicit,withdrawal,FULL_LIST
32023D1586,2023-07-26,2023,EN ISO 13851:2019,ISO,explicit,withdrawal,FULL_LIST
32023D1586,2023-07-26,2023,EN ISO 13854:2019,ISO,explicit,withdrawal,FULL_LIST
32023D1586,2023-07-26,2023,EN ISO 13855:2010,ISO,explicit,withdrawal,FULL_LIST
32023D1586,2023-07-26,2023,EN ISO 13856-1:2013,ISO,explicit,withdrawal,FULL_LIST
32023D1586,2023-07-26,2023,EN ISO 13856-2:2013,ISO,explicit,withdrawal,FULL_LIST
32023D1586,2023-07-26,2023,EN ISO 13856-3:2013,ISO,explicit,withdrawal,FULL_LIST
32023D1586,2023-07-26,2023,EN ISO 13857:2019,ISO,explicit,withdrawal,FULL_LIST
32023D1586,2023-07-26,2023,EN ISO 14118:2018,ISO,explicit,withdrawal,FULL_LIST
32023D1586,2023-07-26,2023,EN ISO 14119:2013,ISO,explicit,withdrawal,FULL_LIST
32023D1586,2023-07-26,2023,EN ISO 14120:2015,ISO,explicit,withdrawal,FULL_LIST
32023D1586,2023-07-26,2023,EN ISO 14122-1:2016,ISO,explicit,withdrawal,FULL_LIST
32023D1586,2023-07-26,2023,EN ISO 14122-2:2016,ISO,explicit,withdrawal,FULL_LIST
32023D1586,2023-07-26,2023,EN ISO 14122-3:2016,ISO,explicit,withdrawal,FULL_LIST
32023D1586,2023-07-26,2023,EN ISO 14122-4:2016,ISO,explicit,withdrawal,FULL_LIST
32023D1586,2023-07-26,2023,EN ISO 14123-1:2015,ISO,explicit,withdrawal,FULL_LIST
32023D1586,2023-07-26,2023,EN ISO 14123-2:2015,ISO,explicit,withdrawal,FULL_LIST
32023D1586,2023-07-26,2023,EN ISO 14159:2008,ISO,explicit,withdrawal,FULL_LIST
32023D1586,2023-07-26,2023,EN ISO 14738:2008,ISO,explicit,withdrawal,FULL_LIST
32023D1586,2023-07-26,2023,EN ISO 15536-1:2008,ISO,explicit,withdrawal,FULL_LIST
32023D1586,2023-07-26,2023,EN 15967:2022,CEN,number,withdrawal,FULL_LIST
32023D1586,2023-07-26,2023,EN 16590-1:2014,CEN,number,withdrawal,FULL_LIST
32023D1586,2023-07-26,2023,EN 16590-2:2014,CEN,number,withdrawal,FULL_LIST
32023D1586,2023-07-26,2023,EN 17624:2022,CEN,number,withdrawal,FULL_LIST
32023D1586,2023-07-26,2023,EN ISO 18497:2018,ISO,explicit,withdrawal,FULL_LIST
32023D1586,2023-07-26,2023,EN ISO 19353:2019,ISO,explicit,withdrawal,FULL_LIST
32023D1586,2023-07-26,2023,EN ISO 20607:2019,ISO,explicit,withdrawal,FULL_LIST
32023D1586,2023-07-26,2023,EN ISO 20643:2008,ISO,explicit,withdrawal,FULL_LIST
32023D1586,2023-07-26,2023,EN ISO 20643:2008,ISO,explicit,withdrawal,FULL_LIST
32023D1586,2023-07-26,2023,EN 60204-1:2018,IEC,inferred-60000,withdrawal,FULL_LIST
32023D1586,2023-07-26,2023,EN IEC 60204-11:2019,IEC,explicit,withdrawal,FULL_LIST
32023D1586,2023-07-26,2023,EN 60204-32:2008,IEC,inferred-60000,withdrawal,FULL_LIST
32023D1586,2023-07-26,2023,EN 60204-33:2011,IEC,inferred-60000,withdrawal,FULL_LIST
32023D1586,2023-07-26,2023,EN 61310-1:2008,IEC,inferred-60000,withdrawal,FULL_LIST
32023D1586,2023-07-26,2023,EN 61310-2:2008,IEC,inferred-60000,withdrawal,FULL_LIST
32023D1586,2023-07-26,2023,EN 61310-3:2008,IEC,inferred-60000,withdrawal,FULL_LIST
32023D1586,2023-07-26,2023,EN 61800-5-2:2007,IEC,inferred-60000,withdrawal,FULL_LIST
32023D1586,2023-07-26,2023,EN IEC 62061:2021,IEC,explicit,withdrawal,FULL_LIST
32023D1586,2023-07-26,2023,EN 62745:2017,IEC,inferred-60000,withdrawal,FULL_LIST
32023D1586,2023-07-26,2023,EN 62745:2017,IEC,inferred-60000,withdrawal,FULL_LIST
32023D1586,2023-07-26,2023,EN 81-3:2000+A1:2008,CEN,number,withdrawal,FULL_LIST
32023D1586,2023-07-26,2023,EN 81-3:2000+A1:2008,CEN,number,withdrawal,FULL_LIST
32023D1586,2023-07-26,2023,EN 81-31:2010,CEN,number,withdrawal,FULL_LIST
32023D1586,2023-07-26,2023,EN 81-40:2020,CEN,number,withdrawal,FULL_LIST
32023D1586,2023-07-26,2023,EN 81-41:2010,CEN,number,withdrawal,FULL_LIST
32023D1586,2023-07-26,2023,EN 81-43:2009,CEN,number,withdrawal,FULL_LIST
32023D1586,2023-07-26,2023,EN 115-1:2017,CEN,number,withdrawal,FULL_LIST
32023D1586,2023-07-26,2023,EN 267:2009+A1:2011,CEN,number,withdrawal,FULL_LIST
32023D1586,2023-07-26,2023,EN 280-1:2022,CEN,number,withdrawal,FULL_LIST
32023D1586,2023-07-26,2023,EN 280-2:2022,CEN,number,withdrawal,FULL_LIST
32023D1586,2023-07-26,2023,EN 289:2014,CEN,number,withdrawal,FULL_LIST
32023D1586,2023-07-26,2023,EN 303-5:2021+A1:2022,CEN,number,withdrawal,FULL_LIST
32023D1586,2023-07-26,2023,EN 378-2:2016,CEN,number,withdrawal,FULL_LIST
32023D1586,2023-07-26,2023,EN 415-1:2014,CEN,number,withdrawal,FULL_LIST
32023D1586,2023-07-26,2023,EN 415-3:2021,CEN,number,withdrawal,FULL_LIST
32023D1586,2023-07-26,2023,EN 415-5:2006+A1:2009,CEN,number,withdrawal,FULL_LIST
32023D1586,2023-07-26,2023,EN 415-6:2013,CEN,number,withdrawal,FULL_LIST
32023D1586,2023-07-26,2023,EN 415-7:2006+A1:2008,CEN,number,withdrawal,FULL_LIST
32023D1586,2023-07-26,2023,EN 415-8:2008,CEN,number,withdrawal,FULL_LIST
32023D1586,2023-07-26,2023,EN 415-9:2009,CEN,number,withdrawal,FULL_LIST
32023D1586,2023-07-26,2023,EN 415-10:2014,CEN,number,withdrawal,FULL_LIST
32023D1586,2023-07-26,2023,EN 422:2009,CEN,number,withdrawal,FULL_LIST
32023D1586,2023-07-26,2023,EN 453:2014,CEN,number,withdrawal,FULL_LIST
32023D1586,2023-07-26,2023,EN 454:2014,CEN,number,withdrawal,FULL_LIST
32023D1586,2023-07-26,2023,EN 474-1:2022,CEN,number,withdrawal,FULL_LIST
32023D1586,2023-07-26,2023,EN 474-2:2022,CEN,number,withdrawal,FULL_LIST
32023D1586,2023-07-26,2023,EN 474-3:2022,CEN,number,withdrawal,FULL_LIST
32023D1586,2023-07-26,2023,EN 474-3:2022,CEN,number,withdrawal,FULL_LIST
32023D1586,2023-07-26,2023,EN 474-4:2022,CEN,number,withdrawal,FULL_LIST
32023D1586,2023-07-26,2023,EN 474-5:2022,CEN,number,withdrawal,FULL_LIST
32023D1586,2023-07-26,2023,EN 474-5:2022,CEN,number,withdrawal,FULL_LIST
32023D1586,2023-07-26,2023,EN 474-6:2022,CEN,number,withdrawal,FULL_LIST
32023D1586,2023-07-26,2023,EN 474-7:2022,CEN,number,withdrawal,FULL_LIST
32023D1586,2023-07-26,2023,EN 474-8:2022,CEN,number,withdrawal,FULL_LIST
32023D1586,2023-07-26,2023,EN 474-9:2022,CEN,number,withdrawal,FULL_LIST
32023D1586,2023-07-26,2023,EN 474-10:2022,CEN,number,withdrawal,FULL_LIST
32023D1586,2023-07-26,2023,EN 474-11:2022,CEN,number,withdrawal,FULL_LIST
32023D1586,2023-07-26,2023,EN 474-12:2022,CEN,number,withdrawal,FULL_LIST
32023D1586,2023-07-26,2023,EN 474-13:2022,CEN,number,withdrawal,FULL_LIST
32023D1586,2023-07-26,2023,EN 500-1:2006+A1:2009,CEN,number,withdrawal,FULL_LIST
32023D1586,2023-07-26,2023,EN 500-2:2006+A1:2008,CEN,number,withdrawal,FULL_LIST
32023D1586,2023-07-26,2023,EN 500-3:2006+A1:2008,CEN,number,withdrawal,FULL_LIST
32023D1586,2023-07-26,2023,EN 500-6:2006+A1:2008,CEN,number,withdrawal,FULL_LIST
32023D1586,2023-07-26,2023,EN 528:2021+A1:2022,CEN,number,withdrawal,FULL_LIST
32023D1586,2023-07-26,2023,EN 536:2015,CEN,number,withdrawal,FULL_LIST
32023D1586,2023-07-26,2023,EN 609-1:2017,CEN,number,withdrawal,FULL_LIST
32023D1586,2023-07-26,2023,EN 609-2:1999+A1:2009,CEN,number,withdrawal,FULL_LIST
32023D1586,2023-07-26,2023,EN 617:2001+A1:2010,CEN,number,withdrawal,FULL_LIST
32023D1586,2023-07-26,2023,EN 618:2002+A1:2010,CEN,number,withdrawal,FULL_LIST
32023D1586,2023-07-26,2023,EN 619:2022,CEN,number,withdrawal,FULL_LIST
32023D1586,2023-07-26,2023,EN 620:2021,CEN,number,withdrawal,FULL_LIST
32023D1586,2023-07-26,2023,EN 676:2003+A2:2008,CEN,number,withdrawal,FULL_LIST
32023D1586,2023-07-26,2023,EN 676:2003+A2:2008,CEN,number,withdrawal,FULL_LIST
32023D1586,2023-07-26,2023,EN 690:2013,CEN,number,withdrawal,FULL_LIST
32023D1586,2023-07-26,2023,EN 703:2021,CEN,number,withdrawal,FULL_LIST
32023D1586,2023-07-26,2023,EN 706:1996+A1:2009,CEN,number,withdrawal,FULL_LIST
32023D1586,2023-07-26,2023,EN 707:2018,CEN,number,withdrawal,FULL_LIST
32023D1586,2023-07-26,2023,EN 709:1997+A4:2009,CEN,number,withdrawal,FULL_LIST
32023D1586,2023-07-26,2023,EN 709:1997+A4:2009,CEN,number,withdrawal,FULL_LIST
32023D1586,2023-07-26,2023,EN 741:2000+A1:2010,CEN,number,withdrawal,FULL_LIST
32023D1586,2023-07-26,2023,EN 746-1:1997+A1:2009,CEN,number,withdrawal,FULL_LIST
32023D1586,2023-07-26,2023,EN 746-2:2010,CEN,number,withdrawal,FULL_LIST
32023D1586,2023-07-26,2023,EN 746-3:2021,CEN,number,withdrawal,FULL_LIST
32023D1586,2023-07-26,2023,EN 809:1998+A1:2009,CEN,number,withdrawal,FULL_LIST
32023D1586,2023-07-26,2023,EN 809:1998+A1:2009,CEN,number,withdrawal,FULL_LIST
32023D1586,2023-07-26,2023,EN 818-1:1996+A1:2008,CEN,number,withdrawal,FULL_LIST
32023D1586,2023-07-26,2023,EN 818-2:1996+A1:2008,CEN,number,withdrawal,FULL_LIST
32023D1586,2023-07-26,2023,EN 818-3:1999+A1:2008,CEN,number,withdrawal,FULL_LIST
32023D1586,2023-07-26,2023,EN 818-4:1996+A1:2008,CEN,number,withdrawal,FULL_LIST
32023D1586,2023-07-26,2023,EN 818-5:1999+A1:2008,CEN,number,withdrawal,FULL_LIST
32023D1586,2023-07-26,2023,EN 818-6:2000+A1:2008,CEN,number,withdrawal,FULL_LIST
32023D1586,2023-07-26,2023,EN 818-7:2002+A1:2008,CEN,number,withdrawal,FULL_LIST
32023D1586,2023-07-26,2023,EN 848-2:2007+A2:2012,CEN,number,withdrawal,FULL_LIST
32023D1586,2023-07-26,2023,EN 869:2006+A1:2009,CEN,number,withdrawal,FULL_LIST
32023D1586,2023-07-26,2023,EN 908:1999+A1:2009,CEN,number,withdrawal,FULL_LIST
32023D1586,2023-07-26,2023,EN 909:1998+A1:2009,CEN,number,withdrawal,FULL_LIST
32023D1586,2023-07-26,2023,EN 930:1997+A2:2009,CEN,number,withdrawal,FULL_LIST
32023D1586,2023-07-26,2023,EN 931:1997+A2:2009,CEN,number,withdrawal,FULL_LIST
32023D1586,2023-07-26,2023,EN 957-6:2010+A1:2014,CEN,number,withdrawal,FULL_LIST
32023D1586,2023-07-26,2023,EN 972:1998+A1:2010,CEN,number,withdrawal,FULL_LIST
32023D1586,2023-07-26,2023,EN 972:1998+A1:2010,CEN,number,withdrawal,FULL_LIST
32023D1586,2023-07-26,2023,EN 1010-1:2004+A1:2010,CEN,number,withdrawal,FULL_LIST
32023D1586,2023-07-26,2023,EN 1010-2:2006+A1:2010,CEN,number,withdrawal,FULL_LIST
32023D1586,2023-07-26,2023,EN 1010-3:2002+A1:2009,CEN,number,withdrawal,FULL_LIST
32023D1586,2023-07-26,2023,EN 1010-4:2004+A1:2009,CEN,number,withdrawal,FULL_LIST
32023D1586,2023-07-26,2023,EN 1012-1:2010,CEN,number,withdrawal,FULL_LIST
32023D1586,2023-07-26,2023,EN 1012-2:1996+A1:2009,CEN,number,withdrawal,FULL_LIST
32023D1586,2023-07-26,2023,EN 1012-3:2013,CEN,number,withdrawal,FULL_LIST
32023D1586,2023-07-26,2023,EN 1028-1:2002+A1:2008,CEN,number,withdrawal,FULL_LIST
32023D1586,2023-07-26,2023,EN 1028-2:2002+A1:2008,CEN,number,withdrawal,FULL_LIST
32023D1586,2023-07-26,2023,EN 1034-1:2000+A1:2010,CEN,number,withdrawal,FULL_LIST
32023D1586,2023-07-26,2023,EN 1034-2:2005+A1:2009,CEN,number,withdrawal,FULL_LIST
32023D1586,2023-07-26,2023,EN 1034-3:2011,CEN,number,withdrawal,FULL_LIST
32023D1586,2023-07-26,2023,EN 1034-4:2021,CEN,number,withdrawal,FULL_LIST
32023D1586,2023-07-26,2023,EN 1034-5:2005+A1:2009,CEN,number,withdrawal,FULL_LIST
32023D1586,2023-07-26,2023,EN 1034-6:2005+A1:2009,CEN,number,withdrawal,FULL_LIST
32023D1586,2023-07-26,2023,EN 1034-7:2005+A1:2009,CEN,number,withdrawal,FULL_LIST
32023D1586,2023-07-26,2023,EN 1034-8:2012,CEN,number,withdrawal,FULL_LIST
32023D1586,2023-07-26,2023,EN 1034-13:2005+A1:2009,CEN,number,withdrawal,FULL_LIST
32023D1586,2023-07-26,2023,EN 1034-14:2005+A1:2009,CEN,number,withdrawal,FULL_LIST
32023D1586,2023-07-26,2023,EN 1034-16:2012,CEN,number,withdrawal,FULL_LIST
32023D1586,2023-07-26,2023,EN 1034-17:2012,CEN,number,withdrawal,FULL_LIST
32023D1586,2023-07-26,2023,EN 1034-21:2012,CEN,number,withdrawal,FULL_LIST
32023D1586,2023-07-26,2023,EN 1034-22:2005+A1:2009,CEN,number,withdrawal,FULL_LIST
32023D1586,2023-07-26,2023,EN 1034-26:2012,CEN,number,withdrawal,FULL_LIST
32023D1586,2023-07-26,2023,EN 1034-27:2012,CEN,number,withdrawal,FULL_LIST
32023D1586,2023-07-26,2023,EN 1114-1:2011,CEN,number,withdrawal,FULL_LIST
32023D1586,2023-07-26,2023,EN 1114-3:2019,CEN,number,withdrawal,FULL_LIST
32023D1586,2023-07-26,2023,EN 1175:2020,CEN,number,withdrawal,FULL_LIST
32023D1586,2023-07-26,2023,EN 1218-1:1999+A1:2009,CEN,number,withdrawal,FULL_LIST
32023D1586,2023-07-26,2023,EN 1218-2:2004+A1:2009,CEN,number,withdrawal,FULL_LIST
32023D1586,2023-07-26,2023,EN 1218-3:2001+A1:2009,CEN,number,withdrawal,FULL_LIST
32023D1586,2023-07-26,2023,EN 1218-5:2004+A1:2009,CEN,number,withdrawal,FULL_LIST
32023D1586,2023-07-26,2023,EN 1247:2004+A1:2010,CEN,number,withdrawal,FULL_LIST
32023D1586,2023-07-26,2023,EN 1248:2001+A1:2009,CEN,number,withdrawal,FULL_LIST
32023D1586,2023-07-26,2023,EN 1265:1999+A1:2008,CEN,number,withdrawal,FULL_LIST
32023D1586,2023-07-26,2023,EN 1374:2000+A1:2010,CEN,number,withdrawal,FULL_LIST
32023D1586,2023-07-26,2023,EN 1398:2009,CEN,number,withdrawal,FULL_LIST
32023D1586,2023-07-26,2023,EN 1417:2014,CEN,number,withdrawal,FULL_LIST
32023D1586,2023-07-26,2023,EN 1459-1:2017,CEN,number,withdrawal,FULL_LIST
32023D1586,2023-07-26,2023,EN 1459-2:2015+A1:2018,CEN,number,withdrawal,FULL_LIST
32023D1586,2023-07-26,2023,EN 1459-5:2020,CEN,number,withdrawal,FULL_LIST
32023D1586,2023-07-26,2023,EN 1492-1:2000+A1:2008,CEN,number,withdrawal,FULL_LIST
32023D1586,2023-07-26,2023,EN 1492-2:2000+A1:2008,CEN,number,withdrawal,FULL_LIST
32023D1586,2023-07-26,2023,EN 1492-4:2004+A1:2008,CEN,number,withdrawal,FULL_LIST
32023D1586,2023-07-26,2023,EN 1493:2010,CEN,number,withdrawal,FULL_LIST
32023D1586,2023-07-26,2023,EN 1494:2000+A1:2008,CEN,number,withdrawal,FULL_LIST
32023D1586,2023-07-26,2023,EN 1495:1997+A2:2009,CEN,number,withdrawal,FULL_LIST
32023D1586,2023-07-26,2023,EN 1495:1997+A2:2009,CEN,number,withdrawal,FULL_LIST
32023D1586,2023-07-26,2023,EN 1495:1997,CEN,number,withdrawal,FULL_LIST
32023D1586,2023-07-26,2023,EN 1501-1:2021,CEN,number,withdrawal,FULL_LIST
32023D1586,2023-07-26,2023,EN 1501-2:2021,CEN,number,withdrawal,FULL_LIST
32023D1586,2023-07-26,2023,EN 1501-3:2021,CEN,number,withdrawal,FULL_LIST
32023D1586,2023-07-26,2023,EN 1501-4:2007,CEN,number,withdrawal,FULL_LIST
32023D1586,2023-07-26,2023,EN 1501-5:2021,CEN,number,withdrawal,FULL_LIST
32023D1586,2023-07-26,2023,EN 1526:1997+A1:2008,CEN,number,withdrawal,FULL_LIST
32023D1586,2023-07-26,2023,EN 1539:2015,CEN,number,withdrawal,FULL_LIST
32023D1586,2023-07-26,2023,EN 1547:2001+A1:2009,CEN,number,withdrawal,FULL_LIST
32023D1586,2023-07-26,2023,EN 1550:1997+A1:2008,CEN,number,withdrawal,FULL_LIST
32023D1586,2023-07-26,2023,EN 1554:2012,CEN,number,withdrawal,FULL_LIST
32023D1586,2023-07-26,2023,EN 1570-1:2011+A1:2014,CEN,number,withdrawal,FULL_LIST
32023D1586,2023-07-26,2023,EN 1570-2:2016,CEN,number,withdrawal,FULL_LIST
32023D1586,2023-07-26,2023,EN 1612:2019,CEN,number,withdrawal,FULL_LIST
32023D1586,2023-07-26,2023,EN 1672-2:2005+A1:2009,CEN,number,withdrawal,FULL_LIST
32023D1586,2023-07-26,2023,EN 1673:2000+A1:2009,CEN,number,withdrawal,FULL_LIST
32023D1586,2023-07-26,2023,EN 1674:2015,CEN,number,withdrawal,FULL_LIST
32023D1586,2023-07-26,2023,EN 1677-1:2000+A1:2008,CEN,number,withdrawal,FULL_LIST
32023D1586,2023-07-26,2023,EN 1677-2:2000+A1:2008,CEN,number,withdrawal,FULL_LIST
32023D1586,2023-07-26,2023,EN 1677-3:2001+A1:2008,CEN,number,withdrawal,FULL_LIST
32023D1586,2023-07-26,2023,EN 1677-4:2000+A1:2008,CEN,number,withdrawal,FULL_LIST
32023D1586,2023-07-26,2023,EN 1677-5:2001+A1:2008,CEN,number,withdrawal,FULL_LIST
32023D1586,2023-07-26,2023,EN 1677-6:2001+A1:2008,CEN,number,withdrawal,FULL_LIST
32023D1586,2023-07-26,2023,EN 1678:1998+A1:2010,CEN,number,withdrawal,FULL_LIST
32023D1586,2023-07-26,2023,EN 1679-1:1998+A1:2011,CEN,number,withdrawal,FULL_LIST
32023D1586,2023-07-26,2023,EN 1756-1:2021,CEN,number,withdrawal,FULL_LIST
32023D1586,2023-07-26,2023,EN 1756-2:2004+A1:2009,CEN,number,withdrawal,FULL_LIST
32023D1586,2023-07-26,2023,EN 1777:2010,CEN,number,withdrawal,FULL_LIST
32023D1586,2023-07-26,2023,EN 1804-1:2020,CEN,number,withdrawal,FULL_LIST
32023D1586,2023-07-26,2023,EN 1804-2:2020,CEN,number,withdrawal,FULL_LIST
32023D1586,2023-07-26,2023,EN 1804-3:2020,CEN,number,withdrawal,FULL_LIST
32023D1586,2023-07-26,2023,EN 1807-2:2013,CEN,number,withdrawal,FULL_LIST
32023D1586,2023-07-26,2023,EN 1808:2015,CEN,number,withdrawal,FULL_LIST
32023D1586,2023-07-26,2023,EN 1829-1:2021,CEN,number,withdrawal,FULL_LIST
32023D1586,2023-07-26,2023,EN 1829-2:2008,CEN,number,withdrawal,FULL_LIST
32023D1586,2023-07-26,2023,EN 1829-2:2008,CEN,number,withdrawal,FULL_LIST
32023D1586,2023-07-26,2023,EN 1845:2007,CEN,number,withdrawal,FULL_LIST
32023D1586,2023-07-26,2023,EN 1846-2:2009+A1:2013,CEN,number,withdrawal,FULL_LIST
32023D1586,2023-07-26,2023,EN 1846-3:2013,CEN,number,withdrawal,FULL_LIST
32023D1586,2023-07-26,2023,EN 1853:2017,CEN,number,withdrawal,FULL_LIST
32023D1586,2023-07-26,2023,EN 1870-3:2001+A1:2009,CEN,number,withdrawal,FULL_LIST
32023D1586,2023-07-26,2023,EN 1870-5:2002+A2:2012,CEN,number,withdrawal,FULL_LIST
32023D1586,2023-07-26,2023,EN 1870-6:2017,CEN,number,withdrawal,FULL_LIST
32023D1586,2023-07-26,2023,EN 1870-7:2012,CEN,number,withdrawal,FULL_LIST
32023D1586,2023-07-26,2023,EN 1870-8:2012,CEN,number,withdrawal,FULL_LIST
32023D1586,2023-07-26,2023,EN 1870-9:2012,CEN,number,withdrawal,FULL_LIST
32023D1586,2023-07-26,2023,EN 1870-10:2013,CEN,number,withdrawal,FULL_LIST
32023D1586,2023-07-26,2023,EN 1870-11:2013,CEN,number,withdrawal,FULL_LIST
32023D1586,2023-07-26,2023,EN 1870-12:2013,CEN,number,withdrawal,FULL_LIST
32023D1586,2023-07-26,2023,EN 1870-15:2012,CEN,number,withdrawal,FULL_LIST
32023D1586,2023-07-26,2023,EN 1870-16:2012,CEN,number,withdrawal,FULL_LIST
32023D1586,2023-07-26,2023,EN 1870-17:2012+A1:2015,CEN,number,withdrawal,FULL_LIST
32023D1586,2023-07-26,2023,EN 1889-2:2003+A1:2009,CEN,number,withdrawal,FULL_LIST
32023D1586,2023-07-26,2023,EN 1915-1:2013,CEN,number,withdrawal,FULL_LIST
32023D1586,2023-07-26,2023,EN 1915-2:2001+A1:2009,CEN,number,withdrawal,FULL_LIST
32023D1586,2023-07-26,2023,EN 1915-3:2004+A1:2009,CEN,number,withdrawal,FULL_LIST
32023D1586,2023-07-26,2023,EN 1915-4:2004+A1:2009,CEN,number,withdrawal,FULL_LIST
32023D1586,2023-07-26,2023,EN 1953:2013,CEN,number,withdrawal,FULL_LIST
32023D1586,2023-07-26,2023,EN 1974:2020,CEN,number,withdrawal,FULL_LIST
32023D1586,2023-07-26,2023,EN ISO 2151:2008,ISO,explicit,withdrawal,FULL_LIST
32023D1586,2023-07-26,2023,EN ISO 2860:2008,ISO,explicit,withdrawal,FULL_LIST
32023D1586,2023-07-26,2023,EN ISO 2867:2011,ISO,explicit,withdrawal,FULL_LIST
32023D1586,2023-07-26,2023,EN ISO 3164:2013,ISO,explicit,withdrawal,FULL_LIST
32023D1586,2023-07-26,2023,EN ISO 3266:2010,ISO,explicit,withdrawal,FULL_LIST
32023D1586,2023-07-26,2023,EN ISO 3266:2010,ISO,explicit,withdrawal,FULL_LIST
32023D1586,2023-07-26,2023,EN ISO 3411:2007,ISO,explicit,withdrawal,FULL_LIST
32023D1586,2023-07-26,2023,EN ISO 3449:2008,ISO,explicit,withdrawal,FULL_LIST
32023D1586,2023-07-26,2023,EN ISO 3450:2011,ISO,explicit,withdrawal,FULL_LIST
32023D1586,2023-07-26,2023,EN ISO 3457:2008,ISO,explicit,withdrawal,FULL_LIST
32023D1586,2023-07-26,2023,EN ISO 3471:2008,ISO,explicit,withdrawal,FULL_LIST
32023D1586,2023-07-26,2023,EN ISO 3691-1:2015,ISO,explicit,withdrawal,FULL_LIST
32023D1586,2023-07-26,2023,EN ISO 3691-1:2015,ISO,explicit,withdrawal,FULL_LIST
32023D1586,2023-07-26,2023,EN ISO 3691-1:2015,ISO,explicit,withdrawal,FULL_LIST
32023D1586,2023-07-26,2023,EN ISO 3691-5:2015,ISO,explicit,withdrawal,FULL_LIST
32023D1586,2023-07-26,2023,EN ISO 3691-5:2015,ISO,explicit,withdrawal,FULL_LIST
32023D1586,2023-07-26,2023,EN ISO 3691-6:2021,ISO,explicit,withdrawal,FULL_LIST
32023D1586,2023-07-26,2023,EN ISO 4254-1:2015,ISO,explicit,withdrawal,FULL_LIST
32023D1586,2023-07-26,2023,EN ISO 4254-1:2015,ISO,explicit,withdrawal,FULL_LIST
32023D1586,2023-07-26,2023,EN ISO 4254-5:2018,ISO,explicit,withdrawal,FULL_LIST
32023D1586,2023-07-26,2023,EN ISO 4254-6:2020,ISO,explicit,withdrawal,FULL_LIST
32023D1586,2023-07-26,2023,EN ISO 4254-6:2020,ISO,explicit,withdrawal,FULL_LIST
32023D1586,2023-07-26,2023,EN ISO 4254-7:2017,ISO,explicit,withdrawal,FULL_LIST
32023D1586,2023-07-26,2023,EN ISO 4254-8:2018,ISO,explicit,withdrawal,FULL_LIST
32023D1586,2023-07-26,2023,EN ISO 4254-9:2018,ISO,explicit,withdrawal,FULL_LIST
32023D1586,2023-07-26,2023,EN ISO 4254-10:2009,ISO,explicit,withdrawal,FULL_LIST
32023D1586,2023-07-26,2023,EN ISO 4254-10:2009,ISO,explicit,withdrawal,FULL_LIST
32023D1586,2023-07-26,2023,EN ISO 4254-11:2010,ISO,explicit,withdrawal,FULL_LIST
32023D1586,2023-07-26,2023,EN ISO 4254-11:2010,ISO,explicit,withdrawal,FULL_LIST
32023D1586,2023-07-26,2023,EN ISO 4254-12:2012,ISO,explicit,withdrawal,FULL_LIST
32023D1586,2023-07-26,2023,EN ISO 4254-12:2012,ISO,explicit,withdrawal,FULL_LIST
32023D1586,2023-07-26,2023,EN ISO 4254-14:2016,ISO,explicit,withdrawal,FULL_LIST
32023D1586,2023-07-26,2023,EN ISO 4254-17:2022,ISO,explicit,withdrawal,FULL_LIST
32023D1586,2023-07-26,2023,EN ISO 5010:2019,ISO,explicit,withdrawal,FULL_LIST
32023D1586,2023-07-26,2023,EN ISO 5395-1:2013,ISO,explicit,withdrawal,FULL_LIST
32023D1586,2023-07-26,2023,EN ISO 5395-1:2013,ISO,explicit,withdrawal,FULL_LIST
32023D1586,2023-07-26,2023,EN ISO 5395-2:2013,ISO,explicit,withdrawal,FULL_LIST
32023D1586,2023-07-26,2023,EN ISO 5395-2:2013,ISO,explicit,withdrawal,FULL_LIST
32023D1586,2023-07-26,2023,EN ISO 5395-2:2013,ISO,explicit,withdrawal,FULL_LIST
32023D1586,2023-07-26,2023,EN ISO 5395-3:2013,ISO,explicit,withdrawal,FULL_LIST
32023D1586,2023-07-26,2023,EN ISO 5395-3:2013,ISO,explicit,withdrawal,FULL_LIST
32023D1586,2023-07-26,2023,EN ISO 5395-3:2013,ISO,explicit,withdrawal,FULL_LIST
32023D1586,2023-07-26,2023,EN ISO 5674:2009,ISO,explicit,withdrawal,FULL_LIST
32023D1586,2023-07-26,2023,EN ISO 6682:2008,ISO,explicit,withdrawal,FULL_LIST
32023D1586,2023-07-26,2023,EN ISO 6683:2008,ISO,explicit,withdrawal,FULL_LIST
32023D1586,2023-07-26,2023,EN ISO 7096:2020,ISO,explicit,withdrawal,FULL_LIST
32023D1586,2023-07-26,2023,EN ISO 8230-1:2008,ISO,explicit,withdrawal,FULL_LIST
32023D1586,2023-07-26,2023,EN ISO 8230-2:2008,ISO,explicit,withdrawal,FULL_LIST
32023D1586,2023-07-26,2023,EN ISO 8230-3:2008,ISO,explicit,withdrawal,FULL_LIST
32023D1586,2023-07-26,2023,EN ISO 8528-10:2022,ISO,explicit,withdrawal,FULL_LIST
32023D1586,2023-07-26,2023,EN ISO 8528-13:2016,ISO,explicit,withdrawal,FULL_LIST
32023D1586,2023-07-26,2023,EN ISO 9902-1:2001,ISO,explicit,withdrawal,FULL_LIST
32023D1586,2023-07-26,2023,EN ISO 9902-1:2001,ISO,explicit,withdrawal,FULL_LIST
32023D1586,2023-07-26,2023,EN ISO 9902-1:2001,ISO,explicit,withdrawal,FULL_LIST
32023D1586,2023-07-26,2023,EN ISO 9902-2:2001,ISO,explicit,withdrawal,FULL_LIST
32023D1586,2023-07-26,2023,EN ISO 9902-2:2001,ISO,explicit,withdrawal,FULL_LIST
32023D1586,2023-07-26,2023,EN ISO 9902-2:2001,ISO,explicit,withdrawal,FULL_LIST
32023D1586,2023-07-26,2023,EN ISO 9902-3:2001,ISO,explicit,withdrawal,FULL_LIST
32023D1586,2023-07-26,2023,EN ISO 9902-3:2001,ISO,explicit,withdrawal,FULL_LIST
32023D1586,2023-07-26,2023,EN ISO 9902-3:2001,ISO,explicit,withdrawal,FULL_LIST
32023D1586,2023-07-26,2023,EN ISO 9902-4:2001,ISO,explicit,withdrawal,FULL_LIST
32023D1586,2023-07-26,2023,EN ISO 9902-4:2001,ISO,explicit,withdrawal,FULL_LIST
32023D1586,2023-07-26,2023,EN ISO 9902-4:2001,ISO,explicit,withdrawal,FULL_LIST
32023D1586,2023-07-26,2023,EN ISO 9902-5:2001,ISO,explicit,withdrawal,FULL_LIST
32023D1586,2023-07-26,2023,EN ISO 9902-5:2001,ISO,explicit,withdrawal,FULL_LIST
32023D1586,2023-07-26,2023,EN ISO 9902-5:2001,ISO,explicit,withdrawal,FULL_LIST
32023D1586,2023-07-26,2023,EN ISO 9902-6:2001,ISO,explicit,withdrawal,FULL_LIST
32023D1586,2023-07-26,2023,EN ISO 9902-6:2001,ISO,explicit,withdrawal,FULL_LIST
32023D1586,2023-07-26,2023,EN ISO 9902-6:2001,ISO,explicit,withdrawal,FULL_LIST
32023D1586,2023-07-26,2023,EN ISO 9902-7:2001,ISO,explicit,withdrawal,FULL_LIST
32023D1586,2023-07-26,2023,EN ISO 9902-7:2001,ISO,explicit,withdrawal,FULL_LIST
32023D1586,2023-07-26,2023,EN ISO 9902-7:2001,ISO,explicit,withdrawal,FULL_LIST
32023D1586,2023-07-26,2023,EN ISO 10218-1:2011,ISO,explicit,withdrawal,FULL_LIST
32023D1586,2023-07-26,2023,EN ISO 10218-2:2011,ISO,explicit,withdrawal,FULL_LIST
32023D1586,2023-07-26,2023,EN ISO 10472-1:2008,ISO,explicit,withdrawal,FULL_LIST
32023D1586,2023-07-26,2023,EN ISO 10472-2:2008,ISO,explicit,withdrawal,FULL_LIST
32023D1586,2023-07-26,2023,EN ISO 10472-3:2008,ISO,explicit,withdrawal,FULL_LIST
32023D1586,2023-07-26,2023,EN ISO 10472-4:2008,ISO,explicit,withdrawal,FULL_LIST
32023D1586,2023-07-26,2023,EN ISO 10472-5:2008,ISO,explicit,withdrawal,FULL_LIST
32023D1586,2023-07-26,2023,EN ISO 10472-6:2008,ISO,explicit,withdrawal,FULL_LIST
32023D1586,2023-07-26,2023,EN ISO 10517:2019,ISO,explicit,withdrawal,FULL_LIST
32023D1586,2023-07-26,2023,EN ISO 10821:2005,ISO,explicit,withdrawal,FULL_LIST
32023D1586,2023-07-26,2023,EN ISO 10821:2005,ISO,explicit,withdrawal,FULL_LIST
32023D1586,2023-07-26,2023,EN ISO 11102-1:2009,ISO,explicit,withdrawal,FULL_LIST
32023D1586,2023-07-26,2023,EN ISO 11102-2:2009,ISO,explicit,withdrawal,FULL_LIST
32023D1586,2023-07-26,2023,EN ISO 11111-1:2016,ISO,explicit,withdrawal,FULL_LIST
32023D1586,2023-07-26,2023,EN ISO 11111-2:2005,ISO,explicit,withdrawal,FULL_LIST
32023D1586,2023-07-26,2023,EN ISO 11111-2:2005,ISO,explicit,withdrawal,FULL_LIST
32023D1586,2023-07-26,2023,EN ISO 11111-2:2005,ISO,explicit,withdrawal,FULL_LIST
32023D1586,2023-07-26,2023,EN ISO 11111-3:2005,ISO,explicit,withdrawal,FULL_LIST
32023D1586,2023-07-26,2023,EN ISO 11111-3:2005,ISO,explicit,withdrawal,FULL_LIST
32023D1586,2023-07-26,2023,EN ISO 11111-3:2005,ISO,explicit,withdrawal,FULL_LIST
32023D1586,2023-07-26,2023,EN ISO 11111-4:2005,ISO,explicit,withdrawal,FULL_LIST
32023D1586,2023-07-26,2023,EN ISO 11111-4:2005,ISO,explicit,withdrawal,FULL_LIST
32023D1586,2023-07-26,2023,EN ISO 11111-4:2005,ISO,explicit,withdrawal,FULL_LIST
32023D1586,2023-07-26,2023,EN ISO 11111-5:2005,ISO,explicit,withdrawal,FULL_LIST
32023D1586,2023-07-26,2023,EN ISO 11111-5:2005,ISO,explicit,withdrawal,FULL_LIST
32023D1586,2023-07-26,2023,EN ISO 11111-5:2005,ISO,explicit,withdrawal,FULL_LIST
32023D1586,2023-07-26,2023,EN ISO 11111-6:2005,ISO,explicit,withdrawal,FULL_LIST
32023D1586,2023-07-26,2023,EN ISO 11111-6:2005,ISO,explicit,withdrawal,FULL_LIST
32023D1586,2023-07-26,2023,EN ISO 11111-6:2005,ISO,explicit,withdrawal,FULL_LIST
32023D1586,2023-07-26,2023,EN ISO 11111-7:2005,ISO,explicit,withdrawal,FULL_LIST
32023D1586,2023-07-26,2023,EN ISO 11111-7:2005,ISO,explicit,withdrawal,FULL_LIST
32023D1586,2023-07-26,2023,EN ISO 11111-7:2005,ISO,explicit,withdrawal,FULL_LIST
32023D1586,2023-07-26,2023,EN ISO 11145:2016,ISO,explicit,withdrawal,FULL_LIST
32023D1586,2023-07-26,2023,EN ISO 11148-1:2011,ISO,explicit,withdrawal,FULL_LIST
32023D1586,2023-07-26,2023,EN ISO 11148-2:2011,ISO,explicit,withdrawal,FULL_LIST
32023D1586,2023-07-26,2023,EN ISO 11148-3:2012,ISO,explicit,withdrawal,FULL_LIST
32023D1586,2023-07-26,2023,EN ISO 11148-4:2012,ISO,explicit,withdrawal,FULL_LIST
32023D1586,2023-07-26,2023,EN ISO 11148-5:2011,ISO,explicit,withdrawal,FULL_LIST
32023D1586,2023-07-26,2023,EN ISO 11148-6:2012,ISO,explicit,withdrawal,FULL_LIST
32023D1586,2023-07-26,2023,EN ISO 11148-7:2012,ISO,explicit,withdrawal,FULL_LIST
32023D1586,2023-07-26,2023,EN ISO 11148-8:2011,ISO,explicit,withdrawal,FULL_LIST
32023D1586,2023-07-26,2023,EN ISO 11148-9:2011,ISO,explicit,withdrawal,FULL_LIST
32023D1586,2023-07-26,2023,EN ISO 11148-10:2011,ISO,explicit,withdrawal,FULL_LIST
32023D1586,2023-07-26,2023,EN ISO 11148-11:2011,ISO,explicit,withdrawal,FULL_LIST
32023D1586,2023-07-26,2023,EN ISO 11148-12:2012,ISO,explicit,withdrawal,FULL_LIST
32023D1586,2023-07-26,2023,EN ISO 11148-13:2018,ISO,explicit,withdrawal,FULL_LIST
32023D1586,2023-07-26,2023,EN ISO 11252:2013,ISO,explicit,withdrawal,FULL_LIST
32023D1586,2023-07-26,2023,EN ISO 11553-2:2008,ISO,explicit,withdrawal,FULL_LIST
32023D1586,2023-07-26,2023,EN ISO 11553-3:2013,ISO,explicit,withdrawal,FULL_LIST
32023D1586,2023-07-26,2023,EN ISO 11554:2017,ISO,explicit,withdrawal,FULL_LIST
32023D1586,2023-07-26,2023,EN ISO 11680-1:2021,ISO,explicit,withdrawal,FULL_LIST
32023D1586,2023-07-26,2023,EN ISO 11680-2:2021,ISO,explicit,withdrawal,FULL_LIST
32023D1586,2023-07-26,2023,EN ISO 11681-1:2022,ISO,explicit,withdrawal,FULL_LIST
32023D1586,2023-07-26,2023,EN ISO 11681-2:2022,ISO,explicit,withdrawal,FULL_LIST
32023D1586,2023-07-26,2023,EN ISO 11806-1:2022,ISO,explicit,withdrawal,FULL_LIST
32023D1586,2023-07-26,2023,EN ISO 11806-2:2022,ISO,explicit,withdrawal,FULL_LIST
32023D1586,2023-07-26,2023,EN ISO 11850:2011,ISO,explicit,withdrawal,FULL_LIST
32023D1586,2023-07-26,2023,EN ISO 11850:2011,ISO,explicit,withdrawal,FULL_LIST
32023D1586,2023-07-26,2023,EN ISO 11850:2011,ISO,explicit,withdrawal,FULL_LIST
32023D1586,2023-07-26,2023,EN ISO 2867:2011,ISO,explicit,withdrawal,FULL_LIST
32023D1586,2023-07-26,2023,EN 12001:2012,CEN,number,withdrawal,FULL_LIST
32023D1586,2023-07-26,2023,EN 12012-1:2018,CEN,number,withdrawal,FULL_LIST
32023D1586,2023-07-26,2023,EN 12012-4:2019+A1:2021,CEN,number,withdrawal,FULL_LIST
32023D1586,2023-07-26,2023,EN 12013:2018,CEN,number,withdrawal,FULL_LIST
32023D1586,2023-07-26,2023,EN 12016:2013,CEN,number,withdrawal,FULL_LIST
32023D1586,2023-07-26,2023,EN 12041:2014,CEN,number,withdrawal,FULL_LIST
32023D1586,2023-07-26,2023,EN 12042:2014,CEN,number,withdrawal,FULL_LIST
32023D1586,2023-07-26,2023,EN 12043:2014,CEN,number,withdrawal,FULL_LIST
32023D1586,2023-07-26,2023,EN 12044:2005+A1:2009,CEN,number,withdrawal,FULL_LIST
32023D1586,2023-07-26,2023,EN 12053:2001+A1:2008,CEN,number,withdrawal,FULL_LIST
32023D1586,2023-07-26,2023,EN 12077-2:1998+A1:2008,CEN,number,withdrawal,FULL_LIST
32023D1586,2023-07-26,2023,EN 12110:2014,CEN,number,withdrawal,FULL_LIST
32023D1586,2023-07-26,2023,EN 12111:2014,CEN,number,withdrawal,FULL_LIST
32023D1586,2023-07-26,2023,EN 12158-1:2021,CEN,number,withdrawal,FULL_LIST
32023D1586,2023-07-26,2023,EN 12158-2:2000+A1:2010,CEN,number,withdrawal,FULL_LIST
32023D1586,2023-07-26,2023,EN 12159:2012,CEN,number,withdrawal,FULL_LIST
32023D1586,2023-07-26,2023,EN 12162:2001+A1:2009,CEN,number,withdrawal,FULL_LIST
32023D1586,2023-07-26,2023,EN 12203:2003+A1:2009,CEN,number,withdrawal,FULL_LIST
32023D1586,2023-07-26,2023,EN 12267:2003+A1:2010,CEN,number,withdrawal,FULL_LIST
32023D1586,2023-07-26,2023,EN 12268:2014,CEN,number,withdrawal,FULL_LIST
32023D1586,2023-07-26,2023,EN 12301:2019,CEN,number,withdrawal,FULL_LIST
32023D1586,2023-07-26,2023,EN 12301:2019,CEN,number,withdrawal,FULL_LIST
32023D1586,2023-07-26,2023,EN 12312-1:2013,CEN,number,withdrawal,FULL_LIST
32023D1586,2023-07-26,2023,EN 12312-2:2014,CEN,number,withdrawal,FULL_LIST
32023D1586,2023-07-26,2023,EN 12312-3:2017+A1:2020,CEN,number,withdrawal,FULL_LIST
32023D1586,2023-07-26,2023,EN 12312-4:2014,CEN,number,withdrawal,FULL_LIST
32023D1586,2023-07-26,2023,EN 12312-5:2021,CEN,number,withdrawal,FULL_LIST
32023D1586,2023-07-26,2023,EN 12312-6:2017,CEN,number,withdrawal,FULL_LIST
32023D1586,2023-07-26,2023,EN 12312-7:2020,CEN,number,withdrawal,FULL_LIST
32023D1586,2023-07-26,2023,EN 12312-8:2018,CEN,number,withdrawal,FULL_LIST
32023D1586,2023-07-26,2023,EN 12312-9:2013,CEN,number,withdrawal,FULL_LIST
32023D1586,2023-07-26,2023,EN 12312-10:2005+A1:2009,CEN,number,withdrawal,FULL_LIST
32023D1586,2023-07-26,2023,EN 12312-12:2017,CEN,number,withdrawal,FULL_LIST
32023D1586,2023-07-26,2023,EN 12312-13:2017,CEN,number,withdrawal,FULL_LIST
32023D1586,2023-07-26,2023,EN 12312-14:2014,CEN,number,withdrawal,FULL_LIST
32023D1586,2023-07-26,2023,EN 12312-15:2006+A1:2009,CEN,number,withdrawal,FULL_LIST
32023D1586,2023-07-26,2023,EN 12312-16:2005+A1:2009,CEN,number,withdrawal,FULL_LIST
32023D1586,2023-07-26,2023,EN 12312-17:2004+A1:2009,CEN,number,withdrawal,FULL_LIST
32023D1586,2023-07-26,2023,EN 12312-18:2005+A1:2009,CEN,number,withdrawal,FULL_LIST
32023D1586,2023-07-26,2023,EN 12312-19:2005+A1:2009,CEN,number,withdrawal,FULL_LIST
32023D1586,2023-07-26,2023,EN 12312-20:2005+A1:2009,CEN,number,withdrawal,FULL_LIST
32023D1586,2023-07-26,2023,EN 12321:2003+A1:2009,CEN,number,withdrawal,FULL_LIST
32023D1586,2023-07-26,2023,EN 12331:2021,CEN,number,withdrawal,FULL_LIST
32023D1586,2023-07-26,2023,EN 12348:2000+A1:2009,CEN,number,withdrawal,FULL_LIST
32023D1586,2023-07-26,2023,EN 12355:2022,CEN,number,withdrawal,FULL_LIST
32023D1586,2023-07-26,2023,EN 12385-1:2002+A1:2008,CEN,number,withdrawal,FULL_LIST
32023D1586,2023-07-26,2023,EN 12385-2:2002+A1:2008,CEN,number,withdrawal,FULL_LIST
32023D1586,2023-07-26,2023,EN 12385-3:2004+A1:2008,CEN,number,withdrawal,FULL_LIST
32023D1586,2023-07-26,2023,EN 12385-4:2002+A1:2008,CEN,number,withdrawal,FULL_LIST
32023D1586,2023-07-26,2023,EN 12385-5:2021,CEN,number,withdrawal,FULL_LIST
32023D1586,2023-07-26,2023,EN 12385-5:2021,CEN,number,withdrawal,FULL_LIST
32023D1586,2023-07-26,2023,EN 12385-10:2003+A1:2008,CEN,number,withdrawal,FULL_LIST
32023D1586,2023-07-26,2023,EN 12387:2005+A1:2009,CEN,number,withdrawal,FULL_LIST
32023D1586,2023-07-26,2023,EN 12409:2008+A1:2011,CEN,number,withdrawal,FULL_LIST
32023D1586,2023-07-26,2023,EN 12417:2001+A2:2009,CEN,number,withdrawal,FULL_LIST
32023D1586,2023-07-26,2023,EN 12417:2001+A2:2009,CEN,number,withdrawal,FULL_LIST
32023D1586,2023-07-26,2023,EN 12418:2021,CEN,number,withdrawal,FULL_LIST
32023D1586,2023-07-26,2023,EN 12453:2017+A1:2021,CEN,number,withdrawal,FULL_LIST
32023D1586,2023-07-26,2023,EN 12463:2004+A1:2011,CEN,number,withdrawal,FULL_LIST
32023D1586,2023-07-26,2023,EN 12505:2000+A1:2009,CEN,number,withdrawal,FULL_LIST
32023D1586,2023-07-26,2023,EN 12525:2000+A2:2010,CEN,number,withdrawal,FULL_LIST
32023D1586,2023-07-26,2023,EN 12545:2000+A1:2009,CEN,number,withdrawal,FULL_LIST
32023D1586,2023-07-26,2023,EN 12547:2014,CEN,number,withdrawal,FULL_LIST
32023D1586,2023-07-26,2023,EN 12549:1999+A1:2008,CEN,number,withdrawal,FULL_LIST
32023D1586,2023-07-26,2023,EN 12581:2005+A1:2010,CEN,number,withdrawal,FULL_LIST
32023D1586,2023-07-26,2023,EN 12609:2021,CEN,number,withdrawal,FULL_LIST
32023D1586,2023-07-26,2023,EN 12621:2006+A1:2010,CEN,number,withdrawal,FULL_LIST
32023D1586,2023-07-26,2023,EN 12622:2009+A1:2013,CEN,number,withdrawal,FULL_LIST
32023D1586,2023-07-26,2023,EN 12629-1:2000+A1:2010,CEN,number,withdrawal,FULL_LIST
32023D1586,2023-07-26,2023,EN 12629-2:2002+A1:2010,CEN,number,withdrawal,FULL_LIST
32023D1586,2023-07-26,2023,EN 12629-3:2002+A1:2010,CEN,number,withdrawal,FULL_LIST
32023D1586,2023-07-26,2023,EN 12629-4:2001+A1:2010,CEN,number,withdrawal,FULL_LIST
32023D1586,2023-07-26,2023,EN 12629-5-1:2003+A1:2010,CEN,number,withdrawal,FULL_LIST
32023D1586,2023-07-26,2023,EN 12629-5-2:2003+A1:2010,CEN,number,withdrawal,FULL_LIST
32023D1586,2023-07-26,2023,EN 12629-5-3:2003+A1:2010,CEN,number,withdrawal,FULL_LIST
32023D1586,2023-07-26,2023,EN 12629-5-4:2003+A1:2010,CEN,number,withdrawal,FULL_LIST
32023D1586,2023-07-26,2023,EN 12629-6:2004+A1:2010,CEN,number,withdrawal,FULL_LIST
32023D1586,2023-07-26,2023,EN 12629-7:2004+A1:2010,CEN,number,withdrawal,FULL_LIST
32023D1586,2023-07-26,2023,EN 12629-8:2002+A1:2010,CEN,number,withdrawal,FULL_LIST
32023D1586,2023-07-26,2023,EN 12635:2002+A1:2008,CEN,number,withdrawal,FULL_LIST
32023D1586,2023-07-26,2023,EN 12453:2000,CEN,number,withdrawal,FULL_LIST
32023D1586,2023-07-26,2023,EN 12644-1:2001+A1:2008,CEN,number,withdrawal,FULL_LIST
32023D1586,2023-07-26,2023,EN 12644-2:2000+A1:2008,CEN,number,withdrawal,FULL_LIST
32023D1586,2023-07-26,2023,EN 12649:2008+A1:2011,CEN,number,withdrawal,FULL_LIST
32023D1586,2023-07-26,2023,EN 12653:1999+A2:2009,CEN,number,withdrawal,FULL_LIST
32023D1586,2023-07-26,2023,EN 12693:2008,CEN,number,withdrawal,FULL_LIST
32023D1586,2023-07-26,2023,EN 12717:2001+A1:2009,CEN,number,withdrawal,FULL_LIST
32023D1586,2023-07-26,2023,EN 12733:2018,CEN,number,withdrawal,FULL_LIST
32023D1586,2023-07-26,2023,EN 12753:2005+A1:2010,CEN,number,withdrawal,FULL_LIST
32023D1586,2023-07-26,2023,EN 12757-1:2005+A1:2010,CEN,number,withdrawal,FULL_LIST
32023D1586,2023-07-26,2023,EN 12779:2015,CEN,number,withdrawal,FULL_LIST
32023D1586,2023-07-26,2023,EN 12852:2001+A1:2010,CEN,number,withdrawal,FULL_LIST
32023D1586,2023-07-26,2023,EN 12853:2001+A1:2010,CEN,number,withdrawal,FULL_LIST
32023D1586,2023-07-26,2023,EN 12853:2001+A1:2010,CEN,number,withdrawal,FULL_LIST
32023D1586,2023-07-26,2023,EN 12854:2003+A1:2010,CEN,number,withdrawal,FULL_LIST
32023D1586,2023-07-26,2023,EN 12855:2003+A1:2010,CEN,number,withdrawal,FULL_LIST
32023D1586,2023-07-26,2023,EN 12881-1:2014,CEN,number,withdrawal,FULL_LIST
32023D1586,2023-07-26,2023,EN 12881-2:2005+A1:2008,CEN,number,withdrawal,FULL_LIST
32023D1586,2023-07-26,2023,EN 12882:2015,CEN,number,withdrawal,FULL_LIST
32023D1586,2023-07-26,2023,EN 12921-1:2005+A1:2010,CEN,number,withdrawal,FULL_LIST
32023D1586,2023-07-26,2023,EN 12921-2:2005+A1:2008,CEN,number,withdrawal,FULL_LIST
32023D1586,2023-07-26,2023,EN 12921-3:2005+A1:2008,CEN,number,withdrawal,FULL_LIST
32023D1586,2023-07-26,2023,EN 12921-4:2005+A1:2008,CEN,number,withdrawal,FULL_LIST
32023D1586,2023-07-26,2023,EN 12965:2019,CEN,number,withdrawal,FULL_LIST
32023D1586,2023-07-26,2023,EN 12978:2003+A1:2009,CEN,number,withdrawal,FULL_LIST
32023D1586,2023-07-26,2023,EN 12984:2005+A1:2010,CEN,number,withdrawal,FULL_LIST
32023D1586,2023-07-26,2023,EN 12999:2020,CEN,number,withdrawal,FULL_LIST
32023D1586,2023-07-26,2023,EN 13000:2010+A1:2014,CEN,number,withdrawal,FULL_LIST
32023D1586,2023-07-26,2023,EN 13001-1:2015,CEN,number,withdrawal,FULL_LIST
32023D1586,2023-07-26,2023,EN 13001-2:2021,CEN,number,withdrawal,FULL_LIST
32023D1586,2023-07-26,2023,EN 13001-3-1:2012+A2:2018,CEN,number,withdrawal,FULL_LIST
32023D1586,2023-07-26,2023,EN 13001-3-2:2014,CEN,number,withdrawal,FULL_LIST
32023D1586,2023-07-26,2023,EN 13001-3-3:2014,CEN,number,withdrawal,FULL_LIST
32023D1586,2023-07-26,2023,EN 13001-3-5:2016+A1:2021,CEN,number,withdrawal,FULL_LIST
32023D1586,2023-07-26,2023,EN 13001-3-6:2018+A1:2021,CEN,number,withdrawal,FULL_LIST
32023D1586,2023-07-26,2023,EN 13015:2001+A1:2008,CEN,number,withdrawal,FULL_LIST
32023D1586,2023-07-26,2023,EN 13020:2015,CEN,number,withdrawal,FULL_LIST
32023D1586,2023-07-26,2023,EN 13023:2003+A1:2010,CEN,number,withdrawal,FULL_LIST
32023D1586,2023-07-26,2023,EN 13035-1:2008,CEN,number,withdrawal,FULL_LIST
32023D1586,2023-07-26,2023,EN 13035-2:2008,CEN,number,withdrawal,FULL_LIST
32023D1586,2023-07-26,2023,EN 13035-3:2003+A1:2009,CEN,number,withdrawal,FULL_LIST
32023D1586,2023-07-26,2023,EN 13035-3:2003+A1:2009,CEN,number,withdrawal,FULL_LIST
32023D1586,2023-07-26,2023,EN 13035-4:2003+A1:2009,CEN,number,withdrawal,FULL_LIST
32023D1586,2023-07-26,2023,EN 13035-5:2006+A1:2009,CEN,number,withdrawal,FULL_LIST
32023D1586,2023-07-26,2023,EN 13035-6:2006+A1:2009,CEN,number,withdrawal,FULL_LIST
32023D1586,2023-07-26,2023,EN 13035-7:2006+A1:2009,CEN,number,withdrawal,FULL_LIST
32023D1586,2023-07-26,2023,EN 13035-9:2006+A1:2010,CEN,number,withdrawal,FULL_LIST
32023D1586,2023-07-26,2023,EN 13035-11:2006+A1:2010,CEN,number,withdrawal,FULL_LIST
32023D1586,2023-07-26,2023,EN 13042-1:2007+A1:2009,CEN,number,withdrawal,FULL_LIST
32023D1586,2023-07-26,2023,EN 13042-2:2004+A1:2009,CEN,number,withdrawal,FULL_LIST
32023D1586,2023-07-26,2023,EN 13042-3:2007+A1:2009,CEN,number,withdrawal,FULL_LIST
32023D1586,2023-07-26,2023,EN 13042-5:2003+A1:2009,CEN,number,withdrawal,FULL_LIST
32023D1586,2023-07-26,2023,EN 13059:2002+A1:2008,CEN,number,withdrawal,FULL_LIST
32023D1586,2023-07-26,2023,EN 13102:2005+A1:2008,CEN,number,withdrawal,FULL_LIST
32023D1586,2023-07-26,2023,EN 13112:2002+A1:2009,CEN,number,withdrawal,FULL_LIST
32023D1586,2023-07-26,2023,EN 13113:2002+A1:2010,CEN,number,withdrawal,FULL_LIST
32023D1586,2023-07-26,2023,EN 13114:2002+A1:2009,CEN,number,withdrawal,FULL_LIST
32023D1586,2023-07-26,2023,EN 13120:2009+A1:2014,CEN,number,withdrawal,FULL_LIST
32023D1586,2023-07-26,2023,EN 13120:2009+A1:2014,CEN,number,withdrawal,FULL_LIST
32023D1586,2023-07-26,2023,EN 13128:2001+A2:2009,CEN,number,withdrawal,FULL_LIST
32023D1586,2023-07-26,2023,EN 13128:2001+A2:2009,CEN,number,withdrawal,FULL_LIST
32023D1586,2023-07-26,2023,EN 13135:2013+A1:2018,CEN,number,withdrawal,FULL_LIST
32023D1586,2023-07-26,2023,EN 13155:2003+A2:2009,CEN,number,withdrawal,FULL_LIST
32023D1586,2023-07-26,2023,EN 13157:2004+A1:2009,CEN,number,withdrawal,FULL_LIST
32023D1586,2023-07-26,2023,EN 13204:2016,CEN,number,withdrawal,FULL_LIST
32023D1586,2023-07-26,2023,EN 13208:2003+A1:2010,CEN,number,withdrawal,FULL_LIST
32023D1586,2023-07-26,2023,EN 13241:2003+A2:2016,CEN,number,withdrawal,FULL_LIST
32023D1586,2023-07-26,2023,EN 12453:2000,CEN,number,withdrawal,FULL_LIST
32023D1586,2023-07-26,2023,EN 13288:2005+A1:2009,CEN,number,withdrawal,FULL_LIST
32023D1586,2023-07-26,2023,EN 13289:2001+A1:2013,CEN,number,withdrawal,FULL_LIST
32023D1586,2023-07-26,2023,EN 13367:2005+A1:2008,CEN,number,withdrawal,FULL_LIST
32023D1586,2023-07-26,2023,EN 13367:2005+A1:2008,CEN,number,withdrawal,FULL_LIST
32023D1586,2023-07-26,2023,EN 13378:2001+A1:2013,CEN,number,withdrawal,FULL_LIST
32023D1586,2023-07-26,2023,EN 13379:2001+A1:2013,CEN,number,withdrawal,FULL_LIST
32023D1586,2023-07-26,2023,EN 13389:2005+A1:2009,CEN,number,withdrawal,FULL_LIST
32023D1586,2023-07-26,2023,EN 13390:2002+A1:2009,CEN,number,withdrawal,FULL_LIST
32023D1586,2023-07-26,2023,EN 13414-1:2003+A2:2008,CEN,number,withdrawal,FULL_LIST
32023D1586,2023-07-26,2023,EN 13414-2:2003+A2:2008,CEN,number,withdrawal,FULL_LIST
32023D1586,2023-07-26,2023,EN 13414-3:2003+A1:2008,CEN,number,withdrawal,FULL_LIST
32023D1586,2023-07-26,2023,EN 13418:2013,CEN,number,withdrawal,FULL_LIST
32023D1586,2023-07-26,2023,EN 13448:2001+A1:2009,CEN,number,withdrawal,FULL_LIST
32023D1586,2023-07-26,2023,EN 13457:2004+A1:2010,CEN,number,withdrawal,FULL_LIST
32023D1586,2023-07-26,2023,EN ISO 13482:2014,ISO,explicit,withdrawal,FULL_LIST
32023D1586,2023-07-26,2023,EN 13525:2020,CEN,number,withdrawal,FULL_LIST
32023D1586,2023-07-26,2023,EN 13531:2001+A1:2008,CEN,number,withdrawal,FULL_LIST
32023D1586,2023-07-26,2023,EN 13534:2006+A1:2010,CEN,number,withdrawal,FULL_LIST
32023D1586,2023-07-26,2023,EN 13557:2003+A2:2008,CEN,number,withdrawal,FULL_LIST
32023D1586,2023-07-26,2023,EN 13561:2015,CEN,number,withdrawal,FULL_LIST
32023D1586,2023-07-26,2023,EN 13561:2015,CEN,number,withdrawal,FULL_LIST
32023D1586,2023-07-26,2023,EN 13570:2005+A1:2010,CEN,number,withdrawal,FULL_LIST
32023D1586,2023-07-26,2023,EN 13586:2020,CEN,number,withdrawal,FULL_LIST
32023D1586,2023-07-26,2023,EN 13591:2005+A1:2009,CEN,number,withdrawal,FULL_LIST
32023D1586,2023-07-26,2023,EN 13617-1:2021,CEN,number,withdrawal,FULL_LIST
32023D1586,2023-07-26,2023,EN 13621:2004+A1:2010,CEN,number,withdrawal,FULL_LIST
32023D1586,2023-07-26,2023,EN 13659:2015,CEN,number,withdrawal,FULL_LIST
32023D1586,2023-07-26,2023,EN 13675:2004+A1:2010,CEN,number,withdrawal,FULL_LIST
32023D1586,2023-07-26,2023,EN 13683:2003+A2:2011,CEN,number,withdrawal,FULL_LIST
32023D1586,2023-07-26,2023,EN 13683:2003+A2:2011,CEN,number,withdrawal,FULL_LIST
32023D1586,2023-07-26,2023,EN 13684:2018,CEN,number,withdrawal,FULL_LIST
32023D1586,2023-07-26,2023,EN 13731:2007,CEN,number,withdrawal,FULL_LIST
32023D1586,2023-07-26,2023,EN 13732:2022,CEN,number,withdrawal,FULL_LIST
32023D1586,2023-07-26,2023,EN ISO 13766-2:2018,ISO,explicit,withdrawal,FULL_LIST
32023D1586,2023-07-26,2023,EN 13852-1:2013,CEN,number,withdrawal,FULL_LIST
32023D1586,2023-07-26,2023,EN 13852-3:2021,CEN,number,withdrawal,FULL_LIST
32023D1586,2023-07-26,2023,EN 13862:2021,CEN,number,withdrawal,FULL_LIST
32023D1586,2023-07-26,2023,EN 13870:2015+A1:2021,CEN,number,withdrawal,FULL_LIST
32023D1586,2023-07-26,2023,EN 13871:2014,CEN,number,withdrawal,FULL_LIST
32023D1586,2023-07-26,2023,EN 13885:2022,CEN,number,withdrawal,FULL_LIST
32023D1586,2023-07-26,2023,EN 13886:2005+A1:2010,CEN,number,withdrawal,FULL_LIST
32023D1586,2023-07-26,2023,EN 13889:2003+A1:2008,CEN,number,withdrawal,FULL_LIST
32023D1586,2023-07-26,2023,EN 13951:2012,CEN,number,withdrawal,FULL_LIST
32023D1586,2023-07-26,2023,EN 13954:2005+A1:2010,CEN,number,withdrawal,FULL_LIST
32023D1586,2023-07-26,2023,EN 13977:2011,CEN,number,withdrawal,FULL_LIST
32023D1586,2023-07-26,2023,EN 13985:2003+A1:2009,CEN,number,withdrawal,FULL_LIST
32023D1586,2023-07-26,2023,EN 14010:2003+A1:2009,CEN,number,withdrawal,FULL_LIST
32023D1586,2023-07-26,2023,EN 14033-3:2017,CEN,number,withdrawal,FULL_LIST
32023D1586,2023-07-26,2023,EN 14033-4:2019,CEN,number,withdrawal,FULL_LIST
32023D1586,2023-07-26,2023,EN 14043:2014,CEN,number,withdrawal,FULL_LIST
32023D1586,2023-07-26,2023,EN 14044:2014,CEN,number,withdrawal,FULL_LIST
32023D1586,2023-07-26,2023,EN 14070:2003+A1:2009,CEN,number,withdrawal,FULL_LIST
32023D1586,2023-07-26,2023,EN 14070:2003+A1:2009,CEN,number,withdrawal,FULL_LIST
32023D1586,2023-07-26,2023,EN 14238:2004+A1:2009,CEN,number,withdrawal,FULL_LIST
32023D1586,2023-07-26,2023,EN ISO 14314:2009,ISO,explicit,withdrawal,FULL_LIST
32023D1586,2023-07-26,2023,EN 14439:2006+A2:2009,CEN,number,withdrawal,FULL_LIST
32023D1586,2023-07-26,2023,EN 14462:2005+A1:2009,CEN,number,withdrawal,FULL_LIST
32023D1586,2023-07-26,2023,EN 14466:2005+A1:2008,CEN,number,withdrawal,FULL_LIST
32023D1586,2023-07-26,2023,EN 14492-1:2006+A1:2009,CEN,number,withdrawal,FULL_LIST
32023D1586,2023-07-26,2023,EN 14492-1:2006+A1:2009,CEN,number,withdrawal,FULL_LIST
32023D1586,2023-07-26,2023,EN 14492-2:2006+A1:2009,CEN,number,withdrawal,FULL_LIST
32023D1586,2023-07-26,2023,EN 14492-2:2006+A1:2009,CEN,number,withdrawal,FULL_LIST
32023D1586,2023-07-26,2023,EN 14502-2:2005+A1:2008,CEN,number,withdrawal,FULL_LIST
32023D1586,2023-07-26,2023,EN 14655:2005+A1:2010,CEN,number,withdrawal,FULL_LIST
32023D1586,2023-07-26,2023,EN 14656:2006+A1:2010,CEN,number,withdrawal,FULL_LIST
32023D1586,2023-07-26,2023,EN 14658:2005+A1:2010,CEN,number,withdrawal,FULL_LIST
32023D1586,2023-07-26,2023,EN 14673:2006+A1:2010,CEN,number,withdrawal,FULL_LIST
32023D1586,2023-07-26,2023,EN 14677:2008,CEN,number,withdrawal,FULL_LIST
32023D1586,2023-07-26,2023,EN 14681:2006+A1:2010,CEN,number,withdrawal,FULL_LIST
32023D1586,2023-07-26,2023,EN 14710-1:2005+A2:2008,CEN,number,withdrawal,FULL_LIST
32023D1586,2023-07-26,2023,EN 14710-2:2005+A2:2008,CEN,number,withdrawal,FULL_LIST
32023D1586,2023-07-26,2023,EN 14753:2007,CEN,number,withdrawal,FULL_LIST
32023D1586,2023-07-26,2023,EN 14886:2008,CEN,number,withdrawal,FULL_LIST
32023D1586,2023-07-26,2023,EN 14910:2007+A1:2009,CEN,number,withdrawal,FULL_LIST
32023D1586,2023-07-26,2023,EN 14930:2007+A1:2009,CEN,number,withdrawal,FULL_LIST
32023D1586,2023-07-26,2023,EN 14957:2006+A1:2010,CEN,number,withdrawal,FULL_LIST
32023D1586,2023-07-26,2023,EN 14958:2006+A1:2009,CEN,number,withdrawal,FULL_LIST
32023D1586,2023-07-26,2023,EN 14973:2015,CEN,number,withdrawal,FULL_LIST
32023D1586,2023-07-26,2023,EN ISO 14982:2009,ISO,explicit,withdrawal,FULL_LIST
32023D1586,2023-07-26,2023,EN 14985:2012,CEN,number,withdrawal,FULL_LIST
32023D1586,2023-07-26,2023,EN 15000:2008,CEN,number,withdrawal,FULL_LIST
32023D1586,2023-07-26,2023,EN 15011:2020,CEN,number,withdrawal,FULL_LIST
32023D1586,2023-07-26,2023,EN 15027:2007+A1:2009,CEN,number,withdrawal,FULL_LIST
32023D1586,2023-07-26,2023,EN 15056:2006+A1:2009,CEN,number,withdrawal,FULL_LIST
32023D1586,2023-07-26,2023,EN 15059:2009+A1:2015,CEN,number,withdrawal,FULL_LIST
32023D1586,2023-07-26,2023,EN 15061:2007+A1:2008,CEN,number,withdrawal,FULL_LIST
32023D1586,2023-07-26,2023,EN 15067:2007,CEN,number,withdrawal,FULL_LIST
32023D1586,2023-07-26,2023,EN 15093:2008,CEN,number,withdrawal,FULL_LIST
32023D1586,2023-07-26,2023,EN 15094:2008,CEN,number,withdrawal,FULL_LIST
32023D1586,2023-07-26,2023,EN 15095:2007+A1:2008,CEN,number,withdrawal,FULL_LIST
32023D1586,2023-07-26,2023,EN 15162:2008,CEN,number,withdrawal,FULL_LIST
32023D1586,2023-07-26,2023,EN 15163-1:2022,CEN,number,withdrawal,FULL_LIST
32023D1586,2023-07-26,2023,EN 15163-2:2022,CEN,number,withdrawal,FULL_LIST
32023D1586,2023-07-26,2023,EN 15164:2008,CEN,number,withdrawal,FULL_LIST
32023D1586,2023-07-26,2023,EN 15166:2008,CEN,number,withdrawal,FULL_LIST
32023D1586,2023-07-26,2023,EN 15194:2017,CEN,number,withdrawal,FULL_LIST
32023D1586,2023-07-26,2023,EN 15194:2017,CEN,number,withdrawal,FULL_LIST
32023D1586,2023-07-26,2023,EN 15194:2017,CEN,number,withdrawal,FULL_LIST
32023D1586,2023-07-26,2023,EN 15268:2008,CEN,number,withdrawal,FULL_LIST
32023D1586,2023-07-26,2023,EN 15503:2009+A2:2015,CEN,number,withdrawal,FULL_LIST
32023D1586,2023-07-26,2023,EN 15571:2020,CEN,number,withdrawal,FULL_LIST
32023D1586,2023-07-26,2023,EN 15572:2015,CEN,number,withdrawal,FULL_LIST
32023D1586,2023-07-26,2023,EN 15695-1:2017,CEN,number,withdrawal,FULL_LIST
32023D1586,2023-07-26,2023,EN 15695-2:2017,CEN,number,withdrawal,FULL_LIST
32023D1586,2023-07-26,2023,EN 15700:2011,CEN,number,withdrawal,FULL_LIST
32023D1586,2023-07-26,2023,EN ISO 15744:2008,ISO,explicit,withdrawal,FULL_LIST
32023D1586,2023-07-26,2023,EN 15746-2:2010+A1:2011,CEN,number,withdrawal,FULL_LIST
32023D1586,2023-07-26,2023,EN 15774:2010,CEN,number,withdrawal,FULL_LIST
32023D1586,2023-07-26,2023,EN 15811:2014,CEN,number,withdrawal,FULL_LIST
32023D1586,2023-07-26,2023,EN 15830:2012,CEN,number,withdrawal,FULL_LIST
32023D1586,2023-07-26,2023,EN 15861:2012,CEN,number,withdrawal,FULL_LIST
32023D1586,2023-07-26,2023,EN 15895:2011+A1:2018,CEN,number,withdrawal,FULL_LIST
32023D1586,2023-07-26,2023,EN 15949:2012,CEN,number,withdrawal,FULL_LIST
32023D1586,2023-07-26,2023,EN 15954-2:2013,CEN,number,withdrawal,FULL_LIST
32023D1586,2023-07-26,2023,EN 15955-2:2013,CEN,number,withdrawal,FULL_LIST
32023D1586,2023-07-26,2023,EN 15997:2011,CEN,number,withdrawal,FULL_LIST
32023D1586,2023-07-26,2023,EN 15997:2011,CEN,number,withdrawal,FULL_LIST
32023D1586,2023-07-26,2023,EN 16005:2012,CEN,number,withdrawal,FULL_LIST
32023D1586,2023-07-26,2023,EN 16005:2012,CEN,number,withdrawal,FULL_LIST
32023D1586,2023-07-26,2023,EN 16029:2012,CEN,number,withdrawal,FULL_LIST
32023D1586,2023-07-26,2023,EN ISO 16089:2015,ISO,explicit,withdrawal,FULL_LIST
32023D1586,2023-07-26,2023,EN ISO 16092-1:2018,ISO,explicit,withdrawal,FULL_LIST
32023D1586,2023-07-26,2023,EN ISO 16092-2:2020,ISO,explicit,withdrawal,FULL_LIST
32023D1586,2023-07-26,2023,EN ISO 16092-3:2018,ISO,explicit,withdrawal,FULL_LIST
32023D1586,2023-07-26,2023,EN ISO 16092-4:2020,ISO,explicit,withdrawal,FULL_LIST
32023D1586,2023-07-26,2023,EN ISO 16093:2017,ISO,explicit,withdrawal,FULL_LIST
32023D1586,2023-07-26,2023,EN ISO 16119-1:2013,ISO,explicit,withdrawal,FULL_LIST
32023D1586,2023-07-26,2023,EN ISO 16119-2:2013,ISO,explicit,withdrawal,FULL_LIST
32023D1586,2023-07-26,2023,EN ISO 16119-3:2013,ISO,explicit,withdrawal,FULL_LIST
32023D1586,2023-07-26,2023,EN ISO 16119-4:2014,ISO,explicit,withdrawal,FULL_LIST
32023D1586,2023-07-26,2023,EN 16191:2014,CEN,number,withdrawal,FULL_LIST
32023D1586,2023-07-26,2023,EN 16203:2014,CEN,number,withdrawal,FULL_LIST
32023D1586,2023-07-26,2023,EN 16228-1:2014+A1:2021,CEN,number,withdrawal,FULL_LIST
32023D1586,2023-07-26,2023,EN 16228-2:2014+A1:2021,CEN,number,withdrawal,FULL_LIST
32023D1586,2023-07-26,2023,EN 16228-3:2014+A1:2021,CEN,number,withdrawal,FULL_LIST
32023D1586,2023-07-26,2023,EN 16228-4:2014+A1:2021,CEN,number,withdrawal,FULL_LIST
32023D1586,2023-07-26,2023,EN 16228-5:2014+A1:2021,CEN,number,withdrawal,FULL_LIST
32023D1586,2023-07-26,2023,EN 16228-6:2014+A1:2021,CEN,number,withdrawal,FULL_LIST
32023D1586,2023-07-26,2023,EN 16228-7:2014+A1:2021,CEN,number,withdrawal,FULL_LIST
32023D1586,2023-07-26,2023,EN 16230-1:2013+A1:2014,CEN,number,withdrawal,FULL_LIST
32023D1586,2023-07-26,2023,EN ISO 16230-1:2015,ISO,explicit,withdrawal,FULL_LIST
32023D1586,2023-07-26,2023,EN ISO 16231-1:2013,ISO,explicit,withdrawal,FULL_LIST
32023D1586,2023-07-26,2023,EN ISO 16231-2:2015,ISO,explicit,withdrawal,FULL_LIST
32023D1586,2023-07-26,2023,EN 16246:2012,CEN,number,withdrawal,FULL_LIST
32023D1586,2023-07-26,2023,EN 16252:2012,CEN,number,withdrawal,FULL_LIST
32023D1586,2023-07-26,2023,EN 16307-1:2020,CEN,number,withdrawal,FULL_LIST
32023D1586,2023-07-26,2023,EN 16307-5:2013,CEN,number,withdrawal,FULL_LIST
32023D1586,2023-07-26,2023,EN 16307-6:2014,CEN,number,withdrawal,FULL_LIST
32023D1586,2023-07-26,2023,EN 16327:2014,CEN,number,withdrawal,FULL_LIST
32023D1586,2023-07-26,2023,EN 16474:2015,CEN,number,withdrawal,FULL_LIST
32023D1586,2023-07-26,2023,EN 16486:2014+A1:2020,CEN,number,withdrawal,FULL_LIST
32023D1586,2023-07-26,2023,EN 16500:2014,CEN,number,withdrawal,FULL_LIST
32023D1586,2023-07-26,2023,EN 16517:2021,CEN,number,withdrawal,FULL_LIST
32023D1586,2023-07-26,2023,EN 16564:2020,CEN,number,withdrawal,FULL_LIST
32023D1586,2023-07-26,2023,EN 16590-3:2014,CEN,number,withdrawal,FULL_LIST
32023D1586,2023-07-26,2023,EN 16590-4:2014,CEN,number,withdrawal,FULL_LIST
32023D1586,2023-07-26,2023,EN 16712-4:2018,CEN,number,withdrawal,FULL_LIST
32023D1586,2023-07-26,2023,EN 16719:2018,CEN,number,withdrawal,FULL_LIST
32023D1586,2023-07-26,2023,EN 16743:2016,CEN,number,withdrawal,FULL_LIST
32023D1586,2023-07-26,2023,EN 16770:2018,CEN,number,withdrawal,FULL_LIST
32023D1586,2023-07-26,2023,EN 16774:2016,CEN,number,withdrawal,FULL_LIST
32023D1586,2023-07-26,2023,EN 16808:2020,CEN,number,withdrawal,FULL_LIST
32023D1586,2023-07-26,2023,EN 16851:2017+A1:2020,CEN,number,withdrawal,FULL_LIST
32023D1586,2023-07-26,2023,EN 16952:2018+A1:2021,CEN,number,withdrawal,FULL_LIST
32023D1586,2023-07-26,2023,EN 16985:2018,CEN,number,withdrawal,FULL_LIST
32023D1586,2023-07-26,2023,EN 17003:2021,CEN,number,withdrawal,FULL_LIST
32023D1586,2023-07-26,2023,EN 17059:2018,CEN,number,withdrawal,FULL_LIST
32023D1586,2023-07-26,2023,EN 17067:2018,CEN,number,withdrawal,FULL_LIST
32023D1586,2023-07-26,2023,EN 17088:2021,CEN,number,withdrawal,FULL_LIST
32023D1586,2023-07-26,2023,EN 17106-1:2021,CEN,number,withdrawal,FULL_LIST
32023D1586,2023-07-26,2023,EN 17106-2:2021,CEN,number,withdrawal,FULL_LIST
32023D1586,2023-07-26,2023,EN 17106-3-1:2021,CEN,number,withdrawal,FULL_LIST
32023D1586,2023-07-26,2023,EN 17106-3-2:2021,CEN,number,withdrawal,FULL_LIST
32023D1586,2023-07-26,2023,EN 17106-4:2021,CEN,number,withdrawal,FULL_LIST
32023D1586,2023-07-26,2023,EN 17281:2021,CEN,number,withdrawal,FULL_LIST
32023D1586,2023-07-26,2023,EN 17348:2022,CEN,number,withdrawal,FULL_LIST
32023D1586,2023-07-26,2023,EN 17352:2022,CEN,number,withdrawal,FULL_LIST
32023D1586,2023-07-26,2023,EN ISO 17916:2016,ISO,explicit,withdrawal,FULL_LIST
32023D1586,2023-07-26,2023,EN ISO 18063-2:2021,ISO,explicit,withdrawal,FULL_LIST
32023D1586,2023-07-26,2023,EN ISO 19085-1:2021,ISO,explicit,withdrawal,FULL_LIST
32023D1586,2023-07-26,2023,EN ISO 19085-2:2021,ISO,explicit,withdrawal,FULL_LIST
32023D1586,2023-07-26,2023,EN ISO 19085-3:2021,ISO,explicit,withdrawal,FULL_LIST
32023D1586,2023-07-26,2023,EN ISO 19085-4:2018,ISO,explicit,withdrawal,FULL_LIST
32023D1586,2023-07-26,2023,EN ISO 19085-5:2017,ISO,explicit,withdrawal,FULL_LIST
32023D1586,2023-07-26,2023,EN ISO 19085-6:2017,ISO,explicit,withdrawal,FULL_LIST
32023D1586,2023-07-26,2023,EN ISO 19085-7:2019,ISO,explicit,withdrawal,FULL_LIST
32023D1586,2023-07-26,2023,EN ISO 19085-8:2018,ISO,explicit,withdrawal,FULL_LIST
32023D1586,2023-07-26,2023,EN ISO 19085-9:2020,ISO,explicit,withdrawal,FULL_LIST
32023D1586,2023-07-26,2023,EN ISO 19085-10:2019,ISO,explicit,withdrawal,FULL_LIST
32023D1586,2023-07-26,2023,EN ISO 19085-10:2019,ISO,explicit,withdrawal,FULL_LIST
32023D1586,2023-07-26,2023,EN ISO 19085-11:2020,ISO,explicit,withdrawal,FULL_LIST
32023D1586,2023-07-26,2023,EN ISO 19085-13:2020,ISO,explicit,withdrawal,FULL_LIST
32023D1586,2023-07-26,2023,EN ISO 19085-14:2021,ISO,explicit,withdrawal,FULL_LIST
32023D1586,2023-07-26,2023,EN ISO 19085-15:2021,ISO,explicit,withdrawal,FULL_LIST
32023D1586,2023-07-26,2023,EN ISO 19085-16:2021,ISO,explicit,withdrawal,FULL_LIST
32023D1586,2023-07-26,2023,EN ISO 19085-17:2021,ISO,explicit,withdrawal,FULL_LIST
32023D1586,2023-07-26,2023,EN ISO 19225:2017,ISO,explicit,withdrawal,FULL_LIST
32023D1586,2023-07-26,2023,EN ISO 19225:2017,ISO,explicit,withdrawal,FULL_LIST
32023D1586,2023-07-26,2023,EN ISO 19296:2018,ISO,explicit,withdrawal,FULL_LIST
32023D1586,2023-07-26,2023,EN ISO 19432-1:2020,ISO,explicit,withdrawal,FULL_LIST
32023D1586,2023-07-26,2023,EN ISO 19472-2:2022,ISO,explicit,withdrawal,FULL_LIST
32023D1586,2023-07-26,2023,EN ISO 19932-1:2013,ISO,explicit,withdrawal,FULL_LIST
32023D1586,2023-07-26,2023,EN ISO 19932-2:2013,ISO,explicit,withdrawal,FULL_LIST
32023D1586,2023-07-26,2023,EN ISO 20361:2019,ISO,explicit,withdrawal,FULL_LIST
32023D1586,2023-07-26,2023,EN ISO 20361:2019,ISO,explicit,withdrawal,FULL_LIST
32023D1586,2023-07-26,2023,EN ISO 20430:2020,ISO,explicit,withdrawal,FULL_LIST
32023D1586,2023-07-26,2023,EN ISO 21904-1:2020,ISO,explicit,withdrawal,FULL_LIST
32023D1586,2023-07-26,2023,EN ISO 22291:2022,ISO,explicit,withdrawal,FULL_LIST
32023D1586,2023-07-26,2023,EN ISO 22867:2021,ISO,explicit,withdrawal,FULL_LIST
32023D1586,2023-07-26,2023,EN ISO 22868:2021,ISO,explicit,withdrawal,FULL_LIST
32023D1586,2023-07-26,2023,EN ISO 23062:2022,ISO,explicit,withdrawal,FULL_LIST
32023D1586,2023-07-26,2023,EN ISO 23125:2015,ISO,explicit,withdrawal,FULL_LIST
32023D1586,2023-07-26,2023,EN ISO 28139:2009,ISO,explicit,withdrawal,FULL_LIST
32023D1586,2023-07-26,2023,EN ISO 28881:2022,ISO,explicit,withdrawal,FULL_LIST
32023D1586,2023-07-26,2023,EN ISO 28927-1:2019,ISO,explicit,withdrawal,FULL_LIST
32023D1586,2023-07-26,2023,EN ISO 28927-2:2009,ISO,explicit,withdrawal,FULL_LIST
32023D1586,2023-07-26,2023,EN ISO 28927-2:2009,ISO,explicit,withdrawal,FULL_LIST
32023D1586,2023-07-26,2023,EN ISO 28927-3:2009,ISO,explicit,withdrawal,FULL_LIST
32023D1586,2023-07-26,2023,EN ISO 28927-4:2010,ISO,explicit,withdrawal,FULL_LIST
32023D1586,2023-07-26,2023,EN ISO 28927-4:2010,ISO,explicit,withdrawal,FULL_LIST
32023D1586,2023-07-26,2023,EN ISO 28927-5:2009,ISO,explicit,withdrawal,FULL_LIST
32023D1586,2023-07-26,2023,EN ISO 28927-5:2009,ISO,explicit,withdrawal,FULL_LIST
32023D1586,2023-07-26,2023,EN ISO 28927-6:2009,ISO,explicit,withdrawal,FULL_LIST
32023D1586,2023-07-26,2023,EN ISO 28927-7:2009,ISO,explicit,withdrawal,FULL_LIST
32023D1586,2023-07-26,2023,EN ISO 28927-8:2009,ISO,explicit,withdrawal,FULL_LIST
32023D1586,2023-07-26,2023,EN ISO 28927-8:2009,ISO,explicit,withdrawal,FULL_LIST
32023D1586,2023-07-26,2023,EN ISO 28927-9:2009,ISO,explicit,withdrawal,FULL_LIST
32023D1586,2023-07-26,2023,EN ISO 28927-10:2011,ISO,explicit,withdrawal,FULL_LIST
32023D1586,2023-07-26,2023,EN ISO 28927-11:2011,ISO,explicit,withdrawal,FULL_LIST
32023D1586,2023-07-26,2023,EN ISO 28927-12:2012,ISO,explicit,withdrawal,FULL_LIST
32023D1586,2023-07-26,2023,EN ISO 28927-13:2022,ISO,explicit,withdrawal,FULL_LIST
32023D1586,2023-07-26,2023,EN 50223:2015,CENELEC,number,withdrawal,FULL_LIST
32023D1586,2023-07-26,2023,EN 50348:2010,CENELEC,number,withdrawal,FULL_LIST
32023D1586,2023-07-26,2023,EN 50348:2010,CENELEC,number,withdrawal,FULL_LIST
32023D1586,2023-07-26,2023,EN 50434:2014,CENELEC,number,withdrawal,FULL_LIST
32023D1586,2023-07-26,2023,EN 50569:2013,CENELEC,number,withdrawal,FULL_LIST
32023D1586,2023-07-26,2023,EN 50569:2013,CENELEC,number,withdrawal,FULL_LIST
32023D1586,2023-07-26,2023,EN 50570:2013,CENELEC,number,withdrawal,FULL_LIST
32023D1586,2023-07-26,2023,EN 50570:2013,CENELEC,number,withdrawal,FULL_LIST
32023D1586,2023-07-26,2023,EN 50571:2013,CENELEC,number,withdrawal,FULL_LIST
32023D1586,2023-07-26,2023,EN 50571:2013,CENELEC,number,withdrawal,FULL_LIST
32023D1586,2023-07-26,2023,EN 50580:2012,CENELEC,number,withdrawal,FULL_LIST
32023D1586,2023-07-26,2023,EN 50580:2012,CENELEC,number,withdrawal,FULL_LIST
32023D1586,2023-07-26,2023,EN 50636-2-91:2014,CENELEC,number,withdrawal,FULL_LIST
32023D1586,2023-07-26,2023,EN 50636-2-92:2014,CENELEC,number,withdrawal,FULL_LIST
32023D1586,2023-07-26,2023,EN 50636-2-94:2014,CENELEC,number,withdrawal,FULL_LIST
32023D1586,2023-07-26,2023,EN 50636-2-100:2014,CENELEC,number,withdrawal,FULL_LIST
32023D1586,2023-07-26,2023,EN 50636-2-107:2015,CENELEC,number,withdrawal,FULL_LIST
32023D1586,2023-07-26,2023,EN 50636-2-107:2015,CENELEC,number,withdrawal,FULL_LIST
32023D1586,2023-07-26,2023,EN 50636-2-107:2015,CENELEC,number,withdrawal,FULL_LIST
32023D1586,2023-07-26,2023,EN 50636-2-107:2015,CENELEC,number,withdrawal,FULL_LIST
32023D1586,2023-07-26,2023,EN 60204-31:2013,IEC,inferred-60000,withdrawal,FULL_LIST
32023D1586,2023-07-26,2023,EN 60335-1:2012,IEC,inferred-60000,withdrawal,FULL_LIST
32023D1586,2023-07-26,2023,EN 60335-1:2012,IEC,inferred-60000,withdrawal,FULL_LIST
32023D1586,2023-07-26,2023,EN 60335-1:2012,IEC,inferred-60000,withdrawal,FULL_LIST
32023D1586,2023-07-26,2023,EN 60335-1:2012,IEC,inferred-60000,withdrawal,FULL_LIST
32023D1586,2023-07-26,2023,EN 60335-1:2012,IEC,inferred-60000,withdrawal,FULL_LIST
32023D1586,2023-07-26,2023,EN 60335-2-8:2015,IEC,inferred-60000,withdrawal,FULL_LIST
32023D1586,2023-07-26,2023,EN 60335-2-8:2015,IEC,inferred-60000,withdrawal,FULL_LIST
32023D1586,2023-07-26,2023,EN 60335-2-23:2003,IEC,inferred-60000,withdrawal,FULL_LIST
32023D1586,2023-07-26,2023,EN 60335-2-23:2003,IEC,inferred-60000,withdrawal,FULL_LIST
32023D1586,2023-07-26,2023,EN 60335-2-36:2002,IEC,inferred-60000,withdrawal,FULL_LIST
32023D1586,2023-07-26,2023,EN 60335-2-36:2002,IEC,inferred-60000,withdrawal,FULL_LIST
32023D1586,2023-07-26,2023,EN 60335-2-36:2002,IEC,inferred-60000,withdrawal,FULL_LIST
32023D1586,2023-07-26,2023,EN 60335-2-37:2002,IEC,inferred-60000,withdrawal,FULL_LIST
32023D1586,2023-07-26,2023,EN 60335-2-37:2002,IEC,inferred-60000,withdrawal,FULL_LIST
32023D1586,2023-07-26,2023,EN 60335-2-37:2002,IEC,inferred-60000,withdrawal,FULL_LIST
32023D1586,2023-07-26,2023,EN 60335-2-37:2002,IEC,inferred-60000,withdrawal,FULL_LIST
32023D1586,2023-07-26,2023,EN 60335-2-40:2003,IEC,inferred-60000,withdrawal,FULL_LIST
32023D1586,2023-07-26,2023,EN 60335-2-40:2003,IEC,inferred-60000,withdrawal,FULL_LIST
32023D1586,2023-07-26,2023,EN 60335-2-40:2003,IEC,inferred-60000,withdrawal,FULL_LIST
32023D1586,2023-07-26,2023,EN 60335-2-40:2003,IEC,inferred-60000,withdrawal,FULL_LIST
32023D1586,2023-07-26,2023,EN 60335-2-40:2003,IEC,inferred-60000,withdrawal,FULL_LIST
32023D1586,2023-07-26,2023,EN 60335-2-40:2003,IEC,inferred-60000,withdrawal,FULL_LIST
32023D1586,2023-07-26,2023,EN 60335-2-40:2003,IEC,inferred-60000,withdrawal,FULL_LIST
32023D1586,2023-07-26,2023,EN 60335-2-40:2003,IEC,inferred-60000,withdrawal,FULL_LIST
32023D1586,2023-07-26,2023,EN 60335-2-40:2003,IEC,inferred-60000,withdrawal,FULL_LIST
32023D1586,2023-07-26,2023,EN IEC 60335-2-41:2021,IEC,explicit,withdrawal,FULL_LIST
32023D1586,2023-07-26,2023,EN IEC 60335-2-41:2021,IEC,explicit,withdrawal,FULL_LIST
32023D1586,2023-07-26,2023,EN 60335-2-42:2003,IEC,inferred-60000,withdrawal,FULL_LIST
32023D1586,2023-07-26,2023,EN 60335-2-42:2003,IEC,inferred-60000,withdrawal,FULL_LIST
32023D1586,2023-07-26,2023,EN 60335-2-42:2003,IEC,inferred-60000,withdrawal,FULL_LIST
32023D1586,2023-07-26,2023,EN 60335-2-47:2003,IEC,inferred-60000,withdrawal,FULL_LIST
32023D1586,2023-07-26,2023,EN 60335-2-47:2003,IEC,inferred-60000,withdrawal,FULL_LIST
32023D1586,2023-07-26,2023,EN 60335-2-47:2003,IEC,inferred-60000,withdrawal,FULL_LIST
32023D1586,2023-07-26,2023,EN 60335-2-48:2003,IEC,inferred-60000,withdrawal,FULL_LIST
32023D1586,2023-07-26,2023,EN 60335-2-48:2003,IEC,inferred-60000,withdrawal,FULL_LIST
32023D1586,2023-07-26,2023,EN 60335-2-48:2003,IEC,inferred-60000,withdrawal,FULL_LIST
32023D1586,2023-07-26,2023,EN 60335-2-49:2003,IEC,inferred-60000,withdrawal,FULL_LIST
32023D1586,2023-07-26,2023,EN 60335-2-49:2003,IEC,inferred-60000,withdrawal,FULL_LIST
32023D1586,2023-07-26,2023,EN 60335-2-49:2003,IEC,inferred-60000,withdrawal,FULL_LIST
32023D1586,2023-07-26,2023,EN 60335-2-58:2005,IEC,inferred-60000,withdrawal,FULL_LIST
32023D1586,2023-07-26,2023,EN 60335-2-58:2005,IEC,inferred-60000,withdrawal,FULL_LIST
32023D1586,2023-07-26,2023,EN 60335-2-58:2005,IEC,inferred-60000,withdrawal,FULL_LIST
32023D1586,2023-07-26,2023,EN 60335-2-65:2003,IEC,inferred-60000,withdrawal,FULL_LIST
32023D1586,2023-07-26,2023,EN 60335-2-65:2003,IEC,inferred-60000,withdrawal,FULL_LIST
32023D1586,2023-07-26,2023,EN 60335-2-67:2012,IEC,inferred-60000,withdrawal,FULL_LIST
32023D1586,2023-07-26,2023,EN 60335-2-68:2012,IEC,inferred-60000,withdrawal,FULL_LIST
32023D1586,2023-07-26,2023,EN 60335-2-69:2012,IEC,inferred-60000,withdrawal,FULL_LIST
32023D1586,2023-07-26,2023,EN 60335-2-72:2012,IEC,inferred-60000,withdrawal,FULL_LIST
32023D1586,2023-07-26,2023,EN 60335-2-79:2012,IEC,inferred-60000,withdrawal,FULL_LIST
32023D1586,2023-07-26,2023,EN IEC 60335-2-89:2022,IEC,explicit,withdrawal,FULL_LIST
32023D1586,2023-07-26,2023,EN IEC 60335-2-89:2022,IEC,explicit,withdrawal,FULL_LIST
32023D1586,2023-07-26,2023,EN 60335-2-95:2015,IEC,inferred-60000,withdrawal,FULL_LIST
32023D1586,2023-07-26,2023,EN 60335-2-95:2015,IEC,inferred-60000,withdrawal,FULL_LIST
32023D1586,2023-07-26,2023,EN 60335-2-97:2006,IEC,inferred-60000,withdrawal,FULL_LIST
32023D1586,2023-07-26,2023,EN 60335-2-97:2006,IEC,inferred-60000,withdrawal,FULL_LIST
32023D1586,2023-07-26,2023,EN 60335-2-102:2016,IEC,inferred-60000,withdrawal,FULL_LIST
32023D1586,2023-07-26,2023,EN 60335-2-103:2015,IEC,inferred-60000,withdrawal,FULL_LIST
32023D1586,2023-07-26,2023,EN 60519-1:2015,IEC,inferred-60000,withdrawal,FULL_LIST
32023D1586,2023-07-26,2023,EN 60745-2-12:2009,IEC,inferred-60000,withdrawal,FULL_LIST
32023D1586,2023-07-26,2023,EN 60745-2-16:2010,IEC,inferred-60000,withdrawal,FULL_LIST
32023D1586,2023-07-26,2023,EN 60745-2-18:2009,IEC,inferred-60000,withdrawal,FULL_LIST
32023D1586,2023-07-26,2023,EN 60745-2-19:2009,IEC,inferred-60000,withdrawal,FULL_LIST
32023D1586,2023-07-26,2023,EN 60745-2-19:2009,IEC,inferred-60000,withdrawal,FULL_LIST
32023D1586,2023-07-26,2023,EN 60745-2-20:2009,IEC,inferred-60000,withdrawal,FULL_LIST
32023D1586,2023-07-26,2023,EN 60745-2-22:2011,IEC,inferred-60000,withdrawal,FULL_LIST
32023D1586,2023-07-26,2023,EN 60745-2-22:2011,IEC,inferred-60000,withdrawal,FULL_LIST
32023D1586,2023-07-26,2023,EN 60745-2-23:2013,IEC,inferred-60000,withdrawal,FULL_LIST
32023D1586,2023-07-26,2023,EN 60947-5-3:2013,IEC,inferred-60000,withdrawal,FULL_LIST
32023D1586,2023-07-26,2023,EN 60947-5-5:1997,IEC,inferred-60000,withdrawal,FULL_LIST
32023D1586,2023-07-26,2023,EN 60947-5-5:1997,IEC,inferred-60000,withdrawal,FULL_LIST
32023D1586,2023-07-26,2023,EN 60947-5-5:1997,IEC,inferred-60000,withdrawal,FULL_LIST
32023D1586,2023-07-26,2023,EN 60947-5-5:1997,IEC,inferred-60000,withdrawal,FULL_LIST
32023D1586,2023-07-26,2023,EN 61029-2-3:2011,IEC,inferred-60000,withdrawal,FULL_LIST
32023D1586,2023-07-26,2023,EN 61029-2-5:2011,IEC,inferred-60000,withdrawal,FULL_LIST
32023D1586,2023-07-26,2023,EN 61029-2-5:2011,IEC,inferred-60000,withdrawal,FULL_LIST
32023D1586,2023-07-26,2023,EN 61029-2-8:2010,IEC,inferred-60000,withdrawal,FULL_LIST
32023D1586,2023-07-26,2023,EN 61029-2-11:2012,IEC,inferred-60000,withdrawal,FULL_LIST
32023D1586,2023-07-26,2023,EN 61029-2-11:2012,IEC,inferred-60000,withdrawal,FULL_LIST
32023D1586,2023-07-26,2023,EN 61029-2-12:2011,IEC,inferred-60000,withdrawal,FULL_LIST
32023D1586,2023-07-26,2023,EN 62841-1:2015,IEC,inferred-60000,withdrawal,FULL_LIST
32023D1586,2023-07-26,2023,EN 62841-1:2015,IEC,inferred-60000,withdrawal,FULL_LIST
32023D1586,2023-07-26,2023,EN 62841-1:2015,IEC,inferred-60000,withdrawal,FULL_LIST
32023D1586,2023-07-26,2023,EN 62841-2-1:2018,IEC,inferred-60000,withdrawal,FULL_LIST
32023D1586,2023-07-26,2023,EN 62841-2-1:2018,IEC,inferred-60000,withdrawal,FULL_LIST
32023D1586,2023-07-26,2023,EN 62841-2-1:2018,IEC,inferred-60000,withdrawal,FULL_LIST
32023D1586,2023-07-26,2023,EN 62841-2-1:2018,IEC,inferred-60000,withdrawal,FULL_LIST
32023D1586,2023-07-26,2023,EN 62841-2-2:2014,IEC,inferred-60000,withdrawal,FULL_LIST
32023D1586,2023-07-26,2023,EN 62841-2-2:2014,IEC,inferred-60000,withdrawal,FULL_LIST
32023D1586,2023-07-26,2023,EN IEC 62841-2-3:2021,IEC,explicit,withdrawal,FULL_LIST
32023D1586,2023-07-26,2023,EN IEC 62841-2-3:2021,IEC,explicit,withdrawal,FULL_LIST
32023D1586,2023-07-26,2023,EN 62841-2-4:2014,IEC,inferred-60000,withdrawal,FULL_LIST
32023D1586,2023-07-26,2023,EN 62841-2-4:2014,IEC,inferred-60000,withdrawal,FULL_LIST
32023D1586,2023-07-26,2023,EN 62841-2-5:2014,IEC,inferred-60000,withdrawal,FULL_LIST
32023D1586,2023-07-26,2023,EN IEC 62841-2-6:2020,IEC,explicit,withdrawal,FULL_LIST
32023D1586,2023-07-26,2023,EN IEC 62841-2-6:2020,IEC,explicit,withdrawal,FULL_LIST
32023D1586,2023-07-26,2023,EN 62841-2-8:2016,IEC,inferred-60000,withdrawal,FULL_LIST
32023D1586,2023-07-26,2023,EN 62841-2-9:2015,IEC,inferred-60000,withdrawal,FULL_LIST
32023D1586,2023-07-26,2023,EN 62841-2-9:2015,IEC,inferred-60000,withdrawal,FULL_LIST
32023D1586,2023-07-26,2023,EN 62841-2-10:2017,IEC,inferred-60000,withdrawal,FULL_LIST
32023D1586,2023-07-26,2023,EN 62841-2-11:2016,IEC,inferred-60000,withdrawal,FULL_LIST
32023D1586,2023-07-26,2023,EN 62841-2-11:2016,IEC,inferred-60000,withdrawal,FULL_LIST
32023D1586,2023-07-26,2023,EN 62841-2-14:2015,IEC,inferred-60000,withdrawal,FULL_LIST
32023D1586,2023-07-26,2023,EN 62841-2-17:2017,IEC,inferred-60000,withdrawal,FULL_LIST
32023D1586,2023-07-26,2023,EN 62841-2-21:2019,IEC,inferred-60000,withdrawal,FULL_LIST
32023D1586,2023-07-26,2023,EN 62841-3-1:2014,IEC,inferred-60000,withdrawal,FULL_LIST
32023D1586,2023-07-26,2023,EN 62841-3-1:2014,IEC,inferred-60000,withdrawal,FULL_LIST
32023D1586,2023-07-26,2023,EN 62841-3-1:2014,IEC,inferred-60000,withdrawal,FULL_LIST
32023D1586,2023-07-26,2023,EN 62841-3-1:2014,IEC,inferred-60000,withdrawal,FULL_LIST
32023D1586,2023-07-26,2023,EN 62841-3-1:2014,IEC,inferred-60000,withdrawal,FULL_LIST
32023D1586,2023-07-26,2023,EN 62841-3-4:2016,IEC,inferred-60000,withdrawal,FULL_LIST
32023D1586,2023-07-26,2023,EN 62841-3-4:2016,IEC,inferred-60000,withdrawal,FULL_LIST
32023D1586,2023-07-26,2023,EN 62841-3-4:2016,IEC,inferred-60000,withdrawal,FULL_LIST
32023D1586,2023-07-26,2023,EN IEC 62841-3-5:2022,IEC,explicit,withdrawal,FULL_LIST
32023D1586,2023-07-26,2023,EN IEC 62841-3-5:2022,IEC,explicit,withdrawal,FULL_LIST
32023D1586,2023-07-26,2023,EN 62841-3-6:2014,IEC,inferred-60000,withdrawal,FULL_LIST
32023D1586,2023-07-26,2023,EN 62841-3-6:2014,IEC,inferred-60000,withdrawal,FULL_LIST
32023D1586,2023-07-26,2023,EN 62841-3-6:2014,IEC,inferred-60000,withdrawal,FULL_LIST
32023D1586,2023-07-26,2023,EN 62841-3-6:2014,IEC,inferred-60000,withdrawal,FULL_LIST
32023D1586,2023-07-26,2023,EN 62841-3-6:2014,IEC,inferred-60000,withdrawal,FULL_LIST
32023D1586,2023-07-26,2023,EN IEC 62841-3-7:2021,IEC,explicit,withdrawal,FULL_LIST
32023D1586,2023-07-26,2023,EN IEC 62841-3-7:2021,IEC,explicit,withdrawal,FULL_LIST
32023D1586,2023-07-26,2023,EN IEC 62841-3-9:2020,IEC,explicit,withdrawal,FULL_LIST
32023D1586,2023-07-26,2023,EN IEC 62841-3-9:2020,IEC,explicit,withdrawal,FULL_LIST
32023D1586,2023-07-26,2023,EN 62841-3-10:2015,IEC,inferred-60000,withdrawal,FULL_LIST
32023D1586,2023-07-26,2023,EN 62841-3-10:2015,IEC,inferred-60000,withdrawal,FULL_LIST
32023D1586,2023-07-26,2023,EN 62841-3-10:2015,IEC,inferred-60000,withdrawal,FULL_LIST
32023D1586,2023-07-26,2023,EN 62841-3-10:2015,IEC,inferred-60000,withdrawal,FULL_LIST
32023D1586,2023-07-26,2023,EN 62841-3-10:2015,IEC,inferred-60000,withdrawal,FULL_LIST
32023D1586,2023-07-26,2023,EN 62841-3-12:2019,IEC,inferred-60000,withdrawal,FULL_LIST
32023D1586,2023-07-26,2023,EN 62841-3-13:2017,IEC,inferred-60000,withdrawal,FULL_LIST
32023D1586,2023-07-26,2023,EN 62841-3-14:2017,IEC,inferred-60000,withdrawal,FULL_LIST
32023D1586,2023-07-26,2023,EN 62841-4-1:2020,IEC,inferred-60000,withdrawal,FULL_LIST
32023D1586,2023-07-26,2023,EN 62841-4-2:2019,IEC,inferred-60000,withdrawal,FULL_LIST
32023D1586,2023-07-26,2023,EN 62841-4-2:2019,IEC,inferred-60000,withdrawal,FULL_LIST
32023D1586,2023-07-26,2023,EN 62841-4-2:2019,IEC,inferred-60000,withdrawal,FULL_LIST
32023D1586,2023-07-26,2023,EN IEC 62841-4-3:2021,IEC,explicit,withdrawal,FULL_LIST
32023D1586,2023-07-26,2023,EN IEC 62841-4-3:2021,IEC,explicit,withdrawal,FULL_LIST
32023D1586,2023-07-26,2023,EN IEC 62841-4-5:2021,IEC,explicit,withdrawal,FULL_LIST
32023D1586,2023-07-26,2023,EN IEC 62841-4-5:2021,IEC,explicit,withdrawal,FULL_LIST
32023D1586,2023-07-26,2023,EN IEC 62841-4-7:2022,IEC,explicit,withdrawal,FULL_LIST
32023D1586,2023-07-26,2023,EN IEC 62841-4-7:2022,IEC,explicit,withdrawal,FULL_LIST
32023D1586,2023-07-26,2023,EN ISO/IEC 80079-38:2016,ISO,explicit,withdrawal,FULL_LIST
32023D1586,2023-07-26,2023,EN ISO/IEC 80079-38:2016,ISO,explicit,withdrawal,FULL_LIST
32023D1586,2023-07-26,2023,EN ISO 11202:2010,ISO,explicit,withdrawal,FULL_LIST
32023D1586,2023-07-26,2023,EN 15967:2011,CEN,number,withdrawal,FULL_LIST
32023D1586,2023-07-26,2023,EN 62061:2005,IEC,inferred-60000,withdrawal,FULL_LIST
32023D1586,2023-07-26,2023,EN 62061:2005,IEC,inferred-60000,withdrawal,FULL_LIST
32023D1586,2023-07-26,2023,EN 62061:2005,IEC,inferred-60000,withdrawal,FULL_LIST
32023D1586,2023-07-26,2023,EN 62061:2005,IEC,inferred-60000,withdrawal,FULL_LIST
32023D1586,2023-07-26,2023,EN 280:2013+A1:2015,CEN,number,withdrawal,FULL_LIST
32023D1586,2023-07-26,2023,EN 303-5:2012,CEN,number,withdrawal,FULL_LIST
32023D1586,2023-07-26,2023,EN 415-3:1999+A1:2009,CEN,number,withdrawal,FULL_LIST
32023D1586,2023-07-26,2023,EN 474-2:2006+A1:2008,CEN,number,withdrawal,FULL_LIST
32023D1586,2023-07-26,2023,EN 474-3:2006+A1:2009,CEN,number,withdrawal,FULL_LIST
32023D1586,2023-07-26,2023,EN 474-4:2006+A2:2012,CEN,number,withdrawal,FULL_LIST
32023D1586,2023-07-26,2023,EN 474-5:2006+A3:2013,CEN,number,withdrawal,FULL_LIST
32023D1586,2023-07-26,2023,EN 474-6:2006+A1:2009,CEN,number,withdrawal,FULL_LIST
32023D1586,2023-07-26,2023,EN 474-7:2006+A1:2009,CEN,number,withdrawal,FULL_LIST
32023D1586,2023-07-26,2023,EN 474-8:2006+A1:2009,CEN,number,withdrawal,FULL_LIST
32023D1586,2023-07-26,2023,EN 474-9:2006+A1:2009,CEN,number,withdrawal,FULL_LIST
32023D1586,2023-07-26,2023,EN 474-10:2006+A1:2009,CEN,number,withdrawal,FULL_LIST
32023D1586,2023-07-26,2023,EN 474-11:2006+A1:2008,CEN,number,withdrawal,FULL_LIST
32023D1586,2023-07-26,2023,EN 474-12:2006+A1:2008,CEN,number,withdrawal,FULL_LIST
32023D1586,2023-07-26,2023,EN 500-4:2011,CEN,number,withdrawal,FULL_LIST
32023D1586,2023-07-26,2023,EN 528:2008,CEN,number,withdrawal,FULL_LIST
32023D1586,2023-07-26,2023,EN 619:2002+A1:2010,CEN,number,withdrawal,FULL_LIST
32023D1586,2023-07-26,2023,EN 620:2002+A1:2010,CEN,number,withdrawal,FULL_LIST
32023D1586,2023-07-26,2023,EN 703:2004+A1:2009,CEN,number,withdrawal,FULL_LIST
32023D1586,2023-07-26,2023,EN 710:1997+A1:2010,CEN,number,withdrawal,FULL_LIST
32023D1586,2023-07-26,2023,EN 710:1997+A1:2010,CEN,number,withdrawal,FULL_LIST
32023D1586,2023-07-26,2023,EN 746-3:1997+A1:2009,CEN,number,withdrawal,FULL_LIST
32023D1586,2023-07-26,2023,EN 1034-4:2005+A1:2009,CEN,number,withdrawal,FULL_LIST
32023D1586,2023-07-26,2023,EN 1501-1:2011+A1:2015,CEN,number,withdrawal,FULL_LIST
32023D1586,2023-07-26,2023,EN 1501-2:2005+A1:2009,CEN,number,withdrawal,FULL_LIST
32023D1586,2023-07-26,2023,EN 1501-3:2008,CEN,number,withdrawal,FULL_LIST
32023D1586,2023-07-26,2023,EN 1501-5:2011,CEN,number,withdrawal,FULL_LIST
32023D1586,2023-07-26,2023,EN 1755:2000+A2:2013,CEN,number,withdrawal,FULL_LIST
32023D1586,2023-07-26,2023,EN 1756-1:2001+A1:2008,CEN,number,withdrawal,FULL_LIST
32023D1586,2023-07-26,2023,EN 1807-1:2013,CEN,number,withdrawal,FULL_LIST
32023D1586,2023-07-26,2023,EN 1829-1:2010,CEN,number,withdrawal,FULL_LIST
32023D1586,2023-07-26,2023,EN ISO 3691-6:2015,ISO,explicit,withdrawal,FULL_LIST
32023D1586,2023-07-26,2023,EN ISO 3691-6:2015,ISO,explicit,withdrawal,FULL_LIST
32023D1586,2023-07-26,2023,EN ISO 4254-1:2015,ISO,explicit,withdrawal,FULL_LIST
32023D1586,2023-07-26,2023,EN ISO 4254-6:2009,ISO,explicit,withdrawal,FULL_LIST
32023D1586,2023-07-26,2023,EN ISO 4254-6:2009,ISO,explicit,withdrawal,FULL_LIST
32023D1586,2023-07-26,2023,EN ISO 11680-1:2011,ISO,explicit,withdrawal,FULL_LIST
32023D1586,2023-07-26,2023,EN ISO 11680-2:2011,ISO,explicit,withdrawal,FULL_LIST
32023D1586,2023-07-26,2023,EN ISO 11681-1:2011,ISO,explicit,withdrawal,FULL_LIST
32023D1586,2023-07-26,2023,EN ISO 11681-2:2011,ISO,explicit,withdrawal,FULL_LIST
32023D1586,2023-07-26,2023,EN ISO 11681-2:2011,ISO,explicit,withdrawal,FULL_LIST
32023D1586,2023-07-26,2023,EN ISO 11806-1:2011,ISO,explicit,withdrawal,FULL_LIST
32023D1586,2023-07-26,2023,EN ISO 11806-2:2011,ISO,explicit,withdrawal,FULL_LIST
32023D1586,2023-07-26,2023,EN ISO 11850:2011,ISO,explicit,withdrawal,FULL_LIST
32023D1586,2023-07-26,2023,EN ISO 11850:2011,ISO,explicit,withdrawal,FULL_LIST
32023D1586,2023-07-26,2023,EN 12012-4:2006+A1:2008,CEN,number,withdrawal,FULL_LIST
32023D1586,2023-07-26,2023,EN 12158-1:2000+A1:2010,CEN,number,withdrawal,FULL_LIST
32023D1586,2023-07-26,2023,EN 12312-5:2005+A1:2009,CEN,number,withdrawal,FULL_LIST
32023D1586,2023-07-26,2023,EN 12331:2003+A2:2010,CEN,number,withdrawal,FULL_LIST
32023D1586,2023-07-26,2023,EN 12355:2003+A1:2010,CEN,number,withdrawal,FULL_LIST
32023D1586,2023-07-26,2023,EN 12418:2000+A1:2009,CEN,number,withdrawal,FULL_LIST
32023D1586,2023-07-26,2023,EN 12750:2013,CEN,number,withdrawal,FULL_LIST
32023D1586,2023-07-26,2023,EN 13001-2:2014,CEN,number,withdrawal,FULL_LIST
32023D1586,2023-07-26,2023,EN 13001-3-5:2016,CEN,number,withdrawal,FULL_LIST
32023D1586,2023-07-26,2023,EN 13019:2001+A1:2008,CEN,number,withdrawal,FULL_LIST
32023D1586,2023-07-26,2023,EN 13021:2003+A1:2008,CEN,number,withdrawal,FULL_LIST
32023D1586,2023-07-26,2023,EN 13118:2000+A1:2009,CEN,number,withdrawal,FULL_LIST
32023D1586,2023-07-26,2023,EN 13140:2000+A1:2009,CEN,number,withdrawal,FULL_LIST
32023D1586,2023-07-26,2023,EN 13524:2003+A2:2014,CEN,number,withdrawal,FULL_LIST
32023D1586,2023-07-26,2023,EN 13617-1:2012,CEN,number,withdrawal,FULL_LIST
32023D1586,2023-07-26,2023,EN 13732:2013,CEN,number,withdrawal,FULL_LIST
32023D1586,2023-07-26,2023,EN 13862:2001+A1:2009,CEN,number,withdrawal,FULL_LIST
32023D1586,2023-07-26,2023,EN 13870:2015,CEN,number,withdrawal,FULL_LIST
32023D1586,2023-07-26,2023,EN 13885:2005+A1:2010,CEN,number,withdrawal,FULL_LIST
32023D1586,2023-07-26,2023,EN 15163:2008,CEN,number,withdrawal,FULL_LIST
32023D1586,2023-07-26,2023,EN 16228-1:2014,CEN,number,withdrawal,FULL_LIST
32023D1586,2023-07-26,2023,EN 16228-2:2014,CEN,number,withdrawal,FULL_LIST
32023D1586,2023-07-26,2023,EN 16228-3:2014,CEN,number,withdrawal,FULL_LIST
32023D1586,2023-07-26,2023,EN 16228-4:2014,CEN,number,withdrawal,FULL_LIST
32023D1586,2023-07-26,2023,EN 16228-5:2014,CEN,number,withdrawal,FULL_LIST
32023D1586,2023-07-26,2023,EN 16228-6:2014,CEN,number,withdrawal,FULL_LIST
32023D1586,2023-07-26,2023,EN 16228-7:2014,CEN,number,withdrawal,FULL_LIST
32023D1586,2023-07-26,2023,EN ISO 18217:2015,ISO,explicit,withdrawal,FULL_LIST
32023D1586,2023-07-26,2023,EN ISO 19085-1:2017,ISO,explicit,withdrawal,FULL_LIST
32023D1586,2023-07-26,2023,EN ISO 19085-2:2017,ISO,explicit,withdrawal,FULL_LIST
32023D1586,2023-07-26,2023,EN ISO 22867:2011,ISO,explicit,withdrawal,FULL_LIST
32023D1586,2023-07-26,2023,EN ISO 22868:2011,ISO,explicit,withdrawal,FULL_LIST
32023D1586,2023-07-26,2023,EN ISO 28881:2013,ISO,explicit,withdrawal,FULL_LIST
32023D1586,2023-07-26,2023,EN ISO 28881:2013,ISO,explicit,withdrawal,FULL_LIST
32023D1586,2023-07-26,2023,EN ISO 28927-1:2009,ISO,explicit,withdrawal,FULL_LIST
32023D1586,2023-07-26,2023,EN ISO 28927-1:2009,ISO,explicit,withdrawal,FULL_LIST
32023D1586,2023-07-26,2023,EN 60335-2-77:2010,IEC,inferred-60000,withdrawal,FULL_LIST
32023D1586,2023-07-26,2023,EN 60335-2-89:2010,IEC,inferred-60000,withdrawal,FULL_LIST
32023D1586,2023-07-26,2023,EN 60335-2-89:2010,IEC,inferred-60000,withdrawal,FULL_LIST
32023D1586,2023-07-26,2023,EN 60335-2-89:2010,IEC,inferred-60000,withdrawal,FULL_LIST
32023D1586,2023-07-26,2023,EN 60745-2-3:2011,IEC,inferred-60000,withdrawal,FULL_LIST
32023D1586,2023-07-26,2023,EN 60745-2-3:2011,IEC,inferred-60000,withdrawal,FULL_LIST
32023D1586,2023-07-26,2023,EN 60745-2-3:2011,IEC,inferred-60000,withdrawal,FULL_LIST
32023D1586,2023-07-26,2023,EN 60745-2-3:2011,IEC,inferred-60000,withdrawal,FULL_LIST
32023D1586,2023-07-26,2023,EN 60745-2-3:2011,IEC,inferred-60000,withdrawal,FULL_LIST
32023D1586,2023-07-26,2023,EN 60745-2-15:2009,IEC,inferred-60000,withdrawal,FULL_LIST
32023D1586,2023-07-26,2023,EN 60745-2-15:2009,IEC,inferred-60000,withdrawal,FULL_LIST
32023D1586,2023-07-26,2023,EN 62841-1:2015,IEC,inferred-60000,withdrawal,FULL_LIST
32023D1586,2023-07-26,2023,EN 62841-1:2015,IEC,inferred-60000,withdrawal,FULL_LIST
32023D1586,2023-07-26,2023,EN 303-5:2021,CEN,number,withdrawal,FULL_LIST
32023D1586,2023-07-26,2023,EN 474-1:2006+A6:2019,CEN,number,withdrawal,FULL_LIST
32023D1586,2023-07-26,2023,EN 474-5:2006+A3:2013,CEN,number,withdrawal,FULL_LIST
32023D1586,2023-07-26,2023,EN 474-1:2006+A6:2019,CEN,number,withdrawal,FULL_LIST
32023D1586,2023-07-26,2023,EN 474-4:2006+A2:2012,CEN,number,withdrawal,FULL_LIST
32023D1586,2023-07-26,2023,EN 474-5:2006+A3:2013,CEN,number,withdrawal,FULL_LIST
32023D1586,2023-07-26,2023,EN 13001-3-6:2018,CEN,number,withdrawal,FULL_LIST
32023D1586,2023-07-26,2023,EN 16952:2018,CEN,number,withdrawal,FULL_LIST
32023D1586,2023-07-26,2023,EN ISO 19085-3:2017,ISO,explicit,withdrawal,FULL_LIST
32023D1586,2023-07-26,2023,EN ISO 19085-3:2017,ISO,explicit,withdrawal,FULL_LIST
32023D1586,2023-07-26,2023,EN 50636-2-107:2015,CENELEC,number,withdrawal,FULL_LIST
32023D1586,2023-07-26,2023,EN 50636-2-107:2015,CENELEC,number,withdrawal,FULL_LIST
32023D1586,2023-07-26,2023,EN 50636-2-107:2015,CENELEC,number,withdrawal,FULL_LIST
32023D1586,2023-07-26,2023,EN 60335-1:2012,IEC,inferred-60000,withdrawal,FULL_LIST
32023D1586,2023-07-26,2023,EN 60335-1:2012,IEC,inferred-60000,withdrawal,FULL_LIST
32023D1586,2023-07-26,2023,EN 60335-1:2012,IEC,inferred-60000,withdrawal,FULL_LIST
32023D1586,2023-07-26,2023,EN 60335-1:2012,IEC,inferred-60000,withdrawal,FULL_LIST
32023D1586,2023-07-26,2023,EN 62841-4-2:2019,IEC,inferred-60000,withdrawal,FULL_LIST
32023D1586,2023-07-26,2023,EN 62841-2-1:2018,IEC,inferred-60000,withdrawal,FULL_LIST
32023D1586,2023-07-26,2023,EN 62841-2-1:2018,IEC,inferred-60000,withdrawal,FULL_LIST
32023D1586,2023-07-26,2023,EN 62841-3-1:2014,IEC,inferred-60000,withdrawal,FULL_LIST
32023D1586,2023-07-26,2023,EN 62841-3-1:2014,IEC,inferred-60000,withdrawal,FULL_LIST
32023D1586,2023-07-26,2023,EN 62841-3-1:2014,IEC,inferred-60000,withdrawal,FULL_LIST
32023D1586,2023-07-26,2023,EN 62841-3-6:2014,IEC,inferred-60000,withdrawal,FULL_LIST
32023D1586,2023-07-26,2023,EN 62841-3-6:2014,IEC,inferred-60000,withdrawal,FULL_LIST
32023D1586,2023-07-26,2023,EN 62841-3-6:2014,IEC,inferred-60000,withdrawal,FULL_LIST
32023D1586,2023-07-26,2023,EN 62841-3-10:2015,IEC,inferred-60000,withdrawal,FULL_LIST
32023D1586,2023-07-26,2023,EN 62841-3-10:2015,IEC,inferred-60000,withdrawal,FULL_LIST
32023D1586,2023-07-26,2023,EN 62841-3-10:2015,IEC,inferred-60000,withdrawal,FULL_LIST
32023D1587,2023-08-01,2023,EN 50104:2010,CENELEC,number,none,AMENDING
32023D1587,2023-08-01,2023,EN 50104:2019,CENELEC,number,none,AMENDING
32023D1587,2023-08-01,2023,EN 50104:2019,CENELEC,number,none,AMENDING
32023D1587,2023-08-01,2023,EN 50104:2019,CENELEC,number,none,AMENDING
32023D1587,2023-08-01,2023,EN 50104:2019,CENELEC,number,none,AMENDING
32023D1587,2023-08-01,2023,EN 50104:2019,CENELEC,number,none,AMENDING
32023D1587,2023-08-01,2023,EN 50104:2019,CENELEC,number,none,AMENDING
32023D1587,2023-08-01,2023,EN 50104:2019,CENELEC,number,none,AMENDING
32023D1587,2023-08-01,2023,EN 50104:2019,CENELEC,number,none,AMENDING
32023D1587,2023-08-01,2023,EN 50104:2019,CENELEC,number,none,AMENDING
32023D1587,2023-08-01,2023,EN 50104:2010,CENELEC,number,none,AMENDING
32023D1587,2023-08-01,2023,EN 50104:2019,CENELEC,number,none,AMENDING
32023D1587,2023-08-01,2023,EN 50104:2019,CENELEC,number,none,AMENDING
32023D1587,2023-08-01,2023,EN 50104:2010,CENELEC,number,none,AMENDING
32023D1587,2023-08-01,2023,EN 50104:2019,CENELEC,number,addition,AMENDING
32023D1587,2023-08-01,2023,EN 50104:2019,CENELEC,number,addition,AMENDING
32023D1646,2023-08-17,2023,EN 81-21:2009,CEN,number,none,AMENDING
32023D1646,2023-08-17,2023,EN 81-21:2009+A1:2012,CEN,number,none,AMENDING
32023D1646,2023-08-17,2023,EN 81-28:2003,CEN,number,none,AMENDING
32023D1646,2023-08-17,2023,EN 81-58:2003,CEN,number,none,AMENDING
32023D1646,2023-08-17,2023,EN 81-70:2003,CEN,number,none,AMENDING
32023D1646,2023-08-17,2023,EN 81-70:2003,CEN,number,none,AMENDING
32023D1646,2023-08-17,2023,EN 81-77:2013,CEN,number,none,AMENDING
32023D1646,2023-08-17,2023,EN 81-21:2022,CEN,number,none,AMENDING
32023D1646,2023-08-17,2023,EN 81-28:2022,CEN,number,none,AMENDING
32023D1646,2023-08-17,2023,EN 81-58:2022,CEN,number,none,AMENDING
32023D1646,2023-08-17,2023,EN 81-70:2021+A1:2022,CEN,number,none,AMENDING
32023D1646,2023-08-17,2023,EN 81-77:2022,CEN,number,none,AMENDING
32023D1646,2023-08-17,2023,EN 81-21:2022,CEN,number,none,AMENDING
32023D1646,2023-08-17,2023,EN 81-28:2022,CEN,number,none,AMENDING
32023D1646,2023-08-17,2023,EN 81-58:2022,CEN,number,none,AMENDING
32023D1646,2023-08-17,2023,EN 81-70:2021+A1:2022,CEN,number,none,AMENDING
32023D1646,2023-08-17,2023,EN 81-77:2022,CEN,number,none,AMENDING
32023D1646,2023-08-17,2023,EN 81-21:2022,CEN,number,none,AMENDING
32023D1646,2023-08-17,2023,EN 81-28:2022,CEN,number,none,AMENDING
32023D1646,2023-08-17,2023,EN 81-58:2022,CEN,number,none,AMENDING
32023D1646,2023-08-17,2023,EN 81-70:2021+A1:2022,CEN,number,none,AMENDING
32023D1646,2023-08-17,2023,EN 81-77:2022,CEN,number,none,AMENDING
32023D1646,2023-08-17,2023,EN 81-21:2022,CEN,number,none,AMENDING
32023D1646,2023-08-17,2023,EN 81-28:2022,CEN,number,none,AMENDING
32023D1646,2023-08-17,2023,EN 81-58:2022,CEN,number,none,AMENDING
32023D1646,2023-08-17,2023,EN 81-70:2021+A1:2022,CEN,number,none,AMENDING
32023D1646,2023-08-17,2023,EN 81-77:2022,CEN,number,none,AMENDING
32023D1646,2023-08-17,2023,EN 81-21:2009,CEN,number,none,AMENDING
32023D1646,2023-08-17,2023,EN 81-21:2009+A1:2012,CEN,number,none,AMENDING
32023D1646,2023-08-17,2023,EN 81-28:2003,CEN,number,none,AMENDING
32023D1646,2023-08-17,2023,EN 81-58:2003,CEN,number,none,AMENDING
32023D1646,2023-08-17,2023,EN 81-70:2003,CEN,number,none,AMENDING
32023D1646,2023-08-17,2023,EN 81-70:2003,CEN,number,none,AMENDING
32023D1646,2023-08-17,2023,EN 81-77:2013,CEN,number,none,AMENDING
32023D1646,2023-08-17,2023,EN 81-21:2009,CEN,number,none,AMENDING
32023D1646,2023-08-17,2023,EN 81-21:2009+A1:2012,CEN,number,none,AMENDING
32023D1646,2023-08-17,2023,EN 81-28:2003,CEN,number,none,AMENDING
32023D1646,2023-08-17,2023,EN 81-58:2003,CEN,number,none,AMENDING
32023D1646,2023-08-17,2023,EN 81-70:2003,CEN,number,none,AMENDING
32023D1646,2023-08-17,2023,EN 81-70:2003,CEN,number,none,AMENDING
32023D1646,2023-08-17,2023,EN 81-77:2013,CEN,number,none,AMENDING
32023D1646,2023-08-17,2023,EN 81-21:2022,CEN,number,addition,AMENDING
32023D1646,2023-08-17,2023,EN 81-28:2022,CEN,number,addition,AMENDING
32023D1646,2023-08-17,2023,EN 81-58:2022,CEN,number,addition,AMENDING
32023D1646,2023-08-17,2023,EN 81-70:2021+A1:2022,CEN,number,addition,AMENDING
32023D1646,2023-08-17,2023,EN 81-77:2022,CEN,number,addition,AMENDING
32023D1759,2023-09-11,2023,EN 60436:2020,IEC,inferred-60000,none,FULL_LIST
32023D1759,2023-09-11,2023,EN 60436:2020,IEC,inferred-60000,none,FULL_LIST
32023D1759,2023-09-11,2023,EN 60436:2020,IEC,inferred-60000,none,FULL_LIST
32023D1759,2023-09-11,2023,EN 60436:2020,IEC,inferred-60000,none,FULL_LIST
32023D1759,2023-09-11,2023,EN 60436:2020,IEC,inferred-60000,none,FULL_LIST
32023D1759,2023-09-11,2023,EN 60436:2020,IEC,inferred-60000,none,FULL_LIST
32023D1759,2023-09-11,2023,EN 60436:2020,IEC,inferred-60000,none,FULL_LIST
32023D1759,2023-09-11,2023,EN 60436:2020,IEC,inferred-60000,none,FULL_LIST
32023D1759,2023-09-11,2023,EN 60436:2020,IEC,inferred-60000,none,FULL_LIST
32023D1759,2023-09-11,2023,EN 60436:2020,IEC,inferred-60000,none,FULL_LIST
32023D1759,2023-09-11,2023,EN 60436:2020,IEC,inferred-60000,none,FULL_LIST
32023D1759,2023-09-11,2023,EN 60436:2020,IEC,inferred-60000,none,FULL_LIST
32023D1759,2023-09-11,2023,EN 60436:2020,IEC,inferred-60000,none,FULL_LIST
32023D1759,2023-09-11,2023,EN 60436:2020,IEC,inferred-60000,none,FULL_LIST
32023D1759,2023-09-11,2023,EN 60436:2020,IEC,inferred-60000,none,FULL_LIST
32023D1759,2023-09-11,2023,EN 60436:2020,IEC,inferred-60000,none,FULL_LIST
32023D1759,2023-09-11,2023,EN 60436:2020,IEC,inferred-60000,none,FULL_LIST
32023D1759,2023-09-11,2023,EN 60436:2020,IEC,inferred-60000,none,FULL_LIST
32023D1759,2023-09-11,2023,EN 60436:2020,IEC,inferred-60000,none,FULL_LIST
32023D1759,2023-09-11,2023,EN 60436:2020,IEC,inferred-60000,none,FULL_LIST
32023D1759,2023-09-11,2023,EN 60436:2020,IEC,inferred-60000,none,FULL_LIST
32023D1759,2023-09-11,2023,EN 60436:2020,IEC,inferred-60000,none,FULL_LIST
32023D1759,2023-09-11,2023,EN 60436:2020,IEC,inferred-60000,none,FULL_LIST
32023D1759,2023-09-11,2023,EN 60436:2020,IEC,inferred-60000,none,FULL_LIST
32023D1759,2023-09-11,2023,EN 60436:2020,IEC,inferred-60000,none,FULL_LIST
32023D1759,2023-09-11,2023,EN 60436:2020,IEC,inferred-60000,none,FULL_LIST
32023D1759,2023-09-11,2023,EN 60436:2020,IEC,inferred-60000,none,FULL_LIST
32023D1759,2023-09-11,2023,EN 60436:2020,IEC,inferred-60000,none,FULL_LIST
32023D1759,2023-09-11,2023,EN 60436:2020,IEC,inferred-60000,none,FULL_LIST
32023D1759,2023-09-11,2023,EN 60436:2020,IEC,inferred-60000,none,FULL_LIST
32023D1759,2023-09-11,2023,EN 60436:2020,IEC,inferred-60000,none,FULL_LIST
32023D1759,2023-09-11,2023,EN 60436:2020,IEC,inferred-60000,none,FULL_LIST
32023D2392,2023-10-03,2023,EN 301 908-1 V15.1.1,ETSI,spaced,none,AMENDING
32023D2392,2023-10-03,2023,EN 302 077-2 V1.1.1,ETSI,spaced,none,AMENDING
32023D2392,2023-10-03,2023,EN 302 245-2 V1.1.1,ETSI,spaced,none,AMENDING
32023D2392,2023-10-03,2023,EN 303 132 V1.1.1,ETSI,spaced,none,AMENDING
32023D2392,2023-10-03,2023,EN 303 980 V1.2.1,ETSI,spaced,none,AMENDING
32023D2392,2023-10-03,2023,EN 303 981 V1.2.1,ETSI,spaced,none,AMENDING
32023D2392,2023-10-03,2023,EN 301 908-1 V15.2.1,ETSI,spaced,none,AMENDING
32023D2392,2023-10-03,2023,EN 302 077 V2.3.1,ETSI,spaced,none,AMENDING
32023D2392,2023-10-03,2023,EN 302 245 V2.2.1,ETSI,spaced,none,AMENDING
32023D2392,2023-10-03,2023,EN 303 132 V2.1.1,ETSI,spaced,none,AMENDING
32023D2392,2023-10-03,2023,EN 303 980 V1.3.1,ETSI,spaced,none,AMENDING
32023D2392,2023-10-03,2023,EN 303 981 V1.3.1,ETSI,spaced,none,AMENDING
32023D2392,2023-10-03,2023,EN 301 908-1 V15.2.1,ETSI,spaced,none,AMENDING
32023D2392,2023-10-03,2023,EN 302 077 V2.3.1,ETSI,spaced,none,AMENDING
32023D2392,2023-10-03,2023,EN 302 245 V2.2.1,ETSI,spaced,none,AMENDING
32023D2392,2023-10-03,2023,EN 303 132 V2.1.1,ETSI,spaced,none,AMENDING
32023D2392,2023-10-03,2023,EN 303 980 V1.3.1,ETSI,spaced,none,AMENDING
32023D2392,2023-10-03,2023,EN 303 981 V1.3.1,ETSI,spaced,none,AMENDING
32023D2392,2023-10-03,2023,EN 301 908-1 V15.2.1,ETSI,spaced,none,AMENDING
32023D2392,2023-10-03,2023,EN 302 077 V2.3.1,ETSI,spaced,none,AMENDING
32023D2392,2023-10-03,2023,EN 302 245 V2.2.1,ETSI,spaced,none,AMENDING
32023D2392,2023-10-03,2023,EN 303 132 V2.1.1,ETSI,spaced,none,AMENDING
32023D2392,2023-10-03,2023,EN 303 980 V1.3.1,ETSI,spaced,none,AMENDING
32023D2392,2023-10-03,2023,EN 303 981 V1.3.1,ETSI,spaced,none,AMENDING
32023D2392,2023-10-03,2023,EN 301 908-1 V15.1.1,ETSI,spaced,none,AMENDING
32023D2392,2023-10-03,2023,EN 302 077-2 V1.1.1,ETSI,spaced,none,AMENDING
32023D2392,2023-10-03,2023,EN 302 245-2 V1.1.1,ETSI,spaced,none,AMENDING
32023D2392,2023-10-03,2023,EN 303 132 V1.1.1,ETSI,spaced,none,AMENDING
32023D2392,2023-10-03,2023,EN 303 980 V1.2.1,ETSI,spaced,none,AMENDING
32023D2392,2023-10-03,2023,EN 303 981 V1.2.1,ETSI,spaced,none,AMENDING
32023D2392,2023-10-03,2023,EN 301 908-1 V15.1.1,ETSI,spaced,none,AMENDING
32023D2392,2023-10-03,2023,EN 302 077-2 V1.1.1,ETSI,spaced,none,AMENDING
32023D2392,2023-10-03,2023,EN 302 245-2 V1.1.1,ETSI,spaced,none,AMENDING
32023D2392,2023-10-03,2023,EN 303 132 V1.1.1,ETSI,spaced,none,AMENDING
32023D2392,2023-10-03,2023,EN 303 980 V1.2.1,ETSI,spaced,none,AMENDING
32023D2392,2023-10-03,2023,EN 303 981 V1.2.1,ETSI,spaced,none,AMENDING
32023D2392,2023-10-03,2023,EN 302 077 V2.3.1,ETSI,spaced,addition,AMENDING
32023D2392,2023-10-03,2023,EN 302 245 V2.2.1,ETSI,spaced,addition,AMENDING
32023D2392,2023-10-03,2023,EN 303 132 V2.1.1,ETSI,spaced,addition,AMENDING
32023D2392,2023-10-03,2023,EN 303 980 V1.3.1,ETSI,spaced,addition,AMENDING
32023D2392,2023-10-03,2023,EN 303 981 V1.3.1,ETSI,spaced,addition,AMENDING
32023D2461,2023-11-07,2023,EN 13240:2001,CEN,number,none,AMENDING
32023D2461,2023-11-07,2023,EN 13240:2001,CEN,number,none,AMENDING
32023D2461,2023-11-07,2023,EN 13240:2001,CEN,number,none,AMENDING
32023D2461,2023-11-07,2023,EN 13240:2001,CEN,number,none,AMENDING
32023D2461,2023-11-07,2023,EN 13229:2001,CEN,number,none,AMENDING
32023D2461,2023-11-07,2023,EN 13229:2001,CEN,number,none,AMENDING
32023D2461,2023-11-07,2023,EN 13229:2001,CEN,number,none,AMENDING
32023D2461,2023-11-07,2023,EN 13229:2001,CEN,number,none,AMENDING
32023D2461,2023-11-07,2023,EN 13229:2001,CEN,number,none,AMENDING
32023D2461,2023-11-07,2023,EN 12815:2001,CEN,number,none,AMENDING
32023D2461,2023-11-07,2023,EN 12815:2001,CEN,number,none,AMENDING
32023D2461,2023-11-07,2023,EN 12815:2001,CEN,number,none,AMENDING
32023D2461,2023-11-07,2023,EN 12815:2001,CEN,number,none,AMENDING
32023D2461,2023-11-07,2023,EN 12809:2001,CEN,number,none,AMENDING
32023D2461,2023-11-07,2023,EN 12809:2001,CEN,number,none,AMENDING
32023D2461,2023-11-07,2023,EN 12809:2001,CEN,number,none,AMENDING
32023D2461,2023-11-07,2023,EN 12809:2001,CEN,number,none,AMENDING
32023D2461,2023-11-07,2023,EN 14785:2006,CEN,number,none,AMENDING
32023D2461,2023-11-07,2023,EN 16510-2-1:2022,CEN,number,none,AMENDING
32023D2461,2023-11-07,2023,EN 16510-2-2:2022,CEN,number,none,AMENDING
32023D2461,2023-11-07,2023,EN 16510-2-3:2022,CEN,number,none,AMENDING
32023D2461,2023-11-07,2023,EN 16510-2-4:2022,CEN,number,none,AMENDING
32023D2461,2023-11-07,2023,EN 16510-2-6:2022,CEN,number,none,AMENDING
32023D2461,2023-11-07,2023,EN 16510-2-1:2022,CEN,number,none,AMENDING
32023D2461,2023-11-07,2023,EN 16510-2-2:2022,CEN,number,none,AMENDING
32023D2461,2023-11-07,2023,EN 16510-2-3:2022,CEN,number,none,AMENDING
32023D2461,2023-11-07,2023,EN 16510-2-4:2022,CEN,number,none,AMENDING
32023D2461,2023-11-07,2023,EN 16510-2-6:2022,CEN,number,none,AMENDING
32023D2461,2023-11-07,2023,EN 16510-2-1:2022,CEN,number,addition,AMENDING
32023D2461,2023-11-07,2023,EN 13240:2001,CEN,number,addition,AMENDING
32023D2461,2023-11-07,2023,EN 13240:2001,CEN,number,addition,AMENDING
32023D2461,2023-11-07,2023,EN 13240:2001,CEN,number,addition,AMENDING
32023D2461,2023-11-07,2023,EN 13240:2001,CEN,number,addition,AMENDING
32023D2461,2023-11-07,2023,EN 16510-2-2:2022,CEN,number,addition,AMENDING
32023D2461,2023-11-07,2023,EN 13229:2001,CEN,number,addition,AMENDING
32023D2461,2023-11-07,2023,EN 13229:2001,CEN,number,addition,AMENDING
32023D2461,2023-11-07,2023,EN 13229:2001,CEN,number,addition,AMENDING
32023D2461,2023-11-07,2023,EN 13229:2001,CEN,number,addition,AMENDING
32023D2461,2023-11-07,2023,EN 13229:2001,CEN,number,addition,AMENDING
32023D2461,2023-11-07,2023,EN 16510-2-3:2022,CEN,number,addition,AMENDING
32023D2461,2023-11-07,2023,EN 12815:2001,CEN,number,addition,AMENDING
32023D2461,2023-11-07,2023,EN 12815:2001,CEN,number,addition,AMENDING
32023D2461,2023-11-07,2023,EN 12815:2001,CEN,number,addition,AMENDING
32023D2461,2023-11-07,2023,EN 12815:2001,CEN,number,addition,AMENDING
32023D2461,2023-11-07,2023,EN 16510-2-4:2022,CEN,number,addition,AMENDING
32023D2461,2023-11-07,2023,EN 12809:2001,CEN,number,addition,AMENDING
32023D2461,2023-11-07,2023,EN 12809:2001,CEN,number,addition,AMENDING
32023D2461,2023-11-07,2023,EN 12809:2001,CEN,number,addition,AMENDING
32023D2461,2023-11-07,2023,EN 12809:2001,CEN,number,addition,AMENDING
32023D2461,2023-11-07,2023,EN 16510-2-6:2022,CEN,number,addition,AMENDING
32023D2461,2023-11-07,2023,EN 14785:2006,CEN,number,addition,AMENDING
32023D2584,2023-11-15,2023,EN 15085-3:2022+A1:2023,CEN,number,none,FULL_LIST
32023D2584,2023-11-15,2023,EN 15085-6:2022,CEN,number,none,FULL_LIST
32023D2584,2023-11-15,2023,EN 16334-1:2014+A1:2022,CEN,number,none,FULL_LIST
32023D2584,2023-11-15,2023,EN 16704-1:2016+A1:2021,CEN,number,none,FULL_LIST
32023D2584,2023-11-15,2023,EN 16704-3:2016+A1:2021,CEN,number,none,FULL_LIST
32023D2584,2023-11-15,2023,EN 16839:2022,CEN,number,none,FULL_LIST
32023D2584,2023-11-15,2023,EN 50641:2020,CENELEC,number,none,FULL_LIST
32023D2584,2023-11-15,2023,EN 62580-1:2016,IEC,inferred-60000,none,FULL_LIST
32023D2584,2023-11-15,2023,EN 62580-1:2016,IEC,inferred-60000,none,FULL_LIST
32023D2584,2023-11-15,2023,EN ISO 3381:2011,ISO,explicit,none,FULL_LIST
32023D2584,2023-11-15,2023,EN 12080:2017,CEN,number,none,FULL_LIST
32023D2584,2023-11-15,2023,EN 12082:2017,CEN,number,none,FULL_LIST
32023D2584,2023-11-15,2023,EN 13103-1:2017,CEN,number,none,FULL_LIST
32023D2584,2023-11-15,2023,EN 13230-4:2009,CEN,number,none,FULL_LIST
32023D2584,2023-11-15,2023,EN 13260:2009+A1:2010,CEN,number,none,FULL_LIST
32023D2584,2023-11-15,2023,EN 13261:2009+A1:2010,CEN,number,none,FULL_LIST
32023D2584,2023-11-15,2023,EN 13262:2004+A2:2011,CEN,number,none,FULL_LIST
32023D2584,2023-11-15,2023,EN 13272:2012,CEN,number,none,FULL_LIST
32023D2584,2023-11-15,2023,EN 13481-2:2012+A1:2017,CEN,number,none,FULL_LIST
32023D2584,2023-11-15,2023,EN 13481-3:2012,CEN,number,none,FULL_LIST
32023D2584,2023-11-15,2023,EN 13481-5:2012+A1:2017,CEN,number,none,FULL_LIST
32023D2584,2023-11-15,2023,EN 13481-7:2012,CEN,number,none,FULL_LIST
32023D2584,2023-11-15,2023,EN 13674-2:2006+A1:2010,CEN,number,none,FULL_LIST
32023D2584,2023-11-15,2023,EN 13715:2006+A1:2010,CEN,number,none,FULL_LIST
32023D2584,2023-11-15,2023,EN 13749:2011,CEN,number,none,FULL_LIST
32023D2584,2023-11-15,2023,EN 13979-1:2003+A2:2011,CEN,number,none,FULL_LIST
32023D2584,2023-11-15,2023,EN 14033-1:2017,CEN,number,none,FULL_LIST
32023D2584,2023-11-15,2023,EN 14067-5:2006+A1:2010,CEN,number,none,FULL_LIST
32023D2584,2023-11-15,2023,EN 14363:2016+A1:2018,CEN,number,none,FULL_LIST
32023D2584,2023-11-15,2023,EN 14531-1:2015,CEN,number,none,FULL_LIST
32023D2584,2023-11-15,2023,EN 14535-1:2005+A1:2011,CEN,number,none,FULL_LIST
32023D2584,2023-11-15,2023,EN 14535-2:2011,CEN,number,none,FULL_LIST
32023D2584,2023-11-15,2023,EN 14535-3:2015,CEN,number,none,FULL_LIST
32023D2584,2023-11-15,2023,EN 14601:2005+A1:2010,CEN,number,none,FULL_LIST
32023D2584,2023-11-15,2023,EN 14752:2015,CEN,number,none,FULL_LIST
32023D2584,2023-11-15,2023,EN 15020:2006+A1:2010,CEN,number,none,FULL_LIST
32023D2584,2023-11-15,2023,EN 15153-1:2013+A1:2016,CEN,number,none,FULL_LIST
32023D2584,2023-11-15,2023,EN 15153-2:2013,CEN,number,none,FULL_LIST
32023D2584,2023-11-15,2023,EN 15227:2008+A1:2010,CEN,number,none,FULL_LIST
32023D2584,2023-11-15,2023,EN 15302:2008+A1:2010,CEN,number,none,FULL_LIST
32023D2584,2023-11-15,2023,EN 15427:2008+A1:2010,CEN,number,none,FULL_LIST
32023D2584,2023-11-15,2023,EN 15437-1:2009,CEN,number,none,FULL_LIST
32023D2584,2023-11-15,2023,EN 15437-2:2012,CEN,number,none,FULL_LIST
32023D2584,2023-11-15,2023,EN 15528:2015,CEN,number,none,FULL_LIST
32023D2584,2023-11-15,2023,EN 15551:2017,CEN,number,none,FULL_LIST
32023D2584,2023-11-15,2023,EN 15566:2016,CEN,number,none,FULL_LIST
32023D2584,2023-11-15,2023,EN 15595:2009+A1:2011,CEN,number,none,FULL_LIST
32023D2584,2023-11-15,2023,EN 15611:2008+A1:2010,CEN,number,none,FULL_LIST
32023D2584,2023-11-15,2023,EN 15612:2008+A1:2010,CEN,number,none,FULL_LIST
32023D2584,2023-11-15,2023,EN 15624:2008+A1:2010,CEN,number,none,FULL_LIST
32023D2584,2023-11-15,2023,EN 15625:2008+A1:2010,CEN,number,none,FULL_LIST
32023D2584,2023-11-15,2023,EN 15654-1:2018,CEN,number,none,FULL_LIST
32023D2584,2023-11-15,2023,EN 15663:2009,CEN,number,none,FULL_LIST
32023D2584,2023-11-15,2023,EN 15663:2009,CEN,number,none,FULL_LIST
32023D2584,2023-11-15,2023,EN 15686:2010,CEN,number,none,FULL_LIST
32023D2584,2023-11-15,2023,EN 15687:2010,CEN,number,none,FULL_LIST
32023D2584,2023-11-15,2023,EN 15734-1:2010,CEN,number,none,FULL_LIST
32023D2584,2023-11-15,2023,EN 15734-2:2010,CEN,number,none,FULL_LIST
32023D2584,2023-11-15,2023,EN 15734-2:2010,CEN,number,none,FULL_LIST
32023D2584,2023-11-15,2023,EN 15746-1:2010+A1:2011,CEN,number,none,FULL_LIST
32023D2584,2023-11-15,2023,EN 15746-2:2010+A1:2011,CEN,number,none,FULL_LIST
32023D2584,2023-11-15,2023,EN 15806:2010,CEN,number,none,FULL_LIST
32023D2584,2023-11-15,2023,EN 15807:2011,CEN,number,none,FULL_LIST
32023D2584,2023-11-15,2023,EN 15892:2011,CEN,number,none,FULL_LIST
32023D2584,2023-11-15,2023,EN 16116-1:2013,CEN,number,none,FULL_LIST
32023D2584,2023-11-15,2023,EN 16116-2:2013,CEN,number,none,FULL_LIST
32023D2584,2023-11-15,2023,EN 16185-1:2014,CEN,number,none,FULL_LIST
32023D2584,2023-11-15,2023,EN 16185-2:2014,CEN,number,none,FULL_LIST
32023D2584,2023-11-15,2023,EN 16186-3:2016+A1:2018,CEN,number,none,FULL_LIST
32023D2584,2023-11-15,2023,EN 16207:2014,CEN,number,none,FULL_LIST
32023D2584,2023-11-15,2023,EN 16334:2014,CEN,number,none,FULL_LIST
32023D2584,2023-11-15,2023,EN 45545-2:2013+A1:2015,CEN,number,none,FULL_LIST
32023D2584,2023-11-15,2023,EN 50122-2:2010,CENELEC,number,none,FULL_LIST
32023D2584,2023-11-15,2023,EN 50122-3:2010,CENELEC,number,none,FULL_LIST
32023D2584,2023-11-15,2023,EN 50155:2007,CENELEC,number,none,FULL_LIST
32023D2584,2023-11-15,2023,EN 50155:2007,CENELEC,number,none,FULL_LIST
32023D2584,2023-11-15,2023,EN 50155:2007,CENELEC,number,none,FULL_LIST
32023D2584,2023-11-15,2023,EN 50159:2010,CENELEC,number,none,FULL_LIST
32023D2584,2023-11-15,2023,EN 50163:2004,CENELEC,number,none,FULL_LIST
32023D2584,2023-11-15,2023,EN 50163:2004,CENELEC,number,none,FULL_LIST
32023D2584,2023-11-15,2023,EN 50163:2004,CENELEC,number,none,FULL_LIST
32023D2584,2023-11-15,2023,EN 50163:2004,CENELEC,number,none,FULL_LIST
32023D2584,2023-11-15,2023,EN 50238-1:2003,CENELEC,number,none,FULL_LIST
32023D2584,2023-11-15,2023,EN 50238-1:2003,CENELEC,number,none,FULL_LIST
32023D2584,2023-11-15,2023,EN 50317:2012,CENELEC,number,none,FULL_LIST
32023D2584,2023-11-15,2023,EN 50317:2012,CENELEC,number,none,FULL_LIST
32023D2584,2023-11-15,2023,EN 50367:2012,CENELEC,number,none,FULL_LIST
32023D2584,2023-11-15,2023,EN 50367:2012,CENELEC,number,none,FULL_LIST
32023D2584,2023-11-15,2023,EN 50367:2012,CENELEC,number,none,FULL_LIST
32023D2584,2023-11-15,2023,EN 50388:2012,CENELEC,number,none,FULL_LIST
32023D2584,2023-11-15,2023,EN 50388:2012,CENELEC,number,none,FULL_LIST
32023D2584,2023-11-15,2023,EN 50553:2012,CENELEC,number,none,FULL_LIST
32023D2584,2023-11-15,2023,EN 50553:2012,CENELEC,number,none,FULL_LIST
32023D2584,2023-11-15,2023,EN 50553:2012,CENELEC,number,none,FULL_LIST
32023D2584,2023-11-15,2023,EN 13481-2:2022,CEN,number,none,FULL_LIST
32023D2584,2023-11-15,2023,EN 13481-3:2022,CEN,number,none,FULL_LIST
32023D2584,2023-11-15,2023,EN 14363:2016+A2:2022,CEN,number,none,FULL_LIST
32023D2584,2023-11-15,2023,EN 15437-2:2012+A1:2022,CEN,number,none,FULL_LIST
32023D2584,2023-11-15,2023,EN 15551:2022,CEN,number,none,FULL_LIST
32023D2584,2023-11-15,2023,EN 15566:2022,CEN,number,none,FULL_LIST
32023D2584,2023-11-15,2023,EN 15611:2020+A1:2022,CEN,number,none,FULL_LIST
32023D2584,2023-11-15,2023,EN 15624:2021,CEN,number,none,FULL_LIST
32023D2584,2023-11-15,2023,EN 15625:2021,CEN,number,none,FULL_LIST
32023D2584,2023-11-15,2023,EN 15734-1:2010+A1:2021,CEN,number,none,FULL_LIST
32023D2584,2023-11-15,2023,EN 15807:2021,CEN,number,none,FULL_LIST
32023D2584,2023-11-15,2023,EN 16116-1:2022,CEN,number,none,FULL_LIST
32023D2584,2023-11-15,2023,EN 16116-2:2021,CEN,number,none,FULL_LIST
32023D2584,2023-11-15,2023,EN 16186-3:2022,CEN,number,none,FULL_LIST
32023D2584,2023-11-15,2023,EN 50155:2021,CENELEC,number,none,FULL_LIST
32023D2584,2023-11-15,2023,EN 14067-6:2018,CEN,number,none,FULL_LIST
32023D2584,2023-11-15,2023,EN 14198:2016+A1:2018,CEN,number,none,FULL_LIST
32023D2584,2023-11-15,2023,EN 50122-1:2011,CENELEC,number,none,FULL_LIST
32023D2584,2023-11-15,2023,EN 50122-1:2011,CENELEC,number,none,FULL_LIST
32023D2584,2023-11-15,2023,EN 50122-1:2011,CENELEC,number,none,FULL_LIST
32023D2584,2023-11-15,2023,EN 50122-1:2011,CENELEC,number,none,FULL_LIST
32023D2584,2023-11-15,2023,EN 50122-1:2011,CENELEC,number,none,FULL_LIST
32023D2584,2023-11-15,2023,EN 50122-1:2011,CENELEC,number,none,FULL_LIST
32023D2584,2023-11-15,2023,EN 50318:2018,CENELEC,number,none,FULL_LIST
32023D2584,2023-11-15,2023,EN 14198:2016+A2:2021,CEN,number,none,FULL_LIST
32023D2584,2023-11-15,2023,EN 50318:2018,CENELEC,number,none,FULL_LIST
32023D2584,2023-11-15,2023,EN 50318:2018,CENELEC,number,none,FULL_LIST
32023D2584,2023-11-15,2023,EN 50641:2020,CENELEC,number,none,FULL_LIST
32023D2584,2023-11-15,2023,EN 50641:2020,CENELEC,number,none,FULL_LIST
32023D2584,2023-11-15,2023,EN 12081:2017,CEN,number,withdrawal,FULL_LIST
32023D2584,2023-11-15,2023,EN 12663-1:2010+A1:2014,CEN,number,withdrawal,FULL_LIST
32023D2584,2023-11-15,2023,EN 12663-2:2010,CEN,number,withdrawal,FULL_LIST
32023D2584,2023-11-15,2023,EN 13129:2016,CEN,number,withdrawal,FULL_LIST
32023D2584,2023-11-15,2023,EN 13145:2001+A1:2011,CEN,number,withdrawal,FULL_LIST
32023D2584,2023-11-15,2023,EN 13230-1:2016,CEN,number,withdrawal,FULL_LIST
32023D2584,2023-11-15,2023,EN 13230-2:2016,CEN,number,withdrawal,FULL_LIST
32023D2584,2023-11-15,2023,EN 13230-3:2016,CEN,number,withdrawal,FULL_LIST
32023D2584,2023-11-15,2023,EN 13231-5:2018,CEN,number,withdrawal,FULL_LIST
32023D2584,2023-11-15,2023,EN 13232-2:2003+A1:2011,CEN,number,withdrawal,FULL_LIST
32023D2584,2023-11-15,2023,EN 13232-3:2003+A1:2011,CEN,number,withdrawal,FULL_LIST
32023D2584,2023-11-15,2023,EN 13232-4:2005+A1:2011,CEN,number,withdrawal,FULL_LIST
32023D2584,2023-11-15,2023,EN 13232-5:2005+A1:2011,CEN,number,withdrawal,FULL_LIST
32023D2584,2023-11-15,2023,EN 13232-6:2005+A1:2011,CEN,number,withdrawal,FULL_LIST
32023D2584,2023-11-15,2023,EN 13232-7:2006+A1:2011,CEN,number,withdrawal,FULL_LIST
32023D2584,2023-11-15,2023,EN 13232-8:2007+A1:2011,CEN,number,withdrawal,FULL_LIST
32023D2584,2023-11-15,2023,EN 13232-9:2006+A1:2011,CEN,number,withdrawal,FULL_LIST
32023D2584,2023-11-15,2023,EN 13481-2:2022,CEN,number,withdrawal,FULL_LIST
32023D2584,2023-11-15,2023,EN 13481-3:2022,CEN,number,withdrawal,FULL_LIST
32023D2584,2023-11-15,2023,EN 13674-1:2011+A1:2017,CEN,number,withdrawal,FULL_LIST
32023D2584,2023-11-15,2023,EN 13674-3:2006+A1:2010,CEN,number,withdrawal,FULL_LIST
32023D2584,2023-11-15,2023,EN 13803-1:2010,CEN,number,withdrawal,FULL_LIST
32023D2584,2023-11-15,2023,EN 13803-2:2006+A1:2009,CEN,number,withdrawal,FULL_LIST
32023D2584,2023-11-15,2023,EN 13848-5:2017,CEN,number,withdrawal,FULL_LIST
32023D2584,2023-11-15,2023,EN 14067-4:2013+A1:2018,CEN,number,withdrawal,FULL_LIST
32023D2584,2023-11-15,2023,EN 14198:2016+A2:2021,CEN,number,withdrawal,FULL_LIST
32023D2584,2023-11-15,2023,EN 14363:2016+A2:2022,CEN,number,withdrawal,FULL_LIST
32023D2584,2023-11-15,2023,EN 14531-2:2015,CEN,number,withdrawal,FULL_LIST
32023D2584,2023-11-15,2023,EN 14587-2:2009,CEN,number,withdrawal,FULL_LIST
32023D2584,2023-11-15,2023,EN 14813-1:2006+A1:2010,CEN,number,withdrawal,FULL_LIST
32023D2584,2023-11-15,2023,EN 14813-2:2006+A1:2010,CEN,number,withdrawal,FULL_LIST
32023D2584,2023-11-15,2023,EN 14865-1:2009+A1:2010,CEN,number,withdrawal,FULL_LIST
32023D2584,2023-11-15,2023,EN 14865-2:2006+A2:2010,CEN,number,withdrawal,FULL_LIST
32023D2584,2023-11-15,2023,EN 15085-3:2022+A1:2023,CEN,number,withdrawal,FULL_LIST
32023D2584,2023-11-15,2023,EN 15085-6:2022,CEN,number,withdrawal,FULL_LIST
32023D2584,2023-11-15,2023,EN 15220:2016,CEN,number,withdrawal,FULL_LIST
32023D2584,2023-11-15,2023,EN 15273-2:2013+A1:2016,CEN,number,withdrawal,FULL_LIST
32023D2584,2023-11-15,2023,EN 15273-3:2013+A1:2016,CEN,number,withdrawal,FULL_LIST
32023D2584,2023-11-15,2023,EN 15313:2016,CEN,number,withdrawal,FULL_LIST
32023D2584,2023-11-15,2023,EN 15355:2019,CEN,number,withdrawal,FULL_LIST
32023D2584,2023-11-15,2023,EN 15437-2:2012+A1:2022,CEN,number,withdrawal,FULL_LIST
32023D2584,2023-11-15,2023,EN 15461:2008+A1:2010,CEN,number,withdrawal,FULL_LIST
32023D2584,2023-11-15,2023,EN 15551:2022,CEN,number,withdrawal,FULL_LIST
32023D2584,2023-11-15,2023,EN 15566:2022,CEN,number,withdrawal,FULL_LIST
32023D2584,2023-11-15,2023,EN 15594:2009,CEN,number,withdrawal,FULL_LIST
32023D2584,2023-11-15,2023,EN 15610:2019,CEN,number,withdrawal,FULL_LIST
32023D2584,2023-11-15,2023,EN 15611:2020+A1:2022,CEN,number,withdrawal,FULL_LIST
32023D2584,2023-11-15,2023,EN 15624:2021,CEN,number,withdrawal,FULL_LIST
32023D2584,2023-11-15,2023,EN 15625:2021,CEN,number,withdrawal,FULL_LIST
32023D2584,2023-11-15,2023,EN 15723:2010,CEN,number,withdrawal,FULL_LIST
32023D2584,2023-11-15,2023,EN 15734-1:2010+A1:2021,CEN,number,withdrawal,FULL_LIST
32023D2584,2023-11-15,2023,EN 15807:2021,CEN,number,withdrawal,FULL_LIST
32023D2584,2023-11-15,2023,EN 15827:2011,CEN,number,withdrawal,FULL_LIST
32023D2584,2023-11-15,2023,EN 15877-1:2012+A1:2018,CEN,number,withdrawal,FULL_LIST
32023D2584,2023-11-15,2023,EN 15877-2:2013,CEN,number,withdrawal,FULL_LIST
32023D2584,2023-11-15,2023,EN 16019:2014,CEN,number,withdrawal,FULL_LIST
32023D2584,2023-11-15,2023,EN 16116-1:2022,CEN,number,withdrawal,FULL_LIST
32023D2584,2023-11-15,2023,EN 16116-2:2021,CEN,number,withdrawal,FULL_LIST
32023D2584,2023-11-15,2023,EN 16186-1:2014+A1:2018,CEN,number,withdrawal,FULL_LIST
32023D2584,2023-11-15,2023,EN 16186-2:2017,CEN,number,withdrawal,FULL_LIST
32023D2584,2023-11-15,2023,EN 16186-3:2022,CEN,number,withdrawal,FULL_LIST
32023D2584,2023-11-15,2023,EN 16235:2013,CEN,number,withdrawal,FULL_LIST
32023D2584,2023-11-15,2023,EN 16241:2014+A1:2016,CEN,number,withdrawal,FULL_LIST
32023D2584,2023-11-15,2023,EN 16286-1:2013,CEN,number,withdrawal,FULL_LIST
32023D2584,2023-11-15,2023,EN 16334-1:2014+A1:2022,CEN,number,withdrawal,FULL_LIST
32023D2584,2023-11-15,2023,EN 16404:2016,CEN,number,withdrawal,FULL_LIST
32023D2584,2023-11-15,2023,EN 16452:2015+A1:2019,CEN,number,withdrawal,FULL_LIST
32023D2584,2023-11-15,2023,EN 16494:2015,CEN,number,withdrawal,FULL_LIST
32023D2584,2023-11-15,2023,EN 16584-1:2017,CEN,number,withdrawal,FULL_LIST
32023D2584,2023-11-15,2023,EN 16584-2:2017,CEN,number,withdrawal,FULL_LIST
32023D2584,2023-11-15,2023,EN 16584-3:2017,CEN,number,withdrawal,FULL_LIST
32023D2584,2023-11-15,2023,EN 16585-1:2017,CEN,number,withdrawal,FULL_LIST
32023D2584,2023-11-15,2023,EN 16585-2:2017,CEN,number,withdrawal,FULL_LIST
32023D2584,2023-11-15,2023,EN 16585-3:2017,CEN,number,withdrawal,FULL_LIST
32023D2584,2023-11-15,2023,EN 16586-1:2017,CEN,number,withdrawal,FULL_LIST
32023D2584,2023-11-15,2023,EN 16586-2:2017,CEN,number,withdrawal,FULL_LIST
32023D2584,2023-11-15,2023,EN 16587:2017,CEN,number,withdrawal,FULL_LIST
32023D2584,2023-11-15,2023,EN 16683:2015,CEN,number,withdrawal,FULL_LIST
32023D2584,2023-11-15,2023,EN 16704-1:2016+A1:2021,CEN,number,withdrawal,FULL_LIST
32023D2584,2023-11-15,2023,EN 16704-3:2016+A1:2021,CEN,number,withdrawal,FULL_LIST
32023D2584,2023-11-15,2023,EN 16729-1:2016,CEN,number,withdrawal,FULL_LIST
32023D2584,2023-11-15,2023,EN 16729-3:2018,CEN,number,withdrawal,FULL_LIST
32023D2584,2023-11-15,2023,EN 16729-4:2018,CEN,number,withdrawal,FULL_LIST
32023D2584,2023-11-15,2023,EN 16839:2022,CEN,number,withdrawal,FULL_LIST
32023D2584,2023-11-15,2023,EN 16922:2017+A1:2019,CEN,number,withdrawal,FULL_LIST
32023D2584,2023-11-15,2023,EN 17023:2018,CEN,number,withdrawal,FULL_LIST
32023D2584,2023-11-15,2023,EN 17069-1:2019,CEN,number,withdrawal,FULL_LIST
32023D2584,2023-11-15,2023,EN 45545-1:2013,CEN,number,withdrawal,FULL_LIST
32023D2584,2023-11-15,2023,EN 45545-3:2013,CEN,number,withdrawal,FULL_LIST
32023D2584,2023-11-15,2023,EN 45545-4:2013,CEN,number,withdrawal,FULL_LIST
32023D2584,2023-11-15,2023,EN 45545-5:2013+A1:2015,CEN,number,withdrawal,FULL_LIST
32023D2584,2023-11-15,2023,EN 45545-6:2013,CEN,number,withdrawal,FULL_LIST
32023D2584,2023-11-15,2023,EN 45545-7:2013,CEN,number,withdrawal,FULL_LIST
32023D2584,2023-11-15,2023,EN 50124-1:2017,CENELEC,number,withdrawal,FULL_LIST
32023D2584,2023-11-15,2023,EN 50124-2:2017,CENELEC,number,withdrawal,FULL_LIST
32023D2584,2023-11-15,2023,EN 50125-2:2002,CENELEC,number,withdrawal,FULL_LIST
32023D2584,2023-11-15,2023,EN 50125-2:2002,CENELEC,number,withdrawal,FULL_LIST
32023D2584,2023-11-15,2023,EN 50125-3:2003,CENELEC,number,withdrawal,FULL_LIST
32023D2584,2023-11-15,2023,EN 50125-3:2003,CENELEC,number,withdrawal,FULL_LIST
32023D2584,2023-11-15,2023,EN 50126-1:2017,CENELEC,number,withdrawal,FULL_LIST
32023D2584,2023-11-15,2023,EN 50126-2:2017,CENELEC,number,withdrawal,FULL_LIST
32023D2584,2023-11-15,2023,EN 50129:2018,CENELEC,number,withdrawal,FULL_LIST
32023D2584,2023-11-15,2023,EN 50129:2018,CENELEC,number,withdrawal,FULL_LIST
32023D2584,2023-11-15,2023,EN 50155:2021,CENELEC,number,withdrawal,FULL_LIST
32023D2584,2023-11-15,2023,EN 50318:2018,CENELEC,number,withdrawal,FULL_LIST
32023D2584,2023-11-15,2023,EN 50318:2018,CENELEC,number,withdrawal,FULL_LIST
32023D2584,2023-11-15,2023,EN 50405:2015,CENELEC,number,withdrawal,FULL_LIST
32023D2584,2023-11-15,2023,EN 50405:2015,CENELEC,number,withdrawal,FULL_LIST
32023D2584,2023-11-15,2023,EN 50463-1:2017,CENELEC,number,withdrawal,FULL_LIST
32023D2584,2023-11-15,2023,EN 50463-2:2017,CENELEC,number,withdrawal,FULL_LIST
32023D2584,2023-11-15,2023,EN 50463-2:2017,CENELEC,number,withdrawal,FULL_LIST
32023D2584,2023-11-15,2023,EN 50463-3:2017,CENELEC,number,withdrawal,FULL_LIST
32023D2584,2023-11-15,2023,EN 50463-4:2017,CENELEC,number,withdrawal,FULL_LIST
32023D2584,2023-11-15,2023,EN 50463-5:2017,CENELEC,number,withdrawal,FULL_LIST
32023D2584,2023-11-15,2023,EN 50533:2011,CENELEC,number,withdrawal,FULL_LIST
32023D2584,2023-11-15,2023,EN 50533:2011,CENELEC,number,withdrawal,FULL_LIST
32023D2584,2023-11-15,2023,EN 50562:2018,CENELEC,number,withdrawal,FULL_LIST
32023D2584,2023-11-15,2023,EN 50592:2016,CENELEC,number,withdrawal,FULL_LIST
32023D2584,2023-11-15,2023,EN 50617-1:2015,CENELEC,number,withdrawal,FULL_LIST
32023D2584,2023-11-15,2023,EN 50617-2:2015,CENELEC,number,withdrawal,FULL_LIST
32023D2584,2023-11-15,2023,EN 50617-2:2015,CENELEC,number,withdrawal,FULL_LIST
32023D2584,2023-11-15,2023,EN 50641:2020,CENELEC,number,withdrawal,FULL_LIST
32023D2584,2023-11-15,2023,EN 61375-1:2012,IEC,inferred-60000,withdrawal,FULL_LIST
32023D2584,2023-11-15,2023,EN 61375-2-1:2012,IEC,inferred-60000,withdrawal,FULL_LIST
32023D2584,2023-11-15,2023,EN 61375-2-2:2012,IEC,inferred-60000,withdrawal,FULL_LIST
32023D2584,2023-11-15,2023,EN 61375-2-5:2015,IEC,inferred-60000,withdrawal,FULL_LIST
32023D2584,2023-11-15,2023,EN 61375-3-1:2012,IEC,inferred-60000,withdrawal,FULL_LIST
32023D2584,2023-11-15,2023,EN 61375-3-2:2012,IEC,inferred-60000,withdrawal,FULL_LIST
32023D2584,2023-11-15,2023,EN 61375-3-3:2012,IEC,inferred-60000,withdrawal,FULL_LIST
32023D2584,2023-11-15,2023,EN 62580-1:2016,IEC,inferred-60000,withdrawal,FULL_LIST
32023D2584,2023-11-15,2023,EN 62580-1:2016,IEC,inferred-60000,withdrawal,FULL_LIST
32023D2584,2023-11-15,2023,EN 62621:2016,IEC,inferred-60000,withdrawal,FULL_LIST
32023D2584,2023-11-15,2023,EN 62621:2016,IEC,inferred-60000,withdrawal,FULL_LIST
32023D2584,2023-11-15,2023,EN ISO 3381:2011,ISO,explicit,withdrawal,FULL_LIST
32023D2584,2023-11-15,2023,EN 12080:2017,CEN,number,withdrawal,FULL_LIST
32023D2584,2023-11-15,2023,EN 12082:2017,CEN,number,withdrawal,FULL_LIST
32023D2584,2023-11-15,2023,EN 13103-1:2017,CEN,number,withdrawal,FULL_LIST
32023D2584,2023-11-15,2023,EN 13230-4:2009,CEN,number,withdrawal,FULL_LIST
32023D2584,2023-11-15,2023,EN 13260:2009+A1:2010,CEN,number,withdrawal,FULL_LIST
32023D2584,2023-11-15,2023,EN 13261:2009+A1:2010,CEN,number,withdrawal,FULL_LIST
32023D2584,2023-11-15,2023,EN 13262:2004+A2:2011,CEN,number,withdrawal,FULL_LIST
32023D2584,2023-11-15,2023,EN 13272:2012,CEN,number,withdrawal,FULL_LIST
32023D2584,2023-11-15,2023,EN 13481-2:2012+A1:2017,CEN,number,withdrawal,FULL_LIST
32023D2584,2023-11-15,2023,EN 13481-3:2012,CEN,number,withdrawal,FULL_LIST
32023D2584,2023-11-15,2023,EN 13481-5:2012+A1:2017,CEN,number,withdrawal,FULL_LIST
32023D2584,2023-11-15,2023,EN 13481-7:2012,CEN,number,withdrawal,FULL_LIST
32023D2584,2023-11-15,2023,EN 13674-2:2006+A1:2010,CEN,number,withdrawal,FULL_LIST
32023D2584,2023-11-15,2023,EN 13715:2006+A1:2010,CEN,number,withdrawal,FULL_LIST
32023D2584,2023-11-15,2023,EN 13749:2011,CEN,number,withdrawal,FULL_LIST
32023D2584,2023-11-15,2023,EN 13979-1:2003+A2:2011,CEN,number,withdrawal,FULL_LIST
32023D2584,2023-11-15,2023,EN 14033-1:2017,CEN,number,withdrawal,FULL_LIST
32023D2584,2023-11-15,2023,EN 14067-5:2006+A1:2010,CEN,number,withdrawal,FULL_LIST
32023D2584,2023-11-15,2023,EN 14363:2016+A1:2018,CEN,number,withdrawal,FULL_LIST
32023D2584,2023-11-15,2023,EN 14531-1:2015,CEN,number,withdrawal,FULL_LIST
32023D2584,2023-11-15,2023,EN 14535-1:2005+A1:2011,CEN,number,withdrawal,FULL_LIST
32023D2584,2023-11-15,2023,EN 14535-2:2011,CEN,number,withdrawal,FULL_LIST
32023D2584,2023-11-15,2023,EN 14535-3:2015,CEN,number,withdrawal,FULL_LIST
32023D2584,2023-11-15,2023,EN 14601:2005+A1:2010,CEN,number,withdrawal,FULL_LIST
32023D2584,2023-11-15,2023,EN 14752:2015,CEN,number,withdrawal,FULL_LIST
32023D2584,2023-11-15,2023,EN 15020:2006+A1:2010,CEN,number,withdrawal,FULL_LIST
32023D2584,2023-11-15,2023,EN 15153-1:2013+A1:2016,CEN,number,withdrawal,FULL_LIST
32023D2584,2023-11-15,2023,EN 15153-2:2013,CEN,number,withdrawal,FULL_LIST
32023D2584,2023-11-15,2023,EN 15227:2008+A1:2010,CEN,number,withdrawal,FULL_LIST
32023D2584,2023-11-15,2023,EN 15302:2008+A1:2010,CEN,number,withdrawal,FULL_LIST
32023D2584,2023-11-15,2023,EN 15427:2008+A1:2010,CEN,number,withdrawal,FULL_LIST
32023D2584,2023-11-15,2023,EN 15437-1:2009,CEN,number,withdrawal,FULL_LIST
32023D2584,2023-11-15,2023,EN 15437-2:2012,CEN,number,withdrawal,FULL_LIST
32023D2584,2023-11-15,2023,EN 15528:2015,CEN,number,withdrawal,FULL_LIST
32023D2584,2023-11-15,2023,EN 15551:2017,CEN,number,withdrawal,FULL_LIST
32023D2584,2023-11-15,2023,EN 15566:2016,CEN,number,withdrawal,FULL_LIST
32023D2584,2023-11-15,2023,EN 15595:2009+A1:2011,CEN,number,withdrawal,FULL_LIST
32023D2584,2023-11-15,2023,EN 15611:2008+A1:2010,CEN,number,withdrawal,FULL_LIST
32023D2584,2023-11-15,2023,EN 15612:2008+A1:2010,CEN,number,withdrawal,FULL_LIST
32023D2584,2023-11-15,2023,EN 15624:2008+A1:2010,CEN,number,withdrawal,FULL_LIST
32023D2584,2023-11-15,2023,EN 15625:2008+A1:2010,CEN,number,withdrawal,FULL_LIST
32023D2584,2023-11-15,2023,EN 15654-1:2018,CEN,number,withdrawal,FULL_LIST
32023D2584,2023-11-15,2023,EN 15663:2009,CEN,number,withdrawal,FULL_LIST
32023D2584,2023-11-15,2023,EN 15663:2009,CEN,number,withdrawal,FULL_LIST
32023D2584,2023-11-15,2023,EN 15686:2010,CEN,number,withdrawal,FULL_LIST
32023D2584,2023-11-15,2023,EN 14363:2005,CEN,number,withdrawal,FULL_LIST
32023D2584,2023-11-15,2023,EN 15687:2010,CEN,number,withdrawal,FULL_LIST
32023D2584,2023-11-15,2023,EN 15734-1:2010,CEN,number,withdrawal,FULL_LIST
32023D2584,2023-11-15,2023,EN 15734-2:2010,CEN,number,withdrawal,FULL_LIST
32023D2584,2023-11-15,2023,EN 15734-2:2010,CEN,number,withdrawal,FULL_LIST
32023D2584,2023-11-15,2023,EN 15746-1:2010+A1:2011,CEN,number,withdrawal,FULL_LIST
32023D2584,2023-11-15,2023,EN 15746-2:2010+A1:2011,CEN,number,withdrawal,FULL_LIST
32023D2584,2023-11-15,2023,EN 15806:2010,CEN,number,withdrawal,FULL_LIST
32023D2584,2023-11-15,2023,EN 15807:2011,CEN,number,withdrawal,FULL_LIST
32023D2584,2023-11-15,2023,EN 15892:2011,CEN,number,withdrawal,FULL_LIST
32023D2584,2023-11-15,2023,EN 16116-1:2013,CEN,number,withdrawal,FULL_LIST
32023D2584,2023-11-15,2023,EN 16116-2:2013,CEN,number,withdrawal,FULL_LIST
32023D2584,2023-11-15,2023,EN 16185-1:2014,CEN,number,withdrawal,FULL_LIST
32023D2584,2023-11-15,2023,EN 16185-2:2014,CEN,number,withdrawal,FULL_LIST
32023D2584,2023-11-15,2023,EN 16186-3:2016+A1:2018,CEN,number,withdrawal,FULL_LIST
32023D2584,2023-11-15,2023,EN 16207:2014,CEN,number,withdrawal,FULL_LIST
32023D2584,2023-11-15,2023,EN 16334:2014,CEN,number,withdrawal,FULL_LIST
32023D2584,2023-11-15,2023,EN 45545-2:2013+A1:2015,CEN,number,withdrawal,FULL_LIST
32023D2584,2023-11-15,2023,EN 50122-2:2010,CENELEC,number,withdrawal,FULL_LIST
32023D2584,2023-11-15,2023,EN 50122-3:2010,CENELEC,number,withdrawal,FULL_LIST
32023D2584,2023-11-15,2023,EN 50155:2007,CENELEC,number,withdrawal,FULL_LIST
32023D2584,2023-11-15,2023,EN 50155:2007,CENELEC,number,withdrawal,FULL_LIST
32023D2584,2023-11-15,2023,EN 50155:2007,CENELEC,number,withdrawal,FULL_LIST
32023D2584,2023-11-15,2023,EN 50159:2010,CENELEC,number,withdrawal,FULL_LIST
32023D2584,2023-11-15,2023,EN 50163:2004,CENELEC,number,withdrawal,FULL_LIST
32023D2584,2023-11-15,2023,EN 50163:2004,CENELEC,number,withdrawal,FULL_LIST
32023D2584,2023-11-15,2023,EN 50163:2004,CENELEC,number,withdrawal,FULL_LIST
32023D2584,2023-11-15,2023,EN 50163:2004,CENELEC,number,withdrawal,FULL_LIST
32023D2584,2023-11-15,2023,EN 50238-1:2003,CENELEC,number,withdrawal,FULL_LIST
32023D2584,2023-11-15,2023,EN 50238-1:2003,CENELEC,number,withdrawal,FULL_LIST
32023D2584,2023-11-15,2023,EN 50317:2012,CENELEC,number,withdrawal,FULL_LIST
32023D2584,2023-11-15,2023,EN 50317:2012,CENELEC,number,withdrawal,FULL_LIST
32023D2584,2023-11-15,2023,EN 50367:2012,CENELEC,number,withdrawal,FULL_LIST
32023D2584,2023-11-15,2023,EN 50367:2012,CENELEC,number,withdrawal,FULL_LIST
32023D2584,2023-11-15,2023,EN 50367:2012,CENELEC,number,withdrawal,FULL_LIST
32023D2584,2023-11-15,2023,EN 50388:2012,CENELEC,number,withdrawal,FULL_LIST
32023D2584,2023-11-15,2023,EN 50388:2012,CENELEC,number,withdrawal,FULL_LIST
32023D2584,2023-11-15,2023,EN 50553:2012,CENELEC,number,withdrawal,FULL_LIST
32023D2584,2023-11-15,2023,EN 50553:2012,CENELEC,number,withdrawal,FULL_LIST
32023D2584,2023-11-15,2023,EN 50553:2012,CENELEC,number,withdrawal,FULL_LIST
32023D2584,2023-11-15,2023,EN 62580-1:2016,IEC,inferred-60000,withdrawal,FULL_LIST
32023D2584,2023-11-15,2023,EN 14067-6:2018,CEN,number,withdrawal,FULL_LIST
32023D2584,2023-11-15,2023,EN 14198:2016+A1:2018,CEN,number,withdrawal,FULL_LIST
32023D2584,2023-11-15,2023,EN 50122-1:2011,CENELEC,number,withdrawal,FULL_LIST
32023D2584,2023-11-15,2023,EN 50122-1:2011,CENELEC,number,withdrawal,FULL_LIST
32023D2584,2023-11-15,2023,EN 50122-1:2011,CENELEC,number,withdrawal,FULL_LIST
32023D2584,2023-11-15,2023,EN 50122-1:2011,CENELEC,number,withdrawal,FULL_LIST
32023D2584,2023-11-15,2023,EN 50122-1:2011,CENELEC,number,withdrawal,FULL_LIST
32023D2584,2023-11-15,2023,EN 50122-1:2011,CENELEC,number,withdrawal,FULL_LIST
32023D2584,2023-11-15,2023,EN 50318:2018,CENELEC,number,withdrawal,FULL_LIST
32023D2669,2023-11-27,2023,EN 50360:2017,CENELEC,number,none,AMENDING
32023D2669,2023-11-27,2023,EN 50566:2017,CENELEC,number,none,AMENDING
32023D2669,2023-11-27,2023,EN 50360:2017,CENELEC,number,none,AMENDING
32023D2669,2023-11-27,2023,EN 50566:2017,CENELEC,number,none,AMENDING
32023D2669,2023-11-27,2023,EN 50360:2017,CENELEC,number,none,AMENDING
32023D2669,2023-11-27,2023,EN 50360:2017,CENELEC,number,none,AMENDING
32023D2669,2023-11-27,2023,EN 50566:2017,CENELEC,number,none,AMENDING
32023D2669,2023-11-27,2023,EN 50566:2017,CENELEC,number,none,AMENDING
32023D2669,2023-11-27,2023,EN 50360:2017,CENELEC,number,none,AMENDING
32023D2669,2023-11-27,2023,EN 50360:2017,CENELEC,number,none,AMENDING
32023D2669,2023-11-27,2023,EN 50566:2017,CENELEC,number,none,AMENDING
32023D2669,2023-11-27,2023,EN 50566:2017,CENELEC,number,none,AMENDING
32023D2669,2023-11-27,2023,EN 50360:2017,CENELEC,number,none,AMENDING
32023D2669,2023-11-27,2023,EN 50566:2017,CENELEC,number,none,AMENDING
32023D2669,2023-11-27,2023,EN 50360:2017,CENELEC,number,none,AMENDING
32023D2669,2023-11-27,2023,EN 50566:2017,CENELEC,number,none,AMENDING
32023D2669,2023-11-27,2023,EN 50360:2017,CENELEC,number,addition,AMENDING
32023D2669,2023-11-27,2023,EN 50360:2017,CENELEC,number,addition,AMENDING
32023D2669,2023-11-27,2023,EN 50566:2017,CENELEC,number,addition,AMENDING
32023D2669,2023-11-27,2023,EN 50566:2017,CENELEC,number,addition,AMENDING
32023D2723,2023-12-06,2023,EN 60335-2-24:2010,IEC,inferred-60000,none,FULL_LIST
32023D2723,2023-12-06,2023,EN 60335-2-24:2010,IEC,inferred-60000,none,FULL_LIST
32023D2723,2023-12-06,2023,EN 60335-2-24:2010,IEC,inferred-60000,none,FULL_LIST
32023D2723,2023-12-06,2023,EN 60335-2-24:2010,IEC,inferred-60000,none,FULL_LIST
32023D2723,2023-12-06,2023,EN IEC 60335-2-24:2022,IEC,explicit,none,FULL_LIST
32023D2723,2023-12-06,2023,EN IEC 60335-2-24:2022,IEC,explicit,none,FULL_LIST
32023D2723,2023-12-06,2023,EN IEC 60335-2-24:2022,IEC,explicit,none,FULL_LIST
32023D2723,2023-12-06,2023,EN IEC 60335-2-24:2022,IEC,explicit,none,FULL_LIST
32023D2723,2023-12-06,2023,EN 60335-2-24:2010,IEC,inferred-60000,none,FULL_LIST
32023D2723,2023-12-06,2023,EN 60335-2-24:2010,IEC,inferred-60000,none,FULL_LIST
32023D2723,2023-12-06,2023,EN 50363-0:2011,CENELEC,number,none,FULL_LIST
32023D2723,2023-12-06,2023,EN 50363-1:2005,CENELEC,number,none,FULL_LIST
32023D2723,2023-12-06,2023,EN 50363-2-1:2005,CENELEC,number,none,FULL_LIST
32023D2723,2023-12-06,2023,EN 50363-2-1:2005,CENELEC,number,none,FULL_LIST
32023D2723,2023-12-06,2023,EN 50363-2-2:2005,CENELEC,number,none,FULL_LIST
32023D2723,2023-12-06,2023,EN 50363-3:2005,CENELEC,number,none,FULL_LIST
32023D2723,2023-12-06,2023,EN 50363-3:2005,CENELEC,number,none,FULL_LIST
32023D2723,2023-12-06,2023,EN 50363-4-1:2005,CENELEC,number,none,FULL_LIST
32023D2723,2023-12-06,2023,EN 50363-4-2:2005,CENELEC,number,none,FULL_LIST
32023D2723,2023-12-06,2023,EN 50363-5:2005,CENELEC,number,none,FULL_LIST
32023D2723,2023-12-06,2023,EN 50363-5:2005,CENELEC,number,none,FULL_LIST
32023D2723,2023-12-06,2023,EN 50363-6:2005,CENELEC,number,none,FULL_LIST
32023D2723,2023-12-06,2023,EN 50363-6:2005,CENELEC,number,none,FULL_LIST
32023D2723,2023-12-06,2023,EN 50363-7:2005,CENELEC,number,none,FULL_LIST
32023D2723,2023-12-06,2023,EN 50363-8:2005,CENELEC,number,none,FULL_LIST
32023D2723,2023-12-06,2023,EN 50363-8:2005,CENELEC,number,none,FULL_LIST
32023D2723,2023-12-06,2023,EN 50363-9-1:2005,CENELEC,number,none,FULL_LIST
32023D2723,2023-12-06,2023,EN 50363-10-1:2005,CENELEC,number,none,FULL_LIST
32023D2723,2023-12-06,2023,EN 50363-10-2:2005,CENELEC,number,none,FULL_LIST
32023D2723,2023-12-06,2023,EN 50395:2005,CENELEC,number,none,FULL_LIST
32023D2723,2023-12-06,2023,EN 50395:2005,CENELEC,number,none,FULL_LIST
32023D2723,2023-12-06,2023,EN 50396:2005,CENELEC,number,none,FULL_LIST
32023D2723,2023-12-06,2023,EN 50396:2005,CENELEC,number,none,FULL_LIST
32023D2723,2023-12-06,2023,EN 50497:2007,CENELEC,number,none,FULL_LIST
32023D2723,2023-12-06,2023,EN 50565-1:2014,CENELEC,number,none,FULL_LIST
32023D2723,2023-12-06,2023,EN 50565-2:2014,CENELEC,number,none,FULL_LIST
32023D2723,2023-12-06,2023,EN 60228:2005,IEC,inferred-60000,none,FULL_LIST
32023D2723,2023-12-06,2023,EN 60228:2005,IEC,inferred-60000,none,FULL_LIST
32023D2723,2023-12-06,2023,EN 60332-1-1:2004,IEC,inferred-60000,none,FULL_LIST
32023D2723,2023-12-06,2023,EN 60332-1-1:2004,IEC,inferred-60000,none,FULL_LIST
32023D2723,2023-12-06,2023,EN 60332-1-2:2004,IEC,inferred-60000,none,FULL_LIST
32023D2723,2023-12-06,2023,EN 60332-1-2:2004,IEC,inferred-60000,none,FULL_LIST
32023D2723,2023-12-06,2023,EN 60332-1-3:2004,IEC,inferred-60000,none,FULL_LIST
32023D2723,2023-12-06,2023,EN 60332-1-3:2004,IEC,inferred-60000,none,FULL_LIST
32023D2723,2023-12-06,2023,EN 60332-2-1:2004,IEC,inferred-60000,none,FULL_LIST
32023D2723,2023-12-06,2023,EN 60332-2-2:2004,IEC,inferred-60000,none,FULL_LIST
32023D2723,2023-12-06,2023,EN 60332-3-10:2009,IEC,inferred-60000,none,FULL_LIST
32023D2723,2023-12-06,2023,EN 60332-3-21:2009,IEC,inferred-60000,none,FULL_LIST
32023D2723,2023-12-06,2023,EN 60332-3-22:2009,IEC,inferred-60000,none,FULL_LIST
32023D2723,2023-12-06,2023,EN 60332-3-23:2009,IEC,inferred-60000,none,FULL_LIST
32023D2723,2023-12-06,2023,EN 60332-3-24:2009,IEC,inferred-60000,none,FULL_LIST
32023D2723,2023-12-06,2023,EN 60332-3-25:2009,IEC,inferred-60000,none,FULL_LIST
32023D2723,2023-12-06,2023,EN 60754-1:2014,IEC,inferred-60000,none,FULL_LIST
32023D2723,2023-12-06,2023,EN 60754-2:2014,IEC,inferred-60000,none,FULL_LIST
32023D2723,2023-12-06,2023,EN 60811-100:2012,IEC,inferred-60000,none,FULL_LIST
32023D2723,2023-12-06,2023,EN 60811-201:2012,IEC,inferred-60000,none,FULL_LIST
32023D2723,2023-12-06,2023,EN 60811-202:2012,IEC,inferred-60000,none,FULL_LIST
32023D2723,2023-12-06,2023,EN 60811-203:2012,IEC,inferred-60000,none,FULL_LIST
32023D2723,2023-12-06,2023,EN 60811-301:2012,IEC,inferred-60000,none,FULL_LIST
32023D2723,2023-12-06,2023,EN 60811-302:2012,IEC,inferred-60000,none,FULL_LIST
32023D2723,2023-12-06,2023,EN 60811-401:2012,IEC,inferred-60000,none,FULL_LIST
32023D2723,2023-12-06,2023,EN 60811-402:2012,IEC,inferred-60000,none,FULL_LIST
32023D2723,2023-12-06,2023,EN 60811-403:2012,IEC,inferred-60000,none,FULL_LIST
32023D2723,2023-12-06,2023,EN 60811-404:2012,IEC,inferred-60000,none,FULL_LIST
32023D2723,2023-12-06,2023,EN 60811-405:2012,IEC,inferred-60000,none,FULL_LIST
32023D2723,2023-12-06,2023,EN 60811-406:2012,IEC,inferred-60000,none,FULL_LIST
32023D2723,2023-12-06,2023,EN 60811-407:2012,IEC,inferred-60000,none,FULL_LIST
32023D2723,2023-12-06,2023,EN 60811-408:2012,IEC,inferred-60000,none,FULL_LIST
32023D2723,2023-12-06,2023,EN 60811-409:2012,IEC,inferred-60000,none,FULL_LIST
32023D2723,2023-12-06,2023,EN 60811-410:2012,IEC,inferred-60000,none,FULL_LIST
32023D2723,2023-12-06,2023,EN 60811-411:2012,IEC,inferred-60000,none,FULL_LIST
32023D2723,2023-12-06,2023,EN 60811-412:2012,IEC,inferred-60000,none,FULL_LIST
32023D2723,2023-12-06,2023,EN 60811-501:2012,IEC,inferred-60000,none,FULL_LIST
32023D2723,2023-12-06,2023,EN 60811-502:2012,IEC,inferred-60000,none,FULL_LIST
32023D2723,2023-12-06,2023,EN 60811-503:2012,IEC,inferred-60000,none,FULL_LIST
32023D2723,2023-12-06,2023,EN 60811-504:2012,IEC,inferred-60000,none,FULL_LIST
32023D2723,2023-12-06,2023,EN 60811-505:2012,IEC,inferred-60000,none,FULL_LIST
32023D2723,2023-12-06,2023,EN 60811-506:2012,IEC,inferred-60000,none,FULL_LIST
32023D2723,2023-12-06,2023,EN 60811-507:2012,IEC,inferred-60000,none,FULL_LIST
32023D2723,2023-12-06,2023,EN 60811-508:2012,IEC,inferred-60000,none,FULL_LIST
32023D2723,2023-12-06,2023,EN 60811-509:2012,IEC,inferred-60000,none,FULL_LIST
32023D2723,2023-12-06,2023,EN 60811-510:2012,IEC,inferred-60000,none,FULL_LIST
32023D2723,2023-12-06,2023,EN 60811-511:2012,IEC,inferred-60000,none,FULL_LIST
32023D2723,2023-12-06,2023,EN 60811-512:2012,IEC,inferred-60000,none,FULL_LIST
32023D2723,2023-12-06,2023,EN 60811-513:2012,IEC,inferred-60000,none,FULL_LIST
32023D2723,2023-12-06,2023,EN 60811-601:2012,IEC,inferred-60000,none,FULL_LIST
32023D2723,2023-12-06,2023,EN 60811-602:2012,IEC,inferred-60000,none,FULL_LIST
32023D2723,2023-12-06,2023,EN 60811-603:2012,IEC,inferred-60000,none,FULL_LIST
32023D2723,2023-12-06,2023,EN 60811-604:2012,IEC,inferred-60000,none,FULL_LIST
32023D2723,2023-12-06,2023,EN 60811-605:2012,IEC,inferred-60000,none,FULL_LIST
32023D2723,2023-12-06,2023,EN 60811-606:2012,IEC,inferred-60000,none,FULL_LIST
32023D2723,2023-12-06,2023,EN 60811-607:2012,IEC,inferred-60000,none,FULL_LIST
32023D2723,2023-12-06,2023,EN 61034-1:2005,IEC,inferred-60000,none,FULL_LIST
32023D2723,2023-12-06,2023,EN 61034-1:2005,IEC,inferred-60000,none,FULL_LIST
32023D2723,2023-12-06,2023,EN 61034-2:2005,IEC,inferred-60000,none,FULL_LIST
32023D2723,2023-12-06,2023,EN 61034-2:2005,IEC,inferred-60000,none,FULL_LIST
32023D2723,2023-12-06,2023,EN ISO 11252:2013,ISO,explicit,withdrawal,FULL_LIST
32023D2723,2023-12-06,2023,EN 13637:2015,CEN,number,withdrawal,FULL_LIST
32023D2723,2023-12-06,2023,EN 50065-4-2:2001,CENELEC,number,withdrawal,FULL_LIST
32023D2723,2023-12-06,2023,EN 50065-4-2:2001,CENELEC,number,withdrawal,FULL_LIST
32023D2723,2023-12-06,2023,EN 50065-4-2:2001,CENELEC,number,withdrawal,FULL_LIST
32023D2723,2023-12-06,2023,EN 50065-4-7:2005,CENELEC,number,withdrawal,FULL_LIST
32023D2723,2023-12-06,2023,EN 50065-4-7:2005,CENELEC,number,withdrawal,FULL_LIST
32023D2723,2023-12-06,2023,EN 50085-1:2005,CENELEC,number,withdrawal,FULL_LIST
32023D2723,2023-12-06,2023,EN 50085-1:2005,CENELEC,number,withdrawal,FULL_LIST
32023D2723,2023-12-06,2023,EN 50085-2-1:2006,CENELEC,number,withdrawal,FULL_LIST
32023D2723,2023-12-06,2023,EN 50085-2-1:2006,CENELEC,number,withdrawal,FULL_LIST
32023D2723,2023-12-06,2023,EN 50085-2-2:2008,CENELEC,number,withdrawal,FULL_LIST
32023D2723,2023-12-06,2023,EN 50085-2-3:2010,CENELEC,number,withdrawal,FULL_LIST
32023D2723,2023-12-06,2023,EN 50085-2-4:2009,CENELEC,number,withdrawal,FULL_LIST
32023D2723,2023-12-06,2023,EN 50106:2008,CENELEC,number,withdrawal,FULL_LIST
32023D2723,2023-12-06,2023,EN 50117-1:2002,CENELEC,number,withdrawal,FULL_LIST
32023D2723,2023-12-06,2023,EN 50117-1:2002,CENELEC,number,withdrawal,FULL_LIST
32023D2723,2023-12-06,2023,EN 50117-1:2002,CENELEC,number,withdrawal,FULL_LIST
32023D2723,2023-12-06,2023,EN 50117-2-1:2005,CENELEC,number,withdrawal,FULL_LIST
32023D2723,2023-12-06,2023,EN 50117-2-1:2005,CENELEC,number,withdrawal,FULL_LIST
32023D2723,2023-12-06,2023,EN 50117-2-1:2005,CENELEC,number,withdrawal,FULL_LIST
32023D2723,2023-12-06,2023,EN 50117-2-2:2004,CENELEC,number,withdrawal,FULL_LIST
32023D2723,2023-12-06,2023,EN 50117-2-2:2004,CENELEC,number,withdrawal,FULL_LIST
32023D2723,2023-12-06,2023,EN 50117-2-2:2004,CENELEC,number,withdrawal,FULL_LIST
32023D2723,2023-12-06,2023,EN 50117-2-3:2004,CENELEC,number,withdrawal,FULL_LIST
32023D2723,2023-12-06,2023,EN 50117-2-3:2004,CENELEC,number,withdrawal,FULL_LIST
32023D2723,2023-12-06,2023,EN 50117-2-3:2004,CENELEC,number,withdrawal,FULL_LIST
32023D2723,2023-12-06,2023,EN 50117-2-4:2004,CENELEC,number,withdrawal,FULL_LIST
32023D2723,2023-12-06,2023,EN 50117-2-4:2004,CENELEC,number,withdrawal,FULL_LIST
32023D2723,2023-12-06,2023,EN 50117-2-4:2004,CENELEC,number,withdrawal,FULL_LIST
32023D2723,2023-12-06,2023,EN 50117-2-5:2004,CENELEC,number,withdrawal,FULL_LIST
32023D2723,2023-12-06,2023,EN 50117-2-5:2004,CENELEC,number,withdrawal,FULL_LIST
32023D2723,2023-12-06,2023,EN 50117-2-5:2004,CENELEC,number,withdrawal,FULL_LIST
32023D2723,2023-12-06,2023,EN 50117-2-5:2004,CENELEC,number,withdrawal,FULL_LIST
32023D2723,2023-12-06,2023,EN 50117-3-1:2002,CENELEC,number,withdrawal,FULL_LIST
32023D2723,2023-12-06,2023,EN 50117-4-1:2008,CENELEC,number,withdrawal,FULL_LIST
32023D2723,2023-12-06,2023,EN 50117-4-1:2008,CENELEC,number,withdrawal,FULL_LIST
32023D2723,2023-12-06,2023,EN 50117-4-2:2015,CENELEC,number,withdrawal,FULL_LIST
32023D2723,2023-12-06,2023,EN 50156-1:2015,CENELEC,number,withdrawal,FULL_LIST
32023D2723,2023-12-06,2023,EN 50156-2:2015,CENELEC,number,withdrawal,FULL_LIST
32023D2723,2023-12-06,2023,EN 50214:2006,CENELEC,number,withdrawal,FULL_LIST
32023D2723,2023-12-06,2023,EN 50214:2006,CENELEC,number,withdrawal,FULL_LIST
32023D2723,2023-12-06,2023,EN 50250:2002,CENELEC,number,withdrawal,FULL_LIST
32023D2723,2023-12-06,2023,EN 50250:2002,CENELEC,number,withdrawal,FULL_LIST
32023D2723,2023-12-06,2023,EN 50250:2002,CENELEC,number,withdrawal,FULL_LIST
32023D2723,2023-12-06,2023,EN 50274:2002,CENELEC,number,withdrawal,FULL_LIST
32023D2723,2023-12-06,2023,EN 50274:2002,CENELEC,number,withdrawal,FULL_LIST
32023D2723,2023-12-06,2023,EN 50288-1:2013,CENELEC,number,withdrawal,FULL_LIST
32023D2723,2023-12-06,2023,EN 50288-2-1:2013,CENELEC,number,withdrawal,FULL_LIST
32023D2723,2023-12-06,2023,EN 50288-2-2:2013,CENELEC,number,withdrawal,FULL_LIST
32023D2723,2023-12-06,2023,EN 50288-3-1:2013,CENELEC,number,withdrawal,FULL_LIST
32023D2723,2023-12-06,2023,EN 50288-3-2:2013,CENELEC,number,withdrawal,FULL_LIST
32023D2723,2023-12-06,2023,EN 50288-4-1:2013,CENELEC,number,withdrawal,FULL_LIST
32023D2723,2023-12-06,2023,EN 50288-4-2:2013,CENELEC,number,withdrawal,FULL_LIST
32023D2723,2023-12-06,2023,EN 50288-5-1:2013,CENELEC,number,withdrawal,FULL_LIST
32023D2723,2023-12-06,2023,EN 50288-5-2:2013,CENELEC,number,withdrawal,FULL_LIST
32023D2723,2023-12-06,2023,EN 50288-6-1:2013,CENELEC,number,withdrawal,FULL_LIST
32023D2723,2023-12-06,2023,EN 50288-6-2:2013,CENELEC,number,withdrawal,FULL_LIST
32023D2723,2023-12-06,2023,EN 50288-7:2005,CENELEC,number,withdrawal,FULL_LIST
32023D2723,2023-12-06,2023,EN 50288-8:2012,CENELEC,number,withdrawal,FULL_LIST
32023D2723,2023-12-06,2023,EN 50288-9-1:2012,CENELEC,number,withdrawal,FULL_LIST
32023D2723,2023-12-06,2023,EN 50288-9-2:2015,CENELEC,number,withdrawal,FULL_LIST
32023D2723,2023-12-06,2023,EN 50288-10-1:2012,CENELEC,number,withdrawal,FULL_LIST
32023D2723,2023-12-06,2023,EN 50288-10-2:2015,CENELEC,number,withdrawal,FULL_LIST
32023D2723,2023-12-06,2023,EN 50288-11-1:2012,CENELEC,number,withdrawal,FULL_LIST
32023D2723,2023-12-06,2023,EN 50288-11-2:2015,CENELEC,number,withdrawal,FULL_LIST
32023D2723,2023-12-06,2023,EN 50289-1-3:2001,CENELEC,number,withdrawal,FULL_LIST
32023D2723,2023-12-06,2023,EN 50289-1-4:2001,CENELEC,number,withdrawal,FULL_LIST
32023D2723,2023-12-06,2023,EN 50290-2-1:2005,CENELEC,number,withdrawal,FULL_LIST
32023D2723,2023-12-06,2023,EN 50290-2-20:2001,CENELEC,number,withdrawal,FULL_LIST
32023D2723,2023-12-06,2023,EN 50290-2-21:2001,CENELEC,number,withdrawal,FULL_LIST
32023D2723,2023-12-06,2023,EN 50290-2-21:2001,CENELEC,number,withdrawal,FULL_LIST
32023D2723,2023-12-06,2023,EN 50290-2-21:2001,CENELEC,number,withdrawal,FULL_LIST
32023D2723,2023-12-06,2023,EN 50290-2-21:2001,CENELEC,number,withdrawal,FULL_LIST
32023D2723,2023-12-06,2023,EN 50290-2-22:2001,CENELEC,number,withdrawal,FULL_LIST
32023D2723,2023-12-06,2023,EN 50290-2-22:2001,CENELEC,number,withdrawal,FULL_LIST
32023D2723,2023-12-06,2023,EN 50290-2-23:2013,CENELEC,number,withdrawal,FULL_LIST
32023D2723,2023-12-06,2023,EN 50290-2-24:2002,CENELEC,number,withdrawal,FULL_LIST
32023D2723,2023-12-06,2023,EN 50290-2-24:2002,CENELEC,number,withdrawal,FULL_LIST
32023D2723,2023-12-06,2023,EN 50290-2-25:2013,CENELEC,number,withdrawal,FULL_LIST
32023D2723,2023-12-06,2023,EN 50290-2-26:2002,CENELEC,number,withdrawal,FULL_LIST
32023D2723,2023-12-06,2023,EN 50290-2-26:2002,CENELEC,number,withdrawal,FULL_LIST
32023D2723,2023-12-06,2023,EN 50290-2-27:2002,CENELEC,number,withdrawal,FULL_LIST
32023D2723,2023-12-06,2023,EN 50290-2-27:2002,CENELEC,number,withdrawal,FULL_LIST
32023D2723,2023-12-06,2023,EN 50290-2-27:2002,CENELEC,number,withdrawal,FULL_LIST
32023D2723,2023-12-06,2023,EN 50290-2-28:2002,CENELEC,number,withdrawal,FULL_LIST
32023D2723,2023-12-06,2023,EN 50290-2-29:2002,CENELEC,number,withdrawal,FULL_LIST
32023D2723,2023-12-06,2023,EN 50290-2-30:2002,CENELEC,number,withdrawal,FULL_LIST
32023D2723,2023-12-06,2023,EN 50290-4-1:2014,CENELEC,number,withdrawal,FULL_LIST
32023D2723,2023-12-06,2023,EN 50290-4-2:2014,CENELEC,number,withdrawal,FULL_LIST
32023D2723,2023-12-06,2023,EN 50364:2010,CENELEC,number,withdrawal,FULL_LIST
32023D2723,2023-12-06,2023,EN 50369:2005,CENELEC,number,withdrawal,FULL_LIST
32023D2723,2023-12-06,2023,EN 50406-1:2004,CENELEC,number,withdrawal,FULL_LIST
32023D2723,2023-12-06,2023,EN 50406-2:2004,CENELEC,number,withdrawal,FULL_LIST
32023D2723,2023-12-06,2023,EN 50407-1:2004,CENELEC,number,withdrawal,FULL_LIST
32023D2723,2023-12-06,2023,EN 50407-3:2014,CENELEC,number,withdrawal,FULL_LIST
32023D2723,2023-12-06,2023,EN 50428:2005,CENELEC,number,withdrawal,FULL_LIST
32023D2723,2023-12-06,2023,EN 50428:2005,CENELEC,number,withdrawal,FULL_LIST
32023D2723,2023-12-06,2023,EN 50428:2005,CENELEC,number,withdrawal,FULL_LIST
32023D2723,2023-12-06,2023,EN 50441-1:2012,CENELEC,number,withdrawal,FULL_LIST
32023D2723,2023-12-06,2023,EN 50441-2:2012,CENELEC,number,withdrawal,FULL_LIST
32023D2723,2023-12-06,2023,EN 50441-3:2006,CENELEC,number,withdrawal,FULL_LIST
32023D2723,2023-12-06,2023,EN 50441-4:2012,CENELEC,number,withdrawal,FULL_LIST
32023D2723,2023-12-06,2023,EN 50445:2008,CENELEC,number,withdrawal,FULL_LIST
32023D2723,2023-12-06,2023,EN 50491-4-1:2012,CENELEC,number,withdrawal,FULL_LIST
32023D2723,2023-12-06,2023,EN 50491-6-1:2014,CENELEC,number,withdrawal,FULL_LIST
32023D2723,2023-12-06,2023,EN 50520:2020,CENELEC,number,withdrawal,FULL_LIST
32023D2723,2023-12-06,2023,EN 50520:2020,CENELEC,number,withdrawal,FULL_LIST
32023D2723,2023-12-06,2023,EN 50525-1:2011,CENELEC,number,withdrawal,FULL_LIST
32023D2723,2023-12-06,2023,EN 50525-2-11:2011,CENELEC,number,withdrawal,FULL_LIST
32023D2723,2023-12-06,2023,EN 50525-2-12:2011,CENELEC,number,withdrawal,FULL_LIST
32023D2723,2023-12-06,2023,EN 50525-2-21:2011,CENELEC,number,withdrawal,FULL_LIST
32023D2723,2023-12-06,2023,EN 50525-2-21:2011,CENELEC,number,withdrawal,FULL_LIST
32023D2723,2023-12-06,2023,EN 50525-2-22:2011,CENELEC,number,withdrawal,FULL_LIST
32023D2723,2023-12-06,2023,EN 50525-2-31:2011,CENELEC,number,withdrawal,FULL_LIST
32023D2723,2023-12-06,2023,EN 50525-2-41:2011,CENELEC,number,withdrawal,FULL_LIST
32023D2723,2023-12-06,2023,EN 50525-2-42:2011,CENELEC,number,withdrawal,FULL_LIST
32023D2723,2023-12-06,2023,EN 50525-2-51:2011,CENELEC,number,withdrawal,FULL_LIST
32023D2723,2023-12-06,2023,EN 50525-2-71:2011,CENELEC,number,withdrawal,FULL_LIST
32023D2723,2023-12-06,2023,EN 50525-2-72:2011,CENELEC,number,withdrawal,FULL_LIST
32023D2723,2023-12-06,2023,EN 50525-2-81:2011,CENELEC,number,withdrawal,FULL_LIST
32023D2723,2023-12-06,2023,EN 50525-2-82:2011,CENELEC,number,withdrawal,FULL_LIST
32023D2723,2023-12-06,2023,EN 50525-2-83:2011,CENELEC,number,withdrawal,FULL_LIST
32023D2723,2023-12-06,2023,EN 50525-3-11:2011,CENELEC,number,withdrawal,FULL_LIST
32023D2723,2023-12-06,2023,EN 50525-3-21:2011,CENELEC,number,withdrawal,FULL_LIST
32023D2723,2023-12-06,2023,EN 50525-3-21:2011,CENELEC,number,withdrawal,FULL_LIST
32023D2723,2023-12-06,2023,EN 50525-3-31:2011,CENELEC,number,withdrawal,FULL_LIST
32023D2723,2023-12-06,2023,EN 50525-3-41:2011,CENELEC,number,withdrawal,FULL_LIST
32023D2723,2023-12-06,2023,EN 50539-11:2013,CENELEC,number,withdrawal,FULL_LIST
32023D2723,2023-12-06,2023,EN 50539-11:2013,CENELEC,number,withdrawal,FULL_LIST
32023D2723,2023-12-06,2023,EN 50550:2011,CENELEC,number,withdrawal,FULL_LIST
32023D2723,2023-12-06,2023,EN 50550:2011,CENELEC,number,withdrawal,FULL_LIST
32023D2723,2023-12-06,2023,EN 50550:2011,CENELEC,number,withdrawal,FULL_LIST
32023D2723,2023-12-06,2023,EN 50556:2011,CENELEC,number,withdrawal,FULL_LIST
32023D2723,2023-12-06,2023,EN 50615:2015,CENELEC,number,withdrawal,FULL_LIST
32023D2723,2023-12-06,2023,EN 50618:2014,CENELEC,number,withdrawal,FULL_LIST
32023D2723,2023-12-06,2023,EN 50620:2017,CENELEC,number,withdrawal,FULL_LIST
32023D2723,2023-12-06,2023,EN 50620:2017,CENELEC,number,withdrawal,FULL_LIST
32023D2723,2023-12-06,2023,EN 50689:2021,CENELEC,number,withdrawal,FULL_LIST
32023D2723,2023-12-06,2023,EN 60034-1:2010,IEC,inferred-60000,withdrawal,FULL_LIST
32023D2723,2023-12-06,2023,EN 60034-1:2010,IEC,inferred-60000,withdrawal,FULL_LIST
32023D2723,2023-12-06,2023,EN 60034-5:2001,IEC,inferred-60000,withdrawal,FULL_LIST
32023D2723,2023-12-06,2023,EN 60034-5:2001,IEC,inferred-60000,withdrawal,FULL_LIST
32023D2723,2023-12-06,2023,EN 60034-6:1993,IEC,inferred-60000,withdrawal,FULL_LIST
32023D2723,2023-12-06,2023,EN 60034-7:1993,IEC,inferred-60000,withdrawal,FULL_LIST
32023D2723,2023-12-06,2023,EN 60034-7:1993,IEC,inferred-60000,withdrawal,FULL_LIST
32023D2723,2023-12-06,2023,EN 60034-8:2007,IEC,inferred-60000,withdrawal,FULL_LIST
32023D2723,2023-12-06,2023,EN 60034-8:2007,IEC,inferred-60000,withdrawal,FULL_LIST
32023D2723,2023-12-06,2023,EN 60034-9:2005,IEC,inferred-60000,withdrawal,FULL_LIST
32023D2723,2023-12-06,2023,EN 60034-9:2005,IEC,inferred-60000,withdrawal,FULL_LIST
32023D2723,2023-12-06,2023,EN 60034-11:2004,IEC,inferred-60000,withdrawal,FULL_LIST
32023D2723,2023-12-06,2023,EN 60034-12:2002,IEC,inferred-60000,withdrawal,FULL_LIST
32023D2723,2023-12-06,2023,EN 60034-12:2002,IEC,inferred-60000,withdrawal,FULL_LIST
32023D2723,2023-12-06,2023,EN 60034-14:2004,IEC,inferred-60000,withdrawal,FULL_LIST
32023D2723,2023-12-06,2023,EN 60034-14:2004,IEC,inferred-60000,withdrawal,FULL_LIST
32023D2723,2023-12-06,2023,EN 60051-1:1998,IEC,inferred-60000,withdrawal,FULL_LIST
32023D2723,2023-12-06,2023,EN 60051-2:1989,IEC,inferred-60000,withdrawal,FULL_LIST
32023D2723,2023-12-06,2023,EN 60051-3:1989,IEC,inferred-60000,withdrawal,FULL_LIST
32023D2723,2023-12-06,2023,EN 60051-3:1989,IEC,inferred-60000,withdrawal,FULL_LIST
32023D2723,2023-12-06,2023,EN 60051-4:1989,IEC,inferred-60000,withdrawal,FULL_LIST
32023D2723,2023-12-06,2023,EN 60051-5:1989,IEC,inferred-60000,withdrawal,FULL_LIST
32023D2723,2023-12-06,2023,EN 60051-6:1989,IEC,inferred-60000,withdrawal,FULL_LIST
32023D2723,2023-12-06,2023,EN 60051-7:1989,IEC,inferred-60000,withdrawal,FULL_LIST
32023D2723,2023-12-06,2023,EN 60051-8:1989,IEC,inferred-60000,withdrawal,FULL_LIST
32023D2723,2023-12-06,2023,EN 60051-9:1989,IEC,inferred-60000,withdrawal,FULL_LIST
32023D2723,2023-12-06,2023,EN 60051-9:1989,IEC,inferred-60000,withdrawal,FULL_LIST
32023D2723,2023-12-06,2023,EN 60051-9:1989,IEC,inferred-60000,withdrawal,FULL_LIST
32023D2723,2023-12-06,2023,EN 60110-1:1998,IEC,inferred-60000,withdrawal,FULL_LIST
32023D2723,2023-12-06,2023,EN 60127-1:2006,IEC,inferred-60000,withdrawal,FULL_LIST
32023D2723,2023-12-06,2023,EN 60127-1:2006,IEC,inferred-60000,withdrawal,FULL_LIST
32023D2723,2023-12-06,2023,EN 60127-1:2006,IEC,inferred-60000,withdrawal,FULL_LIST
32023D2723,2023-12-06,2023,EN 60127-2:2014,IEC,inferred-60000,withdrawal,FULL_LIST
32023D2723,2023-12-06,2023,EN 60127-3:1996,IEC,inferred-60000,withdrawal,FULL_LIST
32023D2723,2023-12-06,2023,EN 60127-3:1996,IEC,inferred-60000,withdrawal,FULL_LIST
32023D2723,2023-12-06,2023,EN 60127-3:1996,IEC,inferred-60000,withdrawal,FULL_LIST
32023D2723,2023-12-06,2023,EN 60127-4:2005,IEC,inferred-60000,withdrawal,FULL_LIST
32023D2723,2023-12-06,2023,EN 60127-4:2005,IEC,inferred-60000,withdrawal,FULL_LIST
32023D2723,2023-12-06,2023,EN 60127-4:2005,IEC,inferred-60000,withdrawal,FULL_LIST
32023D2723,2023-12-06,2023,EN 60127-6:2014,IEC,inferred-60000,withdrawal,FULL_LIST
32023D2723,2023-12-06,2023,EN 60127-7:2016,IEC,inferred-60000,withdrawal,FULL_LIST
32023D2723,2023-12-06,2023,EN 60143-2:2013,IEC,inferred-60000,withdrawal,FULL_LIST
32023D2723,2023-12-06,2023,EN 60155:1995,IEC,inferred-60000,withdrawal,FULL_LIST
32023D2723,2023-12-06,2023,EN 60155:1995,IEC,inferred-60000,withdrawal,FULL_LIST
32023D2723,2023-12-06,2023,EN 60155:1995,IEC,inferred-60000,withdrawal,FULL_LIST
32023D2723,2023-12-06,2023,EN 60204-1:2018,IEC,inferred-60000,withdrawal,FULL_LIST
32023D2723,2023-12-06,2023,EN 60204-32:2008,IEC,inferred-60000,withdrawal,FULL_LIST
32023D2723,2023-12-06,2023,EN 60215:1989,IEC,inferred-60000,withdrawal,FULL_LIST
32023D2723,2023-12-06,2023,EN 60215:1989,IEC,inferred-60000,withdrawal,FULL_LIST
32023D2723,2023-12-06,2023,EN 60215:1989,IEC,inferred-60000,withdrawal,FULL_LIST
32023D2723,2023-12-06,2023,EN IEC 60238:2018,IEC,explicit,withdrawal,FULL_LIST
32023D2723,2023-12-06,2023,EN 60252-1:2011,IEC,inferred-60000,withdrawal,FULL_LIST
32023D2723,2023-12-06,2023,EN 60252-1:2011,IEC,inferred-60000,withdrawal,FULL_LIST
32023D2723,2023-12-06,2023,EN 60252-2:2011,IEC,inferred-60000,withdrawal,FULL_LIST
32023D2723,2023-12-06,2023,EN 60252-2:2011,IEC,inferred-60000,withdrawal,FULL_LIST
32023D2723,2023-12-06,2023,EN 60255-27:2014,IEC,inferred-60000,withdrawal,FULL_LIST
32023D2723,2023-12-06,2023,EN 60269-1:2007,IEC,inferred-60000,withdrawal,FULL_LIST
32023D2723,2023-12-06,2023,EN 60269-1:2007,IEC,inferred-60000,withdrawal,FULL_LIST
32023D2723,2023-12-06,2023,EN 60269-1:2007,IEC,inferred-60000,withdrawal,FULL_LIST
32023D2723,2023-12-06,2023,EN 60269-4:2009,IEC,inferred-60000,withdrawal,FULL_LIST
32023D2723,2023-12-06,2023,EN 60269-4:2009,IEC,inferred-60000,withdrawal,FULL_LIST
32023D2723,2023-12-06,2023,EN 60269-6:2011,IEC,inferred-60000,withdrawal,FULL_LIST
32023D2723,2023-12-06,2023,EN 60309-1:1999,IEC,inferred-60000,withdrawal,FULL_LIST
32023D2723,2023-12-06,2023,EN 60309-1:1999,IEC,inferred-60000,withdrawal,FULL_LIST
32023D2723,2023-12-06,2023,EN 60309-1:1999,IEC,inferred-60000,withdrawal,FULL_LIST
32023D2723,2023-12-06,2023,EN 60309-1:1999,IEC,inferred-60000,withdrawal,FULL_LIST
32023D2723,2023-12-06,2023,EN 60309-2:1999,IEC,inferred-60000,withdrawal,FULL_LIST
32023D2723,2023-12-06,2023,EN 60309-2:1999,IEC,inferred-60000,withdrawal,FULL_LIST
32023D2723,2023-12-06,2023,EN 60309-2:1999,IEC,inferred-60000,withdrawal,FULL_LIST
32023D2723,2023-12-06,2023,EN 60309-4:2007,IEC,inferred-60000,withdrawal,FULL_LIST
32023D2723,2023-12-06,2023,EN 60309-4:2007,IEC,inferred-60000,withdrawal,FULL_LIST
32023D2723,2023-12-06,2023,EN IEC 60320-1:2021,IEC,explicit,withdrawal,FULL_LIST
32023D2723,2023-12-06,2023,EN 60320-2-1:2000,IEC,inferred-60000,withdrawal,FULL_LIST
32023D2723,2023-12-06,2023,EN 60320-2-2:1998,IEC,inferred-60000,withdrawal,FULL_LIST
32023D2723,2023-12-06,2023,EN IEC 60320-2-4:2021,IEC,explicit,withdrawal,FULL_LIST
32023D2723,2023-12-06,2023,EN 60335-1:2012,IEC,inferred-60000,withdrawal,FULL_LIST
32023D2723,2023-12-06,2023,EN 60335-1:2012,IEC,inferred-60000,withdrawal,FULL_LIST
32023D2723,2023-12-06,2023,EN 60335-1:2012,IEC,inferred-60000,withdrawal,FULL_LIST
32023D2723,2023-12-06,2023,EN 60335-1:2012,IEC,inferred-60000,withdrawal,FULL_LIST
32023D2723,2023-12-06,2023,EN 60335-1:2012,IEC,inferred-60000,withdrawal,FULL_LIST
32023D2723,2023-12-06,2023,EN 60335-1:2012,IEC,inferred-60000,withdrawal,FULL_LIST
32023D2723,2023-12-06,2023,EN 60335-1:2012,IEC,inferred-60000,withdrawal,FULL_LIST
32023D2723,2023-12-06,2023,EN 60335-1:2012,IEC,inferred-60000,withdrawal,FULL_LIST
32023D2723,2023-12-06,2023,EN 60335-2-2:2010,IEC,inferred-60000,withdrawal,FULL_LIST
32023D2723,2023-12-06,2023,EN 60335-2-2:2010,IEC,inferred-60000,withdrawal,FULL_LIST
32023D2723,2023-12-06,2023,EN 60335-2-2:2010,IEC,inferred-60000,withdrawal,FULL_LIST
32023D2723,2023-12-06,2023,EN 60335-2-3:2016,IEC,inferred-60000,withdrawal,FULL_LIST
32023D2723,2023-12-06,2023,EN 60335-2-3:2016,IEC,inferred-60000,withdrawal,FULL_LIST
32023D2723,2023-12-06,2023,EN 60335-2-4:2010,IEC,inferred-60000,withdrawal,FULL_LIST
32023D2723,2023-12-06,2023,EN 60335-2-4:2010,IEC,inferred-60000,withdrawal,FULL_LIST
32023D2723,2023-12-06,2023,EN 60335-2-4:2010,IEC,inferred-60000,withdrawal,FULL_LIST
32023D2723,2023-12-06,2023,EN 60335-2-4:2010,IEC,inferred-60000,withdrawal,FULL_LIST
32023D2723,2023-12-06,2023,EN 60335-2-5:2015,IEC,inferred-60000,withdrawal,FULL_LIST
32023D2723,2023-12-06,2023,EN 60335-2-5:2015,IEC,inferred-60000,withdrawal,FULL_LIST
32023D2723,2023-12-06,2023,EN 60335-2-5:2015,IEC,inferred-60000,withdrawal,FULL_LIST
32023D2723,2023-12-06,2023,EN 60335-2-6:2015,IEC,inferred-60000,withdrawal,FULL_LIST
32023D2723,2023-12-06,2023,EN 60335-2-6:2015,IEC,inferred-60000,withdrawal,FULL_LIST
32023D2723,2023-12-06,2023,EN 60335-2-7:2010,IEC,inferred-60000,withdrawal,FULL_LIST
32023D2723,2023-12-06,2023,EN 60335-2-7:2010,IEC,inferred-60000,withdrawal,FULL_LIST
32023D2723,2023-12-06,2023,EN 60335-2-7:2010,IEC,inferred-60000,withdrawal,FULL_LIST
32023D2723,2023-12-06,2023,EN 60335-2-7:2010,IEC,inferred-60000,withdrawal,FULL_LIST
32023D2723,2023-12-06,2023,EN 60335-2-8:2015,IEC,inferred-60000,withdrawal,FULL_LIST
32023D2723,2023-12-06,2023,EN 60335-2-8:2015,IEC,inferred-60000,withdrawal,FULL_LIST
32023D2723,2023-12-06,2023,EN 60335-2-9:2003,IEC,inferred-60000,withdrawal,FULL_LIST
32023D2723,2023-12-06,2023,EN 60335-2-9:2003,IEC,inferred-60000,withdrawal,FULL_LIST
32023D2723,2023-12-06,2023,EN 60335-2-9:2003,IEC,inferred-60000,withdrawal,FULL_LIST
32023D2723,2023-12-06,2023,EN 60335-2-9:2003,IEC,inferred-60000,withdrawal,FULL_LIST
32023D2723,2023-12-06,2023,EN 60335-2-9:2003,IEC,inferred-60000,withdrawal,FULL_LIST
32023D2723,2023-12-06,2023,EN 60335-2-9:2003,IEC,inferred-60000,withdrawal,FULL_LIST
32023D2723,2023-12-06,2023,EN 60335-2-9:2003,IEC,inferred-60000,withdrawal,FULL_LIST
32023D2723,2023-12-06,2023,EN 60335-2-9:2003,IEC,inferred-60000,withdrawal,FULL_LIST
32023D2723,2023-12-06,2023,EN 60335-2-10:2003,IEC,inferred-60000,withdrawal,FULL_LIST
32023D2723,2023-12-06,2023,EN 60335-2-10:2003,IEC,inferred-60000,withdrawal,FULL_LIST
32023D2723,2023-12-06,2023,EN IEC 60335-2-11:2022,IEC,explicit,withdrawal,FULL_LIST
32023D2723,2023-12-06,2023,EN IEC 60335-2-11:2022,IEC,explicit,withdrawal,FULL_LIST
32023D2723,2023-12-06,2023,EN 60335-2-12:2003,IEC,inferred-60000,withdrawal,FULL_LIST
32023D2723,2023-12-06,2023,EN 60335-2-12:2003,IEC,inferred-60000,withdrawal,FULL_LIST
32023D2723,2023-12-06,2023,EN 60335-2-12:2003,IEC,inferred-60000,withdrawal,FULL_LIST
32023D2723,2023-12-06,2023,EN 60335-2-12:2003,IEC,inferred-60000,withdrawal,FULL_LIST
32023D2723,2023-12-06,2023,EN 60335-2-13:2010,IEC,inferred-60000,withdrawal,FULL_LIST
32023D2723,2023-12-06,2023,EN 60335-2-13:2010,IEC,inferred-60000,withdrawal,FULL_LIST
32023D2723,2023-12-06,2023,EN 60335-2-13:2010,IEC,inferred-60000,withdrawal,FULL_LIST
32023D2723,2023-12-06,2023,EN 60335-2-15:2016,IEC,inferred-60000,withdrawal,FULL_LIST
32023D2723,2023-12-06,2023,EN 60335-2-15:2016,IEC,inferred-60000,withdrawal,FULL_LIST
32023D2723,2023-12-06,2023,EN 60335-2-15:2016,IEC,inferred-60000,withdrawal,FULL_LIST
32023D2723,2023-12-06,2023,EN 60335-2-15:2016,IEC,inferred-60000,withdrawal,FULL_LIST
32023D2723,2023-12-06,2023,EN 60335-2-15:2016,IEC,inferred-60000,withdrawal,FULL_LIST
32023D2723,2023-12-06,2023,EN 60335-2-16:2003,IEC,inferred-60000,withdrawal,FULL_LIST
32023D2723,2023-12-06,2023,EN 60335-2-16:2003,IEC,inferred-60000,withdrawal,FULL_LIST
32023D2723,2023-12-06,2023,EN 60335-2-16:2003,IEC,inferred-60000,withdrawal,FULL_LIST
32023D2723,2023-12-06,2023,EN 60335-2-16:2003,IEC,inferred-60000,withdrawal,FULL_LIST
32023D2723,2023-12-06,2023,EN 60335-2-17:2013,IEC,inferred-60000,withdrawal,FULL_LIST
32023D2723,2023-12-06,2023,EN 60335-2-17:2013,IEC,inferred-60000,withdrawal,FULL_LIST
32023D2723,2023-12-06,2023,EN 60335-2-17:2013,IEC,inferred-60000,withdrawal,FULL_LIST
32023D2723,2023-12-06,2023,EN 60335-2-17:2013,IEC,inferred-60000,withdrawal,FULL_LIST
32023D2723,2023-12-06,2023,EN 60335-2-21:2021,IEC,inferred-60000,withdrawal,FULL_LIST
32023D2723,2023-12-06,2023,EN 60335-2-21:2021,IEC,inferred-60000,withdrawal,FULL_LIST
32023D2723,2023-12-06,2023,EN 60335-2-23:2003,IEC,inferred-60000,withdrawal,FULL_LIST
32023D2723,2023-12-06,2023,EN 60335-2-23:2003,IEC,inferred-60000,withdrawal,FULL_LIST
32023D2723,2023-12-06,2023,EN 60335-2-23:2003,IEC,inferred-60000,withdrawal,FULL_LIST
32023D2723,2023-12-06,2023,EN 60335-2-23:2003,IEC,inferred-60000,withdrawal,FULL_LIST
32023D2723,2023-12-06,2023,EN 60335-2-23:2003,IEC,inferred-60000,withdrawal,FULL_LIST
32023D2723,2023-12-06,2023,EN IEC 60335-2-24:2022,IEC,explicit,withdrawal,FULL_LIST
32023D2723,2023-12-06,2023,EN IEC 60335-2-24:2022,IEC,explicit,withdrawal,FULL_LIST
32023D2723,2023-12-06,2023,EN IEC 60335-2-25:2021,IEC,explicit,withdrawal,FULL_LIST
32023D2723,2023-12-06,2023,EN IEC 60335-2-25:2021,IEC,explicit,withdrawal,FULL_LIST
32023D2723,2023-12-06,2023,EN 60335-2-26:2003,IEC,inferred-60000,withdrawal,FULL_LIST
32023D2723,2023-12-06,2023,EN 60335-2-26:2003,IEC,inferred-60000,withdrawal,FULL_LIST
32023D2723,2023-12-06,2023,EN 60335-2-27:2013,IEC,inferred-60000,withdrawal,FULL_LIST
32023D2723,2023-12-06,2023,EN 60335-2-27:2013,IEC,inferred-60000,withdrawal,FULL_LIST
32023D2723,2023-12-06,2023,EN 60335-2-27:2013,IEC,inferred-60000,withdrawal,FULL_LIST
32023D2723,2023-12-06,2023,EN 60335-2-27:2013,IEC,inferred-60000,withdrawal,FULL_LIST
32023D2723,2023-12-06,2023,EN 60335-2-28:2003,IEC,inferred-60000,withdrawal,FULL_LIST
32023D2723,2023-12-06,2023,EN 60335-2-28:2003,IEC,inferred-60000,withdrawal,FULL_LIST
32023D2723,2023-12-06,2023,EN 60335-2-28:2003,IEC,inferred-60000,withdrawal,FULL_LIST
32023D2723,2023-12-06,2023,EN 60335-2-29:2021,IEC,inferred-60000,withdrawal,FULL_LIST
32023D2723,2023-12-06,2023,EN 60335-2-29:2021,IEC,inferred-60000,withdrawal,FULL_LIST
32023D2723,2023-12-06,2023,EN 60335-2-30:2009,IEC,inferred-60000,withdrawal,FULL_LIST
32023D2723,2023-12-06,2023,EN 60335-2-30:2009,IEC,inferred-60000,withdrawal,FULL_LIST
32023D2723,2023-12-06,2023,EN 60335-2-30:2009,IEC,inferred-60000,withdrawal,FULL_LIST
32023D2723,2023-12-06,2023,EN 60335-2-30:2009,IEC,inferred-60000,withdrawal,FULL_LIST
32023D2723,2023-12-06,2023,EN 60335-2-30:2009,IEC,inferred-60000,withdrawal,FULL_LIST
32023D2723,2023-12-06,2023,EN 60335-2-30:2009,IEC,inferred-60000,withdrawal,FULL_LIST
32023D2723,2023-12-06,2023,EN 60335-2-30:2009,IEC,inferred-60000,withdrawal,FULL_LIST
32023D2723,2023-12-06,2023,EN 60335-2-30:2009,IEC,inferred-60000,withdrawal,FULL_LIST
32023D2723,2023-12-06,2023,EN 60335-2-31:2014,IEC,inferred-60000,withdrawal,FULL_LIST
32023D2723,2023-12-06,2023,EN 60335-2-32:2003,IEC,inferred-60000,withdrawal,FULL_LIST
32023D2723,2023-12-06,2023,EN 60335-2-32:2003,IEC,inferred-60000,withdrawal,FULL_LIST
32023D2723,2023-12-06,2023,EN 60335-2-32:2003,IEC,inferred-60000,withdrawal,FULL_LIST
32023D2723,2023-12-06,2023,EN 60335-2-34:2013,IEC,inferred-60000,withdrawal,FULL_LIST
32023D2723,2023-12-06,2023,EN 60335-2-35:2016,IEC,inferred-60000,withdrawal,FULL_LIST
32023D2723,2023-12-06,2023,EN 60335-2-35:2016,IEC,inferred-60000,withdrawal,FULL_LIST
32023D2723,2023-12-06,2023,EN 60335-2-35:2016,IEC,inferred-60000,withdrawal,FULL_LIST
32023D2723,2023-12-06,2023,EN 60335-2-36:2002,IEC,inferred-60000,withdrawal,FULL_LIST
32023D2723,2023-12-06,2023,EN 60335-2-36:2002,IEC,inferred-60000,withdrawal,FULL_LIST
32023D2723,2023-12-06,2023,EN 60335-2-36:2002,IEC,inferred-60000,withdrawal,FULL_LIST
32023D2723,2023-12-06,2023,EN 60335-2-36:2002,IEC,inferred-60000,withdrawal,FULL_LIST
32023D2723,2023-12-06,2023,EN 60335-2-36:2002,IEC,inferred-60000,withdrawal,FULL_LIST
32023D2723,2023-12-06,2023,EN 60335-2-37:2002,IEC,inferred-60000,withdrawal,FULL_LIST
32023D2723,2023-12-06,2023,EN 60335-2-37:2002,IEC,inferred-60000,withdrawal,FULL_LIST
32023D2723,2023-12-06,2023,EN 60335-2-37:2002,IEC,inferred-60000,withdrawal,FULL_LIST
32023D2723,2023-12-06,2023,EN 60335-2-37:2002,IEC,inferred-60000,withdrawal,FULL_LIST
32023D2723,2023-12-06,2023,EN 60335-2-38:2003,IEC,inferred-60000,withdrawal,FULL_LIST
32023D2723,2023-12-06,2023,EN 60335-2-38:2003,IEC,inferred-60000,withdrawal,FULL_LIST
32023D2723,2023-12-06,2023,EN 60335-2-38:2003,IEC,inferred-60000,withdrawal,FULL_LIST
32023D2723,2023-12-06,2023,EN 60335-2-39:2003,IEC,inferred-60000,withdrawal,FULL_LIST
32023D2723,2023-12-06,2023,EN 60335-2-39:2003,IEC,inferred-60000,withdrawal,FULL_LIST
32023D2723,2023-12-06,2023,EN 60335-2-39:2003,IEC,inferred-60000,withdrawal,FULL_LIST
32023D2723,2023-12-06,2023,EN 60335-2-39:2003,IEC,inferred-60000,withdrawal,FULL_LIST
32023D2723,2023-12-06,2023,EN 60335-2-40:2003,IEC,inferred-60000,withdrawal,FULL_LIST
32023D2723,2023-12-06,2023,EN 60335-2-40:2003,IEC,inferred-60000,withdrawal,FULL_LIST
32023D2723,2023-12-06,2023,EN 60335-2-40:2003,IEC,inferred-60000,withdrawal,FULL_LIST
32023D2723,2023-12-06,2023,EN 60335-2-40:2003,IEC,inferred-60000,withdrawal,FULL_LIST
32023D2723,2023-12-06,2023,EN 60335-2-40:2003,IEC,inferred-60000,withdrawal,FULL_LIST
32023D2723,2023-12-06,2023,EN 60335-2-40:2003,IEC,inferred-60000,withdrawal,FULL_LIST
32023D2723,2023-12-06,2023,EN 60335-2-40:2003,IEC,inferred-60000,withdrawal,FULL_LIST
32023D2723,2023-12-06,2023,EN 60335-2-40:2003,IEC,inferred-60000,withdrawal,FULL_LIST
32023D2723,2023-12-06,2023,EN 60335-2-40:2003,IEC,inferred-60000,withdrawal,FULL_LIST
32023D2723,2023-12-06,2023,EN IEC 60335-2-41:2021,IEC,explicit,withdrawal,FULL_LIST
32023D2723,2023-12-06,2023,EN IEC 60335-2-41:2021,IEC,explicit,withdrawal,FULL_LIST
32023D2723,2023-12-06,2023,EN 60335-2-42:2003,IEC,inferred-60000,withdrawal,FULL_LIST
32023D2723,2023-12-06,2023,EN 60335-2-42:2003,IEC,inferred-60000,withdrawal,FULL_LIST
32023D2723,2023-12-06,2023,EN 60335-2-42:2003,IEC,inferred-60000,withdrawal,FULL_LIST
32023D2723,2023-12-06,2023,EN 60335-2-42:2003,IEC,inferred-60000,withdrawal,FULL_LIST
32023D2723,2023-12-06,2023,EN IEC 60335-2-43:2020,IEC,explicit,withdrawal,FULL_LIST
32023D2723,2023-12-06,2023,EN IEC 60335-2-43:2020,IEC,explicit,withdrawal,FULL_LIST
32023D2723,2023-12-06,2023,EN 60335-2-44:2002,IEC,inferred-60000,withdrawal,FULL_LIST
32023D2723,2023-12-06,2023,EN 60335-2-44:2002,IEC,inferred-60000,withdrawal,FULL_LIST
32023D2723,2023-12-06,2023,EN 60335-2-44:2002,IEC,inferred-60000,withdrawal,FULL_LIST
32023D2723,2023-12-06,2023,EN 60335-2-45:2002,IEC,inferred-60000,withdrawal,FULL_LIST
32023D2723,2023-12-06,2023,EN 60335-2-45:2002,IEC,inferred-60000,withdrawal,FULL_LIST
32023D2723,2023-12-06,2023,EN 60335-2-45:2002,IEC,inferred-60000,withdrawal,FULL_LIST
32023D2723,2023-12-06,2023,EN 60335-2-47:2003,IEC,inferred-60000,withdrawal,FULL_LIST
32023D2723,2023-12-06,2023,EN 60335-2-47:2003,IEC,inferred-60000,withdrawal,FULL_LIST
32023D2723,2023-12-06,2023,EN 60335-2-47:2003,IEC,inferred-60000,withdrawal,FULL_LIST
32023D2723,2023-12-06,2023,EN 60335-2-47:2003,IEC,inferred-60000,withdrawal,FULL_LIST
32023D2723,2023-12-06,2023,EN 60335-2-47:2003,IEC,inferred-60000,withdrawal,FULL_LIST
32023D2723,2023-12-06,2023,EN 60335-2-48:2003,IEC,inferred-60000,withdrawal,FULL_LIST
32023D2723,2023-12-06,2023,EN 60335-2-48:2003,IEC,inferred-60000,withdrawal,FULL_LIST
32023D2723,2023-12-06,2023,EN 60335-2-48:2003,IEC,inferred-60000,withdrawal,FULL_LIST
32023D2723,2023-12-06,2023,EN 60335-2-48:2003,IEC,inferred-60000,withdrawal,FULL_LIST
32023D2723,2023-12-06,2023,EN 60335-2-48:2003,IEC,inferred-60000,withdrawal,FULL_LIST
32023D2723,2023-12-06,2023,EN 60335-2-49:2003,IEC,inferred-60000,withdrawal,FULL_LIST
32023D2723,2023-12-06,2023,EN 60335-2-49:2003,IEC,inferred-60000,withdrawal,FULL_LIST
32023D2723,2023-12-06,2023,EN 60335-2-49:2003,IEC,inferred-60000,withdrawal,FULL_LIST
32023D2723,2023-12-06,2023,EN 60335-2-49:2003,IEC,inferred-60000,withdrawal,FULL_LIST
32023D2723,2023-12-06,2023,EN 60335-2-49:2003,IEC,inferred-60000,withdrawal,FULL_LIST
32023D2723,2023-12-06,2023,EN 60335-2-50:2003,IEC,inferred-60000,withdrawal,FULL_LIST
32023D2723,2023-12-06,2023,EN 60335-2-50:2003,IEC,inferred-60000,withdrawal,FULL_LIST
32023D2723,2023-12-06,2023,EN 60335-2-50:2003,IEC,inferred-60000,withdrawal,FULL_LIST
32023D2723,2023-12-06,2023,EN 60335-2-51:2003,IEC,inferred-60000,withdrawal,FULL_LIST
32023D2723,2023-12-06,2023,EN 60335-2-51:2003,IEC,inferred-60000,withdrawal,FULL_LIST
32023D2723,2023-12-06,2023,EN 60335-2-51:2003,IEC,inferred-60000,withdrawal,FULL_LIST
32023D2723,2023-12-06,2023,EN 60335-2-52:2003,IEC,inferred-60000,withdrawal,FULL_LIST
32023D2723,2023-12-06,2023,EN 60335-2-52:2003,IEC,inferred-60000,withdrawal,FULL_LIST
32023D2723,2023-12-06,2023,EN 60335-2-52:2003,IEC,inferred-60000,withdrawal,FULL_LIST
32023D2723,2023-12-06,2023,EN 60335-2-52:2003,IEC,inferred-60000,withdrawal,FULL_LIST
32023D2723,2023-12-06,2023,EN 60335-2-52:2003,IEC,inferred-60000,withdrawal,FULL_LIST
32023D2723,2023-12-06,2023,EN 60335-2-53:2011,IEC,inferred-60000,withdrawal,FULL_LIST
32023D2723,2023-12-06,2023,EN 60335-2-54:2008,IEC,inferred-60000,withdrawal,FULL_LIST
32023D2723,2023-12-06,2023,EN 60335-2-54:2008,IEC,inferred-60000,withdrawal,FULL_LIST
32023D2723,2023-12-06,2023,EN 60335-2-54:2008,IEC,inferred-60000,withdrawal,FULL_LIST
32023D2723,2023-12-06,2023,EN 60335-2-54:2008,IEC,inferred-60000,withdrawal,FULL_LIST
32023D2723,2023-12-06,2023,EN 60335-2-54:2008,IEC,inferred-60000,withdrawal,FULL_LIST
32023D2723,2023-12-06,2023,EN 60335-2-54:2008,IEC,inferred-60000,withdrawal,FULL_LIST
32023D2723,2023-12-06,2023,EN 60335-2-55:2003,IEC,inferred-60000,withdrawal,FULL_LIST
32023D2723,2023-12-06,2023,EN 60335-2-55:2003,IEC,inferred-60000,withdrawal,FULL_LIST
32023D2723,2023-12-06,2023,EN 60335-2-55:2003,IEC,inferred-60000,withdrawal,FULL_LIST
32023D2723,2023-12-06,2023,EN 60335-2-56:2003,IEC,inferred-60000,withdrawal,FULL_LIST
32023D2723,2023-12-06,2023,EN 60335-2-56:2003,IEC,inferred-60000,withdrawal,FULL_LIST
32023D2723,2023-12-06,2023,EN 60335-2-56:2003,IEC,inferred-60000,withdrawal,FULL_LIST
32023D2723,2023-12-06,2023,EN 60335-2-58:2005,IEC,inferred-60000,withdrawal,FULL_LIST
32023D2723,2023-12-06,2023,EN 60335-2-59:2003,IEC,inferred-60000,withdrawal,FULL_LIST
32023D2723,2023-12-06,2023,EN 60335-2-59:2003,IEC,inferred-60000,withdrawal,FULL_LIST
32023D2723,2023-12-06,2023,EN 60335-2-59:2003,IEC,inferred-60000,withdrawal,FULL_LIST
32023D2723,2023-12-06,2023,EN 60335-2-59:2003,IEC,inferred-60000,withdrawal,FULL_LIST
32023D2723,2023-12-06,2023,EN 60335-2-60:2003,IEC,inferred-60000,withdrawal,FULL_LIST
32023D2723,2023-12-06,2023,EN 60335-2-60:2003,IEC,inferred-60000,withdrawal,FULL_LIST
32023D2723,2023-12-06,2023,EN 60335-2-60:2003,IEC,inferred-60000,withdrawal,FULL_LIST
32023D2723,2023-12-06,2023,EN 60335-2-60:2003,IEC,inferred-60000,withdrawal,FULL_LIST
32023D2723,2023-12-06,2023,EN 60335-2-60:2003,IEC,inferred-60000,withdrawal,FULL_LIST
32023D2723,2023-12-06,2023,EN 60335-2-61:2003,IEC,inferred-60000,withdrawal,FULL_LIST
32023D2723,2023-12-06,2023,EN 60335-2-61:2003,IEC,inferred-60000,withdrawal,FULL_LIST
32023D2723,2023-12-06,2023,EN 60335-2-61:2003,IEC,inferred-60000,withdrawal,FULL_LIST
32023D2723,2023-12-06,2023,EN 60335-2-61:2003,IEC,inferred-60000,withdrawal,FULL_LIST
32023D2723,2023-12-06,2023,EN 60335-2-61:2003,IEC,inferred-60000,withdrawal,FULL_LIST
32023D2723,2023-12-06,2023,EN 60335-2-62:2003,IEC,inferred-60000,withdrawal,FULL_LIST
32023D2723,2023-12-06,2023,EN 60335-2-62:2003,IEC,inferred-60000,withdrawal,FULL_LIST
32023D2723,2023-12-06,2023,EN 60335-2-62:2003,IEC,inferred-60000,withdrawal,FULL_LIST
32023D2723,2023-12-06,2023,EN 60335-2-65:2003,IEC,inferred-60000,withdrawal,FULL_LIST
32023D2723,2023-12-06,2023,EN 60335-2-65:2003,IEC,inferred-60000,withdrawal,FULL_LIST
32023D2723,2023-12-06,2023,EN 60335-2-65:2003,IEC,inferred-60000,withdrawal,FULL_LIST
32023D2723,2023-12-06,2023,EN 60335-2-66:2003,IEC,inferred-60000,withdrawal,FULL_LIST
32023D2723,2023-12-06,2023,EN 60335-2-66:2003,IEC,inferred-60000,withdrawal,FULL_LIST
32023D2723,2023-12-06,2023,EN 60335-2-66:2003,IEC,inferred-60000,withdrawal,FULL_LIST
32023D2723,2023-12-06,2023,EN 60335-2-66:2003,IEC,inferred-60000,withdrawal,FULL_LIST
32023D2723,2023-12-06,2023,EN 60335-2-70:2002,IEC,inferred-60000,withdrawal,FULL_LIST
32023D2723,2023-12-06,2023,EN 60335-2-71:2003,IEC,inferred-60000,withdrawal,FULL_LIST
32023D2723,2023-12-06,2023,EN 60335-2-71:2003,IEC,inferred-60000,withdrawal,FULL_LIST
32023D2723,2023-12-06,2023,EN 60335-2-73:2003,IEC,inferred-60000,withdrawal,FULL_LIST
32023D2723,2023-12-06,2023,EN 60335-2-73:2003,IEC,inferred-60000,withdrawal,FULL_LIST
32023D2723,2023-12-06,2023,EN 60335-2-73:2003,IEC,inferred-60000,withdrawal,FULL_LIST
32023D2723,2023-12-06,2023,EN 60335-2-73:2003,IEC,inferred-60000,withdrawal,FULL_LIST
32023D2723,2023-12-06,2023,EN 60335-2-74:2003,IEC,inferred-60000,withdrawal,FULL_LIST
32023D2723,2023-12-06,2023,EN 60335-2-74:2003,IEC,inferred-60000,withdrawal,FULL_LIST
32023D2723,2023-12-06,2023,EN 60335-2-74:2003,IEC,inferred-60000,withdrawal,FULL_LIST
32023D2723,2023-12-06,2023,EN 60335-2-74:2003,IEC,inferred-60000,withdrawal,FULL_LIST
32023D2723,2023-12-06,2023,EN 60335-2-75:2004,IEC,inferred-60000,withdrawal,FULL_LIST
32023D2723,2023-12-06,2023,EN 60335-2-75:2004,IEC,inferred-60000,withdrawal,FULL_LIST
32023D2723,2023-12-06,2023,EN 60335-2-75:2004,IEC,inferred-60000,withdrawal,FULL_LIST
32023D2723,2023-12-06,2023,EN 60335-2-75:2004,IEC,inferred-60000,withdrawal,FULL_LIST
32023D2723,2023-12-06,2023,EN 60335-2-75:2004,IEC,inferred-60000,withdrawal,FULL_LIST
32023D2723,2023-12-06,2023,EN 60335-2-78:2003,IEC,inferred-60000,withdrawal,FULL_LIST
32023D2723,2023-12-06,2023,EN 60335-2-78:2003,IEC,inferred-60000,withdrawal,FULL_LIST
32023D2723,2023-12-06,2023,EN 60335-2-78:2003,IEC,inferred-60000,withdrawal,FULL_LIST
32023D2723,2023-12-06,2023,EN 60335-2-80:2003,IEC,inferred-60000,withdrawal,FULL_LIST
32023D2723,2023-12-06,2023,EN 60335-2-80:2003,IEC,inferred-60000,withdrawal,FULL_LIST
32023D2723,2023-12-06,2023,EN 60335-2-80:2003,IEC,inferred-60000,withdrawal,FULL_LIST
32023D2723,2023-12-06,2023,EN 60335-2-81:2003,IEC,inferred-60000,withdrawal,FULL_LIST
32023D2723,2023-12-06,2023,EN 60335-2-81:2003,IEC,inferred-60000,withdrawal,FULL_LIST
32023D2723,2023-12-06,2023,EN 60335-2-81:2003,IEC,inferred-60000,withdrawal,FULL_LIST
32023D2723,2023-12-06,2023,EN 60335-2-82:2003,IEC,inferred-60000,withdrawal,FULL_LIST
32023D2723,2023-12-06,2023,EN 60335-2-82:2003,IEC,inferred-60000,withdrawal,FULL_LIST
32023D2723,2023-12-06,2023,EN 60335-2-82:2003,IEC,inferred-60000,withdrawal,FULL_LIST
32023D2723,2023-12-06,2023,EN 60335-2-83:2002,IEC,inferred-60000,withdrawal,FULL_LIST
32023D2723,2023-12-06,2023,EN 60335-2-83:2002,IEC,inferred-60000,withdrawal,FULL_LIST
32023D2723,2023-12-06,2023,EN IEC 60335-2-84:2021,IEC,explicit,withdrawal,FULL_LIST
32023D2723,2023-12-06,2023,EN IEC 60335-2-84:2021,IEC,explicit,withdrawal,FULL_LIST
32023D2723,2023-12-06,2023,EN 60335-2-85:2003,IEC,inferred-60000,withdrawal,FULL_LIST
32023D2723,2023-12-06,2023,EN 60335-2-85:2003,IEC,inferred-60000,withdrawal,FULL_LIST
32023D2723,2023-12-06,2023,EN 60335-2-85:2003,IEC,inferred-60000,withdrawal,FULL_LIST
32023D2723,2023-12-06,2023,EN 60335-2-85:2003,IEC,inferred-60000,withdrawal,FULL_LIST
32023D2723,2023-12-06,2023,EN 60335-2-86:2003,IEC,inferred-60000,withdrawal,FULL_LIST
32023D2723,2023-12-06,2023,EN 60335-2-86:2003,IEC,inferred-60000,withdrawal,FULL_LIST
32023D2723,2023-12-06,2023,EN 60335-2-86:2003,IEC,inferred-60000,withdrawal,FULL_LIST
32023D2723,2023-12-06,2023,EN 60335-2-86:2003,IEC,inferred-60000,withdrawal,FULL_LIST
32023D2723,2023-12-06,2023,EN 60335-2-87:2002,IEC,inferred-60000,withdrawal,FULL_LIST
32023D2723,2023-12-06,2023,EN 60335-2-87:2002,IEC,inferred-60000,withdrawal,FULL_LIST
32023D2723,2023-12-06,2023,EN 60335-2-87:2002,IEC,inferred-60000,withdrawal,FULL_LIST
32023D2723,2023-12-06,2023,EN 60335-2-88:2002,IEC,inferred-60000,withdrawal,FULL_LIST
32023D2723,2023-12-06,2023,EN 60335-2-90:2006,IEC,inferred-60000,withdrawal,FULL_LIST
32023D2723,2023-12-06,2023,EN 60335-2-90:2006,IEC,inferred-60000,withdrawal,FULL_LIST
32023D2723,2023-12-06,2023,EN IEC 60335-2-96:2021,IEC,explicit,withdrawal,FULL_LIST
32023D2723,2023-12-06,2023,EN IEC 60335-2-96:2021,IEC,explicit,withdrawal,FULL_LIST
32023D2723,2023-12-06,2023,EN 60335-2-97:2006,IEC,inferred-60000,withdrawal,FULL_LIST
32023D2723,2023-12-06,2023,EN 60335-2-97:2006,IEC,inferred-60000,withdrawal,FULL_LIST
32023D2723,2023-12-06,2023,EN 60335-2-97:2006,IEC,inferred-60000,withdrawal,FULL_LIST
32023D2723,2023-12-06,2023,EN 60335-2-97:2006,IEC,inferred-60000,withdrawal,FULL_LIST
32023D2723,2023-12-06,2023,EN 60335-2-98:2003,IEC,inferred-60000,withdrawal,FULL_LIST
32023D2723,2023-12-06,2023,EN 60335-2-98:2003,IEC,inferred-60000,withdrawal,FULL_LIST
32023D2723,2023-12-06,2023,EN 60335-2-98:2003,IEC,inferred-60000,withdrawal,FULL_LIST
32023D2723,2023-12-06,2023,EN 60335-2-98:2003,IEC,inferred-60000,withdrawal,FULL_LIST
32023D2723,2023-12-06,2023,EN 60335-2-99:2003,IEC,inferred-60000,withdrawal,FULL_LIST
32023D2723,2023-12-06,2023,EN 60335-2-101:2002,IEC,inferred-60000,withdrawal,FULL_LIST
32023D2723,2023-12-06,2023,EN 60335-2-101:2002,IEC,inferred-60000,withdrawal,FULL_LIST
32023D2723,2023-12-06,2023,EN 60335-2-101:2002,IEC,inferred-60000,withdrawal,FULL_LIST
32023D2723,2023-12-06,2023,EN 60335-2-102:2016,IEC,inferred-60000,withdrawal,FULL_LIST
32023D2723,2023-12-06,2023,EN IEC 60335-2-105:2021,IEC,explicit,withdrawal,FULL_LIST
32023D2723,2023-12-06,2023,EN IEC 60335-2-105:2021,IEC,explicit,withdrawal,FULL_LIST
32023D2723,2023-12-06,2023,EN 60335-2-106:2007,IEC,inferred-60000,withdrawal,FULL_LIST
32023D2723,2023-12-06,2023,EN 60335-2-108:2008,IEC,inferred-60000,withdrawal,FULL_LIST
32023D2723,2023-12-06,2023,EN 60335-2-109:2010,IEC,inferred-60000,withdrawal,FULL_LIST
32023D2723,2023-12-06,2023,EN 60335-2-109:2010,IEC,inferred-60000,withdrawal,FULL_LIST
32023D2723,2023-12-06,2023,EN 60335-2-109:2010,IEC,inferred-60000,withdrawal,FULL_LIST
32023D2723,2023-12-06,2023,EN 60358-1:2012,IEC,inferred-60000,withdrawal,FULL_LIST
32023D2723,2023-12-06,2023,EN 60358-1:2012,IEC,inferred-60000,withdrawal,FULL_LIST
32023D2723,2023-12-06,2023,EN 60360:1998,IEC,inferred-60000,withdrawal,FULL_LIST
32023D2723,2023-12-06,2023,EN 60399:2004,IEC,inferred-60000,withdrawal,FULL_LIST
32023D2723,2023-12-06,2023,EN 60399:2004,IEC,inferred-60000,withdrawal,FULL_LIST
32023D2723,2023-12-06,2023,EN 60400:2017,IEC,inferred-60000,withdrawal,FULL_LIST
32023D2723,2023-12-06,2023,EN 60400:2017,IEC,inferred-60000,withdrawal,FULL_LIST
32023D2723,2023-12-06,2023,EN 60423:2007,IEC,inferred-60000,withdrawal,FULL_LIST
32023D2723,2023-12-06,2023,EN 60432-1:2000,IEC,inferred-60000,withdrawal,FULL_LIST
32023D2723,2023-12-06,2023,EN 60432-1:2000,IEC,inferred-60000,withdrawal,FULL_LIST
32023D2723,2023-12-06,2023,EN 60432-1:2000,IEC,inferred-60000,withdrawal,FULL_LIST
32023D2723,2023-12-06,2023,EN 60432-2:2000,IEC,inferred-60000,withdrawal,FULL_LIST
32023D2723,2023-12-06,2023,EN 60432-2:2000,IEC,inferred-60000,withdrawal,FULL_LIST
32023D2723,2023-12-06,2023,EN 60432-2:2000,IEC,inferred-60000,withdrawal,FULL_LIST
32023D2723,2023-12-06,2023,EN 60432-3:2013,IEC,inferred-60000,withdrawal,FULL_LIST
32023D2723,2023-12-06,2023,EN 60477:1997,IEC,inferred-60000,withdrawal,FULL_LIST
32023D2723,2023-12-06,2023,EN 60477:1997,IEC,inferred-60000,withdrawal,FULL_LIST
32023D2723,2023-12-06,2023,EN 60477-2:1997,IEC,inferred-60000,withdrawal,FULL_LIST
32023D2723,2023-12-06,2023,EN 60477-2:1997,IEC,inferred-60000,withdrawal,FULL_LIST
32023D2723,2023-12-06,2023,EN 60519-1:2015,IEC,inferred-60000,withdrawal,FULL_LIST
32023D2723,2023-12-06,2023,EN 60519-2:2006,IEC,inferred-60000,withdrawal,FULL_LIST
32023D2723,2023-12-06,2023,EN 60519-3:2005,IEC,inferred-60000,withdrawal,FULL_LIST
32023D2723,2023-12-06,2023,EN 60519-4:2013,IEC,inferred-60000,withdrawal,FULL_LIST
32023D2723,2023-12-06,2023,EN 60519-6:2011,IEC,inferred-60000,withdrawal,FULL_LIST
32023D2723,2023-12-06,2023,EN 60519-7:2008,IEC,inferred-60000,withdrawal,FULL_LIST
32023D2723,2023-12-06,2023,EN 60519-8:2005,IEC,inferred-60000,withdrawal,FULL_LIST
32023D2723,2023-12-06,2023,EN 60519-9:2005,IEC,inferred-60000,withdrawal,FULL_LIST
32023D2723,2023-12-06,2023,EN 60519-10:2013,IEC,inferred-60000,withdrawal,FULL_LIST
32023D2723,2023-12-06,2023,EN 60519-12:2013,IEC,inferred-60000,withdrawal,FULL_LIST
32023D2723,2023-12-06,2023,EN 60519-21:2009,IEC,inferred-60000,withdrawal,FULL_LIST
32023D2723,2023-12-06,2023,EN 60523:1993,IEC,inferred-60000,withdrawal,FULL_LIST
32023D2723,2023-12-06,2023,EN 60523:1993,IEC,inferred-60000,withdrawal,FULL_LIST
32023D2723,2023-12-06,2023,EN 60524:1993,IEC,inferred-60000,withdrawal,FULL_LIST
32023D2723,2023-12-06,2023,EN 60524:1993,IEC,inferred-60000,withdrawal,FULL_LIST
32023D2723,2023-12-06,2023,EN 60529:1991,IEC,inferred-60000,withdrawal,FULL_LIST
32023D2723,2023-12-06,2023,EN 60529:1991,IEC,inferred-60000,withdrawal,FULL_LIST
32023D2723,2023-12-06,2023,EN 60529:1991,IEC,inferred-60000,withdrawal,FULL_LIST
32023D2723,2023-12-06,2023,EN 60529:1991,IEC,inferred-60000,withdrawal,FULL_LIST
32023D2723,2023-12-06,2023,EN 60529:1991,IEC,inferred-60000,withdrawal,FULL_LIST
32023D2723,2023-12-06,2023,EN 60529:1991,IEC,inferred-60000,withdrawal,FULL_LIST
32023D2723,2023-12-06,2023,EN 60564:1993,IEC,inferred-60000,withdrawal,FULL_LIST
32023D2723,2023-12-06,2023,EN 60564:1993,IEC,inferred-60000,withdrawal,FULL_LIST
32023D2723,2023-12-06,2023,EN 60570:2003,IEC,inferred-60000,withdrawal,FULL_LIST
32023D2723,2023-12-06,2023,EN 60570:2003,IEC,inferred-60000,withdrawal,FULL_LIST
32023D2723,2023-12-06,2023,EN 60570:2003,IEC,inferred-60000,withdrawal,FULL_LIST
32023D2723,2023-12-06,2023,EN IEC 60598-1:2021,IEC,explicit,withdrawal,FULL_LIST
32023D2723,2023-12-06,2023,EN IEC 60598-1:2021,IEC,explicit,withdrawal,FULL_LIST
32023D2723,2023-12-06,2023,EN 60598-2-1:1989,IEC,inferred-60000,withdrawal,FULL_LIST
32023D2723,2023-12-06,2023,EN 60598-2-2:2012,IEC,inferred-60000,withdrawal,FULL_LIST
32023D2723,2023-12-06,2023,EN 60598-2-3:2003,IEC,inferred-60000,withdrawal,FULL_LIST
32023D2723,2023-12-06,2023,EN 60598-2-3:2003,IEC,inferred-60000,withdrawal,FULL_LIST
32023D2723,2023-12-06,2023,EN 60598-2-3:2003,IEC,inferred-60000,withdrawal,FULL_LIST
32023D2723,2023-12-06,2023,EN 60598-2-4:2018,IEC,inferred-60000,withdrawal,FULL_LIST
32023D2723,2023-12-06,2023,EN 60598-2-5:2015,IEC,inferred-60000,withdrawal,FULL_LIST
32023D2723,2023-12-06,2023,EN 60598-2-8:2013,IEC,inferred-60000,withdrawal,FULL_LIST
32023D2723,2023-12-06,2023,EN 60598-2-9:1989,IEC,inferred-60000,withdrawal,FULL_LIST
32023D2723,2023-12-06,2023,EN 60598-2-9:1989,IEC,inferred-60000,withdrawal,FULL_LIST
32023D2723,2023-12-06,2023,EN 60598-2-10:2003,IEC,inferred-60000,withdrawal,FULL_LIST
32023D2723,2023-12-06,2023,EN 60598-2-10:2003,IEC,inferred-60000,withdrawal,FULL_LIST
32023D2723,2023-12-06,2023,EN 60598-2-11:2013,IEC,inferred-60000,withdrawal,FULL_LIST
32023D2723,2023-12-06,2023,EN 60598-2-11:2013,IEC,inferred-60000,withdrawal,FULL_LIST
32023D2723,2023-12-06,2023,EN 60598-2-12:2013,IEC,inferred-60000,withdrawal,FULL_LIST
32023D2723,2023-12-06,2023,EN 60598-2-13:2006,IEC,inferred-60000,withdrawal,FULL_LIST
32023D2723,2023-12-06,2023,EN 60598-2-13:2006,IEC,inferred-60000,withdrawal,FULL_LIST
32023D2723,2023-12-06,2023,EN 60598-2-13:2006,IEC,inferred-60000,withdrawal,FULL_LIST
32023D2723,2023-12-06,2023,EN 60598-2-13:2006,IEC,inferred-60000,withdrawal,FULL_LIST
32023D2723,2023-12-06,2023,EN 60598-2-14:2009,IEC,inferred-60000,withdrawal,FULL_LIST
32023D2723,2023-12-06,2023,EN IEC 60598-2-17:2018,IEC,explicit,withdrawal,FULL_LIST
32023D2723,2023-12-06,2023,EN 60598-2-19:1989,IEC,inferred-60000,withdrawal,FULL_LIST
32023D2723,2023-12-06,2023,EN 60598-2-19:1989,IEC,inferred-60000,withdrawal,FULL_LIST
32023D2723,2023-12-06,2023,EN 60598-2-19:1989,IEC,inferred-60000,withdrawal,FULL_LIST
32023D2723,2023-12-06,2023,EN 60598-2-20:2015,IEC,inferred-60000,withdrawal,FULL_LIST
32023D2723,2023-12-06,2023,EN 60598-2-20:2015,IEC,inferred-60000,withdrawal,FULL_LIST
32023D2723,2023-12-06,2023,EN 60598-2-21:2015,IEC,inferred-60000,withdrawal,FULL_LIST
32023D2723,2023-12-06,2023,EN 60598-2-21:2015,IEC,inferred-60000,withdrawal,FULL_LIST
32023D2723,2023-12-06,2023,EN IEC 60598-2-22:2022,IEC,explicit,withdrawal,FULL_LIST
32023D2723,2023-12-06,2023,EN IEC 60598-2-23:2021,IEC,explicit,withdrawal,FULL_LIST
32023D2723,2023-12-06,2023,EN 60598-2-24:2013,IEC,inferred-60000,withdrawal,FULL_LIST
32023D2723,2023-12-06,2023,EN 60598-2-25:1994,IEC,inferred-60000,withdrawal,FULL_LIST
32023D2723,2023-12-06,2023,EN 60598-2-25:1994,IEC,inferred-60000,withdrawal,FULL_LIST
32023D2723,2023-12-06,2023,EN 60618:1997,IEC,inferred-60000,withdrawal,FULL_LIST
32023D2723,2023-12-06,2023,EN 60618:1997,IEC,inferred-60000,withdrawal,FULL_LIST
32023D2723,2023-12-06,2023,EN 60645-1:2015,IEC,inferred-60000,withdrawal,FULL_LIST
32023D2723,2023-12-06,2023,EN 60645-3:2007,IEC,inferred-60000,withdrawal,FULL_LIST
32023D2723,2023-12-06,2023,EN 60645-6:2010,IEC,inferred-60000,withdrawal,FULL_LIST
32023D2723,2023-12-06,2023,EN 60645-7:2010,IEC,inferred-60000,withdrawal,FULL_LIST
32023D2723,2023-12-06,2023,EN 60664-1:2007,IEC,inferred-60000,withdrawal,FULL_LIST
32023D2723,2023-12-06,2023,EN 60664-3:2003,IEC,inferred-60000,withdrawal,FULL_LIST
32023D2723,2023-12-06,2023,EN 60664-3:2003,IEC,inferred-60000,withdrawal,FULL_LIST
32023D2723,2023-12-06,2023,EN 60664-4:2006,IEC,inferred-60000,withdrawal,FULL_LIST
32023D2723,2023-12-06,2023,EN 60664-4:2006,IEC,inferred-60000,withdrawal,FULL_LIST
32023D2723,2023-12-06,2023,EN 60669-1:2018,IEC,inferred-60000,withdrawal,FULL_LIST
32023D2723,2023-12-06,2023,EN 60669-1:2018,IEC,inferred-60000,withdrawal,FULL_LIST
32023D2723,2023-12-06,2023,EN 60669-1:2018,IEC,inferred-60000,withdrawal,FULL_LIST
32023D2723,2023-12-06,2023,EN 60669-2-1:2004,IEC,inferred-60000,withdrawal,FULL_LIST
32023D2723,2023-12-06,2023,EN 60669-2-1:2004,IEC,inferred-60000,withdrawal,FULL_LIST
32023D2723,2023-12-06,2023,EN 60669-2-1:2004,IEC,inferred-60000,withdrawal,FULL_LIST
32023D2723,2023-12-06,2023,EN 60669-2-1:2004,IEC,inferred-60000,withdrawal,FULL_LIST
32023D2723,2023-12-06,2023,EN 60669-2-2:2006,IEC,inferred-60000,withdrawal,FULL_LIST
32023D2723,2023-12-06,2023,EN 60669-2-3:2006,IEC,inferred-60000,withdrawal,FULL_LIST
32023D2723,2023-12-06,2023,EN 60669-2-4:2005,IEC,inferred-60000,withdrawal,FULL_LIST
32023D2723,2023-12-06,2023,EN 60669-2-6:2012,IEC,inferred-60000,withdrawal,FULL_LIST
32023D2723,2023-12-06,2023,EN IEC 60670-1:2021,IEC,explicit,withdrawal,FULL_LIST
32023D2723,2023-12-06,2023,EN IEC 60670-1:2021,IEC,explicit,withdrawal,FULL_LIST
32023D2723,2023-12-06,2023,EN 60670-21:2007,IEC,inferred-60000,withdrawal,FULL_LIST
32023D2723,2023-12-06,2023,EN 60670-22:2006,IEC,inferred-60000,withdrawal,FULL_LIST
32023D2723,2023-12-06,2023,EN 60670-23:2008,IEC,inferred-60000,withdrawal,FULL_LIST
32023D2723,2023-12-06,2023,EN 60670-24:2013,IEC,inferred-60000,withdrawal,FULL_LIST
32023D2723,2023-12-06,2023,EN 60688:2013,IEC,inferred-60000,withdrawal,FULL_LIST
32023D2723,2023-12-06,2023,EN 60691:2016,IEC,inferred-60000,withdrawal,FULL_LIST
32023D2723,2023-12-06,2023,EN 60691:2016,IEC,inferred-60000,withdrawal,FULL_LIST
32023D2723,2023-12-06,2023,EN 60695-2-10:2013,IEC,inferred-60000,withdrawal,FULL_LIST
32023D2723,2023-12-06,2023,EN 60695-2-11:2014,IEC,inferred-60000,withdrawal,FULL_LIST
32023D2723,2023-12-06,2023,EN 60695-10-2:2014,IEC,inferred-60000,withdrawal,FULL_LIST
32023D2723,2023-12-06,2023,EN 60695-10-3:2002,IEC,inferred-60000,withdrawal,FULL_LIST
32023D2723,2023-12-06,2023,EN 60695-11-2:2014,IEC,inferred-60000,withdrawal,FULL_LIST
32023D2723,2023-12-06,2023,EN 60695-11-3:2012,IEC,inferred-60000,withdrawal,FULL_LIST
32023D2723,2023-12-06,2023,EN 60695-11-4:2011,IEC,inferred-60000,withdrawal,FULL_LIST
32023D2723,2023-12-06,2023,EN 60695-11-5:2005,IEC,inferred-60000,withdrawal,FULL_LIST
32023D2723,2023-12-06,2023,EN 60695-11-10:2013,IEC,inferred-60000,withdrawal,FULL_LIST
32023D2723,2023-12-06,2023,EN 60695-11-10:2013,IEC,inferred-60000,withdrawal,FULL_LIST
32023D2723,2023-12-06,2023,EN 60695-11-20:2015,IEC,inferred-60000,withdrawal,FULL_LIST
32023D2723,2023-12-06,2023,EN 60695-11-20:2015,IEC,inferred-60000,withdrawal,FULL_LIST
32023D2723,2023-12-06,2023,EN 60702-1:2002,IEC,inferred-60000,withdrawal,FULL_LIST
32023D2723,2023-12-06,2023,EN 60702-1:2002,IEC,inferred-60000,withdrawal,FULL_LIST
32023D2723,2023-12-06,2023,EN 60702-2:2002,IEC,inferred-60000,withdrawal,FULL_LIST
32023D2723,2023-12-06,2023,EN 60702-2:2002,IEC,inferred-60000,withdrawal,FULL_LIST
32023D2723,2023-12-06,2023,EN 60715:2017,IEC,inferred-60000,withdrawal,FULL_LIST
32023D2723,2023-12-06,2023,EN 60719:1993,IEC,inferred-60000,withdrawal,FULL_LIST
32023D2723,2023-12-06,2023,EN 60728-11:2017,IEC,inferred-60000,withdrawal,FULL_LIST
32023D2723,2023-12-06,2023,EN 60728-11:2017,IEC,inferred-60000,withdrawal,FULL_LIST
32023D2723,2023-12-06,2023,EN 60730-1:2011,IEC,inferred-60000,withdrawal,FULL_LIST
32023D2723,2023-12-06,2023,EN 60730-2-2:2002,IEC,inferred-60000,withdrawal,FULL_LIST
32023D2723,2023-12-06,2023,EN 60730-2-2:2002,IEC,inferred-60000,withdrawal,FULL_LIST
32023D2723,2023-12-06,2023,EN 60730-2-3:2007,IEC,inferred-60000,withdrawal,FULL_LIST
32023D2723,2023-12-06,2023,EN 60730-2-4:2007,IEC,inferred-60000,withdrawal,FULL_LIST
32023D2723,2023-12-06,2023,EN 60730-2-5:2015,IEC,inferred-60000,withdrawal,FULL_LIST
32023D2723,2023-12-06,2023,EN 60730-2-6:2016,IEC,inferred-60000,withdrawal,FULL_LIST
32023D2723,2023-12-06,2023,EN 60730-2-7:2010,IEC,inferred-60000,withdrawal,FULL_LIST
32023D2723,2023-12-06,2023,EN 60730-2-7:2010,IEC,inferred-60000,withdrawal,FULL_LIST
32023D2723,2023-12-06,2023,EN 60730-2-8:2002,IEC,inferred-60000,withdrawal,FULL_LIST
32023D2723,2023-12-06,2023,EN 60730-2-8:2002,IEC,inferred-60000,withdrawal,FULL_LIST
32023D2723,2023-12-06,2023,EN 60730-2-9:2010,IEC,inferred-60000,withdrawal,FULL_LIST
32023D2723,2023-12-06,2023,EN 60730-2-10:2007,IEC,inferred-60000,withdrawal,FULL_LIST
32023D2723,2023-12-06,2023,EN 60730-2-11:2008,IEC,inferred-60000,withdrawal,FULL_LIST
32023D2723,2023-12-06,2023,EN 60730-2-12:2006,IEC,inferred-60000,withdrawal,FULL_LIST
32023D2723,2023-12-06,2023,EN 60730-2-12:2006,IEC,inferred-60000,withdrawal,FULL_LIST
32023D2723,2023-12-06,2023,EN 60730-2-13:2008,IEC,inferred-60000,withdrawal,FULL_LIST
32023D2723,2023-12-06,2023,EN 60730-2-14:1997,IEC,inferred-60000,withdrawal,FULL_LIST
32023D2723,2023-12-06,2023,EN 60730-2-14:1997,IEC,inferred-60000,withdrawal,FULL_LIST
32023D2723,2023-12-06,2023,EN 60730-2-14:1997,IEC,inferred-60000,withdrawal,FULL_LIST
32023D2723,2023-12-06,2023,EN 60730-2-14:1997,IEC,inferred-60000,withdrawal,FULL_LIST
32023D2723,2023-12-06,2023,EN 60730-2-15:2010,IEC,inferred-60000,withdrawal,FULL_LIST
32023D2723,2023-12-06,2023,EN 60730-2-19:2002,IEC,inferred-60000,withdrawal,FULL_LIST
32023D2723,2023-12-06,2023,EN 60730-2-19:2002,IEC,inferred-60000,withdrawal,FULL_LIST
32023D2723,2023-12-06,2023,EN 60730-2-19:2002,IEC,inferred-60000,withdrawal,FULL_LIST
32023D2723,2023-12-06,2023,EN 60799:1998,IEC,inferred-60000,withdrawal,FULL_LIST
32023D2723,2023-12-06,2023,EN 60825-1:2014,IEC,inferred-60000,withdrawal,FULL_LIST
32023D2723,2023-12-06,2023,EN 60825-1:2014,IEC,inferred-60000,withdrawal,FULL_LIST
32023D2723,2023-12-06,2023,EN 60825-2:2004,IEC,inferred-60000,withdrawal,FULL_LIST
32023D2723,2023-12-06,2023,EN 60825-2:2004,IEC,inferred-60000,withdrawal,FULL_LIST
32023D2723,2023-12-06,2023,EN 60825-2:2004,IEC,inferred-60000,withdrawal,FULL_LIST
32023D2723,2023-12-06,2023,EN 60825-4:2006,IEC,inferred-60000,withdrawal,FULL_LIST
32023D2723,2023-12-06,2023,EN 60825-4:2006,IEC,inferred-60000,withdrawal,FULL_LIST
32023D2723,2023-12-06,2023,EN 60825-4:2006,IEC,inferred-60000,withdrawal,FULL_LIST
32023D2723,2023-12-06,2023,EN 60825-12:2004,IEC,inferred-60000,withdrawal,FULL_LIST
32023D2723,2023-12-06,2023,EN 60831-1:2014,IEC,inferred-60000,withdrawal,FULL_LIST
32023D2723,2023-12-06,2023,EN 60831-1:2014,IEC,inferred-60000,withdrawal,FULL_LIST
32023D2723,2023-12-06,2023,EN 60831-2:2014,IEC,inferred-60000,withdrawal,FULL_LIST
32023D2723,2023-12-06,2023,EN 60838-1:2017,IEC,inferred-60000,withdrawal,FULL_LIST
32023D2723,2023-12-06,2023,EN 60838-1:2017,IEC,inferred-60000,withdrawal,FULL_LIST
32023D2723,2023-12-06,2023,EN 60838-1:2017,IEC,inferred-60000,withdrawal,FULL_LIST
32023D2723,2023-12-06,2023,EN 60838-1:2017,IEC,inferred-60000,withdrawal,FULL_LIST
32023D2723,2023-12-06,2023,EN 60838-2-1:1996,IEC,inferred-60000,withdrawal,FULL_LIST
32023D2723,2023-12-06,2023,EN 60838-2-1:1996,IEC,inferred-60000,withdrawal,FULL_LIST
32023D2723,2023-12-06,2023,EN 60838-2-1:1996,IEC,inferred-60000,withdrawal,FULL_LIST
32023D2723,2023-12-06,2023,EN 60838-2-2:2006,IEC,inferred-60000,withdrawal,FULL_LIST
32023D2723,2023-12-06,2023,EN 60838-2-2:2006,IEC,inferred-60000,withdrawal,FULL_LIST
32023D2723,2023-12-06,2023,EN 60898-1:2019,IEC,inferred-60000,withdrawal,FULL_LIST
32023D2723,2023-12-06,2023,EN 60898-2:2021,IEC,inferred-60000,withdrawal,FULL_LIST
32023D2723,2023-12-06,2023,EN 60931-1:1996,IEC,inferred-60000,withdrawal,FULL_LIST
32023D2723,2023-12-06,2023,EN 60931-1:1996,IEC,inferred-60000,withdrawal,FULL_LIST
32023D2723,2023-12-06,2023,EN 60931-2:1996,IEC,inferred-60000,withdrawal,FULL_LIST
32023D2723,2023-12-06,2023,EN 60931-3:1996,IEC,inferred-60000,withdrawal,FULL_LIST
32023D2723,2023-12-06,2023,EN IEC 60934:2019,IEC,explicit,withdrawal,FULL_LIST
32023D2723,2023-12-06,2023,EN 60947-1:2007,IEC,inferred-60000,withdrawal,FULL_LIST
32023D2723,2023-12-06,2023,EN 60947-1:2007,IEC,inferred-60000,withdrawal,FULL_LIST
32023D2723,2023-12-06,2023,EN 60947-1:2007,IEC,inferred-60000,withdrawal,FULL_LIST
32023D2723,2023-12-06,2023,EN 60947-2:2017,IEC,inferred-60000,withdrawal,FULL_LIST
32023D2723,2023-12-06,2023,EN 60947-2:2017,IEC,inferred-60000,withdrawal,FULL_LIST
32023D2723,2023-12-06,2023,EN IEC 60947-3:2021,IEC,explicit,withdrawal,FULL_LIST
32023D2723,2023-12-06,2023,EN IEC 60947-4-1:2019,IEC,explicit,withdrawal,FULL_LIST
32023D2723,2023-12-06,2023,EN IEC 60947-4-1:2019,IEC,explicit,withdrawal,FULL_LIST
32023D2723,2023-12-06,2023,EN 60947-4-2:2012,IEC,inferred-60000,withdrawal,FULL_LIST
32023D2723,2023-12-06,2023,EN 60947-4-3:2014,IEC,inferred-60000,withdrawal,FULL_LIST
32023D2723,2023-12-06,2023,EN 60947-5-1:2017,IEC,inferred-60000,withdrawal,FULL_LIST
32023D2723,2023-12-06,2023,EN 60947-5-1:2017,IEC,inferred-60000,withdrawal,FULL_LIST
32023D2723,2023-12-06,2023,EN IEC 60947-5-2:2020,IEC,explicit,withdrawal,FULL_LIST
32023D2723,2023-12-06,2023,EN 60947-5-3:1999,IEC,inferred-60000,withdrawal,FULL_LIST
32023D2723,2023-12-06,2023,EN 60947-5-3:1999,IEC,inferred-60000,withdrawal,FULL_LIST
32023D2723,2023-12-06,2023,EN 60947-5-4:2003,IEC,inferred-60000,withdrawal,FULL_LIST
32023D2723,2023-12-06,2023,EN 60947-5-4:2003,IEC,inferred-60000,withdrawal,FULL_LIST
32023D2723,2023-12-06,2023,EN 60947-5-5:1997,IEC,inferred-60000,withdrawal,FULL_LIST
32023D2723,2023-12-06,2023,EN 60947-5-5:1997,IEC,inferred-60000,withdrawal,FULL_LIST
32023D2723,2023-12-06,2023,EN 60947-5-5:1997,IEC,inferred-60000,withdrawal,FULL_LIST
32023D2723,2023-12-06,2023,EN 60947-5-5:1997,IEC,inferred-60000,withdrawal,FULL_LIST
32023D2723,2023-12-06,2023,EN 60947-5-7:2003,IEC,inferred-60000,withdrawal,FULL_LIST
32023D2723,2023-12-06,2023,EN IEC 60947-5-8:2021,IEC,explicit,withdrawal,FULL_LIST
32023D2723,2023-12-06,2023,EN 60947-5-9:2007,IEC,inferred-60000,withdrawal,FULL_LIST
32023D2723,2023-12-06,2023,EN 60947-6-1:2005,IEC,inferred-60000,withdrawal,FULL_LIST
32023D2723,2023-12-06,2023,EN 60947-6-1:2005,IEC,inferred-60000,withdrawal,FULL_LIST
32023D2723,2023-12-06,2023,EN 60947-6-2:2003,IEC,inferred-60000,withdrawal,FULL_LIST
32023D2723,2023-12-06,2023,EN 60947-6-2:2003,IEC,inferred-60000,withdrawal,FULL_LIST
32023D2723,2023-12-06,2023,EN 60947-7-1:2009,IEC,inferred-60000,withdrawal,FULL_LIST
32023D2723,2023-12-06,2023,EN 60947-7-2:2009,IEC,inferred-60000,withdrawal,FULL_LIST
32023D2723,2023-12-06,2023,EN 60947-7-3:2009,IEC,inferred-60000,withdrawal,FULL_LIST
32023D2723,2023-12-06,2023,EN 60947-8:2003,IEC,inferred-60000,withdrawal,FULL_LIST
32023D2723,2023-12-06,2023,EN 60947-8:2003,IEC,inferred-60000,withdrawal,FULL_LIST
32023D2723,2023-12-06,2023,EN 60947-8:2003,IEC,inferred-60000,withdrawal,FULL_LIST
32023D2723,2023-12-06,2023,EN IEC 60947-9-1:2019,IEC,explicit,withdrawal,FULL_LIST
32023D2723,2023-12-06,2023,EN 60950-21:2003,IEC,inferred-60000,withdrawal,FULL_LIST
32023D2723,2023-12-06,2023,EN 60950-22:2006,IEC,inferred-60000,withdrawal,FULL_LIST
32023D2723,2023-12-06,2023,EN 60950-22:2006,IEC,inferred-60000,withdrawal,FULL_LIST
32023D2723,2023-12-06,2023,EN 60950-23:2006,IEC,inferred-60000,withdrawal,FULL_LIST
32023D2723,2023-12-06,2023,EN 60950-23:2006,IEC,inferred-60000,withdrawal,FULL_LIST
32023D2723,2023-12-06,2023,EN 60968:2015,IEC,inferred-60000,withdrawal,FULL_LIST
32023D2723,2023-12-06,2023,EN IEC 60974-1:2018,IEC,explicit,withdrawal,FULL_LIST
32023D2723,2023-12-06,2023,EN IEC 60974-1:2018,IEC,explicit,withdrawal,FULL_LIST
32023D2723,2023-12-06,2023,EN IEC 60974-2:2019,IEC,explicit,withdrawal,FULL_LIST
32023D2723,2023-12-06,2023,EN IEC 60974-3:2019,IEC,explicit,withdrawal,FULL_LIST
32023D2723,2023-12-06,2023,EN IEC 60974-5:2019,IEC,explicit,withdrawal,FULL_LIST
32023D2723,2023-12-06,2023,EN 60974-6:2016,IEC,inferred-60000,withdrawal,FULL_LIST
32023D2723,2023-12-06,2023,EN IEC 60974-7:2019,IEC,explicit,withdrawal,FULL_LIST
32023D2723,2023-12-06,2023,EN IEC 60974-8:2021,IEC,explicit,withdrawal,FULL_LIST
32023D2723,2023-12-06,2023,EN IEC 60974-11:2021,IEC,explicit,withdrawal,FULL_LIST
32023D2723,2023-12-06,2023,EN 60974-12:2011,IEC,inferred-60000,withdrawal,FULL_LIST
32023D2723,2023-12-06,2023,EN IEC 60974-13:2021,IEC,explicit,withdrawal,FULL_LIST
32023D2723,2023-12-06,2023,EN 60998-1:2004,IEC,inferred-60000,withdrawal,FULL_LIST
32023D2723,2023-12-06,2023,EN 60998-2-1:2004,IEC,inferred-60000,withdrawal,FULL_LIST
32023D2723,2023-12-06,2023,EN 60998-2-2:2004,IEC,inferred-60000,withdrawal,FULL_LIST
32023D2723,2023-12-06,2023,EN 60998-2-3:2004,IEC,inferred-60000,withdrawal,FULL_LIST
32023D2723,2023-12-06,2023,EN 60998-2-4:2005,IEC,inferred-60000,withdrawal,FULL_LIST
32023D2723,2023-12-06,2023,EN 60999-1:2000,IEC,inferred-60000,withdrawal,FULL_LIST
32023D2723,2023-12-06,2023,EN 60999-2:2003,IEC,inferred-60000,withdrawal,FULL_LIST
32023D2723,2023-12-06,2023,EN 61008-1:2012,IEC,inferred-60000,withdrawal,FULL_LIST
32023D2723,2023-12-06,2023,EN 61008-1:2012,IEC,inferred-60000,withdrawal,FULL_LIST
32023D2723,2023-12-06,2023,EN 61008-1:2012,IEC,inferred-60000,withdrawal,FULL_LIST
32023D2723,2023-12-06,2023,EN 61008-1:2012,IEC,inferred-60000,withdrawal,FULL_LIST
32023D2723,2023-12-06,2023,EN 61008-1:2012,IEC,inferred-60000,withdrawal,FULL_LIST
32023D2723,2023-12-06,2023,EN 61008-1:2012,IEC,inferred-60000,withdrawal,FULL_LIST
32023D2723,2023-12-06,2023,EN 61008-2-1:1994,IEC,inferred-60000,withdrawal,FULL_LIST
32023D2723,2023-12-06,2023,EN 61008-2-1:1994,IEC,inferred-60000,withdrawal,FULL_LIST
32023D2723,2023-12-06,2023,EN 61008-2-1:1994,IEC,inferred-60000,withdrawal,FULL_LIST
32023D2723,2023-12-06,2023,EN 61009-1:2012,IEC,inferred-60000,withdrawal,FULL_LIST
32023D2723,2023-12-06,2023,EN 61009-1:2012,IEC,inferred-60000,withdrawal,FULL_LIST
32023D2723,2023-12-06,2023,EN 61009-1:2012,IEC,inferred-60000,withdrawal,FULL_LIST
32023D2723,2023-12-06,2023,EN 61009-1:2012,IEC,inferred-60000,withdrawal,FULL_LIST
32023D2723,2023-12-06,2023,EN 61009-1:2012,IEC,inferred-60000,withdrawal,FULL_LIST
32023D2723,2023-12-06,2023,EN 61009-2-1:1994,IEC,inferred-60000,withdrawal,FULL_LIST
32023D2723,2023-12-06,2023,EN 61009-2-1:1994,IEC,inferred-60000,withdrawal,FULL_LIST
32023D2723,2023-12-06,2023,EN 61009-2-1:1994,IEC,inferred-60000,withdrawal,FULL_LIST
32023D2723,2023-12-06,2023,EN 61010-1:2010,IEC,inferred-60000,withdrawal,FULL_LIST
32023D2723,2023-12-06,2023,EN 61010-1:2010,IEC,inferred-60000,withdrawal,FULL_LIST
32023D2723,2023-12-06,2023,EN 61010-1:2010,IEC,inferred-60000,withdrawal,FULL_LIST
32023D2723,2023-12-06,2023,EN IEC 61010-2-010:2020,IEC,explicit,withdrawal,FULL_LIST
32023D2723,2023-12-06,2023,EN IEC 61010-2-011:2021,IEC,explicit,withdrawal,FULL_LIST
32023D2723,2023-12-06,2023,EN IEC 61010-2-011:2021,IEC,explicit,withdrawal,FULL_LIST
32023D2723,2023-12-06,2023,EN IEC 61010-2-012:2022,IEC,explicit,withdrawal,FULL_LIST
32023D2723,2023-12-06,2023,EN IEC 61010-2-012:2022,IEC,explicit,withdrawal,FULL_LIST
32023D2723,2023-12-06,2023,EN 61010-2-020:2006,IEC,inferred-60000,withdrawal,FULL_LIST
32023D2723,2023-12-06,2023,EN IEC 61010-2-030:2021,IEC,explicit,withdrawal,FULL_LIST
32023D2723,2023-12-06,2023,EN IEC 61010-2-030:2021,IEC,explicit,withdrawal,FULL_LIST
32023D2723,2023-12-06,2023,EN IEC 61010-2-032:2021,IEC,explicit,withdrawal,FULL_LIST
32023D2723,2023-12-06,2023,EN IEC 61010-2-032:2021,IEC,explicit,withdrawal,FULL_LIST
32023D2723,2023-12-06,2023,EN IEC 61010-2-033:2021,IEC,explicit,withdrawal,FULL_LIST
32023D2723,2023-12-06,2023,EN IEC 61010-2-033:2021,IEC,explicit,withdrawal,FULL_LIST
32023D2723,2023-12-06,2023,EN IEC 61010-2-034:2021,IEC,explicit,withdrawal,FULL_LIST
32023D2723,2023-12-06,2023,EN IEC 61010-2-034:2021,IEC,explicit,withdrawal,FULL_LIST
32023D2723,2023-12-06,2023,EN IEC 61010-2-040:2021,IEC,explicit,withdrawal,FULL_LIST
32023D2723,2023-12-06,2023,EN IEC 61010-2-051:2021,IEC,explicit,withdrawal,FULL_LIST
32023D2723,2023-12-06,2023,EN IEC 61010-2-051:2021,IEC,explicit,withdrawal,FULL_LIST
32023D2723,2023-12-06,2023,EN IEC 61010-2-061:2021,IEC,explicit,withdrawal,FULL_LIST
32023D2723,2023-12-06,2023,EN IEC 61010-2-061:2021,IEC,explicit,withdrawal,FULL_LIST
32023D2723,2023-12-06,2023,EN IEC 61010-2-081:2020,IEC,explicit,withdrawal,FULL_LIST
32023D2723,2023-12-06,2023,EN IEC 61010-2-091:2021,IEC,explicit,withdrawal,FULL_LIST
32023D2723,2023-12-06,2023,EN IEC 61010-2-091:2021,IEC,explicit,withdrawal,FULL_LIST
32023D2723,2023-12-06,2023,EN IEC 61010-2-130:2021,IEC,explicit,withdrawal,FULL_LIST
32023D2723,2023-12-06,2023,EN IEC 61010-2-201:2018,IEC,explicit,withdrawal,FULL_LIST
32023D2723,2023-12-06,2023,EN IEC 61010-2-202:2021,IEC,explicit,withdrawal,FULL_LIST
32023D2723,2023-12-06,2023,EN 61010-031:2015,IEC,inferred-60000,withdrawal,FULL_LIST
32023D2723,2023-12-06,2023,EN 61028:1993,IEC,inferred-60000,withdrawal,FULL_LIST
32023D2723,2023-12-06,2023,EN 61028:1993,IEC,inferred-60000,withdrawal,FULL_LIST
32023D2723,2023-12-06,2023,EN 61048:2006,IEC,inferred-60000,withdrawal,FULL_LIST
32023D2723,2023-12-06,2023,EN 61048:2006,IEC,inferred-60000,withdrawal,FULL_LIST
32023D2723,2023-12-06,2023,EN 61050:1992,IEC,inferred-60000,withdrawal,FULL_LIST
32023D2723,2023-12-06,2023,EN 61050:1992,IEC,inferred-60000,withdrawal,FULL_LIST
32023D2723,2023-12-06,2023,EN IEC 61058-1:2018,IEC,explicit,withdrawal,FULL_LIST
32023D2723,2023-12-06,2023,EN 61058-2-1:2011,IEC,inferred-60000,withdrawal,FULL_LIST
32023D2723,2023-12-06,2023,EN 61058-2-4:2005,IEC,inferred-60000,withdrawal,FULL_LIST
32023D2723,2023-12-06,2023,EN 61058-2-5:2011,IEC,inferred-60000,withdrawal,FULL_LIST
32023D2723,2023-12-06,2023,EN 61071:2007,IEC,inferred-60000,withdrawal,FULL_LIST
32023D2723,2023-12-06,2023,EN 61095:2009,IEC,inferred-60000,withdrawal,FULL_LIST
32023D2723,2023-12-06,2023,EN 61131-2:2007,IEC,inferred-60000,withdrawal,FULL_LIST
32023D2723,2023-12-06,2023,EN 61138:2007,IEC,inferred-60000,withdrawal,FULL_LIST
32023D2723,2023-12-06,2023,EN 61140:2002,IEC,inferred-60000,withdrawal,FULL_LIST
32023D2723,2023-12-06,2023,EN 61140:2002,IEC,inferred-60000,withdrawal,FULL_LIST
32023D2723,2023-12-06,2023,EN 61143-1:1994,IEC,inferred-60000,withdrawal,FULL_LIST
32023D2723,2023-12-06,2023,EN 61143-1:1994,IEC,inferred-60000,withdrawal,FULL_LIST
32023D2723,2023-12-06,2023,EN 61143-2:1994,IEC,inferred-60000,withdrawal,FULL_LIST
32023D2723,2023-12-06,2023,EN 61184:2017,IEC,inferred-60000,withdrawal,FULL_LIST
32023D2723,2023-12-06,2023,EN 61187:1994,IEC,inferred-60000,withdrawal,FULL_LIST
32023D2723,2023-12-06,2023,EN 61187:1994,IEC,inferred-60000,withdrawal,FULL_LIST
32023D2723,2023-12-06,2023,EN 61195:1999,IEC,inferred-60000,withdrawal,FULL_LIST
32023D2723,2023-12-06,2023,EN 61195:1999,IEC,inferred-60000,withdrawal,FULL_LIST
32023D2723,2023-12-06,2023,EN 61195:1999,IEC,inferred-60000,withdrawal,FULL_LIST
32023D2723,2023-12-06,2023,EN 61199:2011,IEC,inferred-60000,withdrawal,FULL_LIST
32023D2723,2023-12-06,2023,EN 61199:2011,IEC,inferred-60000,withdrawal,FULL_LIST
32023D2723,2023-12-06,2023,EN 61199:2011,IEC,inferred-60000,withdrawal,FULL_LIST
32023D2723,2023-12-06,2023,EN 61204:1995,IEC,inferred-60000,withdrawal,FULL_LIST
32023D2723,2023-12-06,2023,EN IEC 61204-7:2018,IEC,explicit,withdrawal,FULL_LIST
32023D2723,2023-12-06,2023,EN 61210:2010,IEC,inferred-60000,withdrawal,FULL_LIST
32023D2723,2023-12-06,2023,EN 61230:2008,IEC,inferred-60000,withdrawal,FULL_LIST
32023D2723,2023-12-06,2023,EN 61242:1997,IEC,inferred-60000,withdrawal,FULL_LIST
32023D2723,2023-12-06,2023,EN 61242:1997,IEC,inferred-60000,withdrawal,FULL_LIST
32023D2723,2023-12-06,2023,EN 61242:1997,IEC,inferred-60000,withdrawal,FULL_LIST
32023D2723,2023-12-06,2023,EN 61242:1997,IEC,inferred-60000,withdrawal,FULL_LIST
32023D2723,2023-12-06,2023,EN 61243-3:2014,IEC,inferred-60000,withdrawal,FULL_LIST
32023D2723,2023-12-06,2023,EN 61243-3:2014,IEC,inferred-60000,withdrawal,FULL_LIST
32023D2723,2023-12-06,2023,EN 61243-3:2014,IEC,inferred-60000,withdrawal,FULL_LIST
32023D2723,2023-12-06,2023,EN 61270-1:1996,IEC,inferred-60000,withdrawal,FULL_LIST
32023D2723,2023-12-06,2023,EN IEC 61293:2020,IEC,explicit,withdrawal,FULL_LIST
32023D2723,2023-12-06,2023,EN 61310-1:2008,IEC,inferred-60000,withdrawal,FULL_LIST
32023D2723,2023-12-06,2023,EN 61310-2:2008,IEC,inferred-60000,withdrawal,FULL_LIST
32023D2723,2023-12-06,2023,EN 61310-3:2008,IEC,inferred-60000,withdrawal,FULL_LIST
32023D2723,2023-12-06,2023,EN 61316:1999,IEC,inferred-60000,withdrawal,FULL_LIST
32023D2723,2023-12-06,2023,EN 61347-1:2015,IEC,inferred-60000,withdrawal,FULL_LIST
32023D2723,2023-12-06,2023,EN 61347-2-2:2012,IEC,inferred-60000,withdrawal,FULL_LIST
32023D2723,2023-12-06,2023,EN 61347-2-3:2011,IEC,inferred-60000,withdrawal,FULL_LIST
32023D2723,2023-12-06,2023,EN 61347-2-3:2011,IEC,inferred-60000,withdrawal,FULL_LIST
32023D2723,2023-12-06,2023,EN 61347-2-7:2012,IEC,inferred-60000,withdrawal,FULL_LIST
32023D2723,2023-12-06,2023,EN 61347-2-7:2012,IEC,inferred-60000,withdrawal,FULL_LIST
32023D2723,2023-12-06,2023,EN 61347-2-7:2012,IEC,inferred-60000,withdrawal,FULL_LIST
32023D2723,2023-12-06,2023,EN 61347-2-8:2001,IEC,inferred-60000,withdrawal,FULL_LIST
32023D2723,2023-12-06,2023,EN 61347-2-8:2001,IEC,inferred-60000,withdrawal,FULL_LIST
32023D2723,2023-12-06,2023,EN 61347-2-8:2001,IEC,inferred-60000,withdrawal,FULL_LIST
32023D2723,2023-12-06,2023,EN 61347-2-8:2001,IEC,inferred-60000,withdrawal,FULL_LIST
32023D2723,2023-12-06,2023,EN 61347-2-9:2013,IEC,inferred-60000,withdrawal,FULL_LIST
32023D2723,2023-12-06,2023,EN 61347-2-10:2001,IEC,inferred-60000,withdrawal,FULL_LIST
32023D2723,2023-12-06,2023,EN 61347-2-10:2001,IEC,inferred-60000,withdrawal,FULL_LIST
32023D2723,2023-12-06,2023,EN 61347-2-10:2001,IEC,inferred-60000,withdrawal,FULL_LIST
32023D2723,2023-12-06,2023,EN 61347-2-11:2001,IEC,inferred-60000,withdrawal,FULL_LIST
32023D2723,2023-12-06,2023,EN 61347-2-11:2001,IEC,inferred-60000,withdrawal,FULL_LIST
32023D2723,2023-12-06,2023,EN 61347-2-11:2001,IEC,inferred-60000,withdrawal,FULL_LIST
32023D2723,2023-12-06,2023,EN 61347-2-11:2001,IEC,inferred-60000,withdrawal,FULL_LIST
32023D2723,2023-12-06,2023,EN 61347-2-12:2005,IEC,inferred-60000,withdrawal,FULL_LIST
32023D2723,2023-12-06,2023,EN 61347-2-12:2005,IEC,inferred-60000,withdrawal,FULL_LIST
32023D2723,2023-12-06,2023,EN 61347-2-12:2005,IEC,inferred-60000,withdrawal,FULL_LIST
32023D2723,2023-12-06,2023,EN 61347-2-13:2014,IEC,inferred-60000,withdrawal,FULL_LIST
32023D2723,2023-12-06,2023,EN IEC 61347-2-14:2018,IEC,explicit,withdrawal,FULL_LIST
32023D2723,2023-12-06,2023,EN IEC 61347-2-14:2018,IEC,explicit,withdrawal,FULL_LIST
32023D2723,2023-12-06,2023,EN 61386-1:2008,IEC,inferred-60000,withdrawal,FULL_LIST
32023D2723,2023-12-06,2023,EN 61386-1:2008,IEC,inferred-60000,withdrawal,FULL_LIST
32023D2723,2023-12-06,2023,EN 61386-21:2004,IEC,inferred-60000,withdrawal,FULL_LIST
32023D2723,2023-12-06,2023,EN 61386-21:2004,IEC,inferred-60000,withdrawal,FULL_LIST
32023D2723,2023-12-06,2023,EN 61386-21:2004,IEC,inferred-60000,withdrawal,FULL_LIST
32023D2723,2023-12-06,2023,EN 61386-22:2004,IEC,inferred-60000,withdrawal,FULL_LIST
32023D2723,2023-12-06,2023,EN 61386-22:2004,IEC,inferred-60000,withdrawal,FULL_LIST
32023D2723,2023-12-06,2023,EN 61386-22:2004,IEC,inferred-60000,withdrawal,FULL_LIST
32023D2723,2023-12-06,2023,EN 61386-23:2004,IEC,inferred-60000,withdrawal,FULL_LIST
32023D2723,2023-12-06,2023,EN 61386-23:2004,IEC,inferred-60000,withdrawal,FULL_LIST
32023D2723,2023-12-06,2023,EN 61386-23:2004,IEC,inferred-60000,withdrawal,FULL_LIST
32023D2723,2023-12-06,2023,EN 61386-24:2010,IEC,inferred-60000,withdrawal,FULL_LIST
32023D2723,2023-12-06,2023,EN 61386-25:2011,IEC,inferred-60000,withdrawal,FULL_LIST
32023D2723,2023-12-06,2023,EN 61439-1:2011,IEC,inferred-60000,withdrawal,FULL_LIST
32023D2723,2023-12-06,2023,EN 61439-2:2011,IEC,inferred-60000,withdrawal,FULL_LIST
32023D2723,2023-12-06,2023,EN 61439-3:2012,IEC,inferred-60000,withdrawal,FULL_LIST
32023D2723,2023-12-06,2023,EN 61439-3:2012,IEC,inferred-60000,withdrawal,FULL_LIST
32023D2723,2023-12-06,2023,EN 61439-4:2013,IEC,inferred-60000,withdrawal,FULL_LIST
32023D2723,2023-12-06,2023,EN 61439-5:2015,IEC,inferred-60000,withdrawal,FULL_LIST
32023D2723,2023-12-06,2023,EN 61439-5:2015,IEC,inferred-60000,withdrawal,FULL_LIST
32023D2723,2023-12-06,2023,EN 61439-6:2012,IEC,inferred-60000,withdrawal,FULL_LIST
32023D2723,2023-12-06,2023,EN 61534-1:2011,IEC,inferred-60000,withdrawal,FULL_LIST
32023D2723,2023-12-06,2023,EN 61534-1:2011,IEC,inferred-60000,withdrawal,FULL_LIST
32023D2723,2023-12-06,2023,EN 61534-1:2011,IEC,inferred-60000,withdrawal,FULL_LIST
32023D2723,2023-12-06,2023,EN 61534-1:2011,IEC,inferred-60000,withdrawal,FULL_LIST
32023D2723,2023-12-06,2023,EN 61534-21:2014,IEC,inferred-60000,withdrawal,FULL_LIST
32023D2723,2023-12-06,2023,EN 61534-21:2014,IEC,inferred-60000,withdrawal,FULL_LIST
32023D2723,2023-12-06,2023,EN 61534-22:2014,IEC,inferred-60000,withdrawal,FULL_LIST
32023D2723,2023-12-06,2023,EN 61534-22:2014,IEC,inferred-60000,withdrawal,FULL_LIST
32023D2723,2023-12-06,2023,EN IEC 61535:2019,IEC,explicit,withdrawal,FULL_LIST
32023D2723,2023-12-06,2023,EN 61537:2007,IEC,inferred-60000,withdrawal,FULL_LIST
32023D2723,2023-12-06,2023,EN 61549:2003,IEC,inferred-60000,withdrawal,FULL_LIST
32023D2723,2023-12-06,2023,EN 61549:2003,IEC,inferred-60000,withdrawal,FULL_LIST
32023D2723,2023-12-06,2023,EN 61549:2003,IEC,inferred-60000,withdrawal,FULL_LIST
32023D2723,2023-12-06,2023,EN 61549:2003,IEC,inferred-60000,withdrawal,FULL_LIST
32023D2723,2023-12-06,2023,EN 61557-1:2007,IEC,inferred-60000,withdrawal,FULL_LIST
32023D2723,2023-12-06,2023,EN 61557-2:2007,IEC,inferred-60000,withdrawal,FULL_LIST
32023D2723,2023-12-06,2023,EN 61557-3:2007,IEC,inferred-60000,withdrawal,FULL_LIST
32023D2723,2023-12-06,2023,EN 61557-4:2007,IEC,inferred-60000,withdrawal,FULL_LIST
32023D2723,2023-12-06,2023,EN 61557-5:2007,IEC,inferred-60000,withdrawal,FULL_LIST
32023D2723,2023-12-06,2023,EN 61557-6:2007,IEC,inferred-60000,withdrawal,FULL_LIST
32023D2723,2023-12-06,2023,EN 61557-7:2007,IEC,inferred-60000,withdrawal,FULL_LIST
32023D2723,2023-12-06,2023,EN 61557-8:2015,IEC,inferred-60000,withdrawal,FULL_LIST
32023D2723,2023-12-06,2023,EN 61557-9:2015,IEC,inferred-60000,withdrawal,FULL_LIST
32023D2723,2023-12-06,2023,EN 61557-9:2015,IEC,inferred-60000,withdrawal,FULL_LIST
32023D2723,2023-12-06,2023,EN 61557-10:2013,IEC,inferred-60000,withdrawal,FULL_LIST
32023D2723,2023-12-06,2023,EN 61557-11:2009,IEC,inferred-60000,withdrawal,FULL_LIST
32023D2723,2023-12-06,2023,EN IEC 61557-12:2022,IEC,explicit,withdrawal,FULL_LIST
32023D2723,2023-12-06,2023,EN 61557-13:2011,IEC,inferred-60000,withdrawal,FULL_LIST
32023D2723,2023-12-06,2023,EN 61557-14:2013,IEC,inferred-60000,withdrawal,FULL_LIST
32023D2723,2023-12-06,2023,EN 61557-15:2014,IEC,inferred-60000,withdrawal,FULL_LIST
32023D2723,2023-12-06,2023,EN 61557-16:2015,IEC,inferred-60000,withdrawal,FULL_LIST
32023D2723,2023-12-06,2023,EN IEC 61558-1:2019,IEC,explicit,withdrawal,FULL_LIST
32023D2723,2023-12-06,2023,EN 61558-2-1:2007,IEC,inferred-60000,withdrawal,FULL_LIST
32023D2723,2023-12-06,2023,EN 61558-2-2:2007,IEC,inferred-60000,withdrawal,FULL_LIST
32023D2723,2023-12-06,2023,EN 61558-2-3:2010,IEC,inferred-60000,withdrawal,FULL_LIST
32023D2723,2023-12-06,2023,EN 61558-2-4:2009,IEC,inferred-60000,withdrawal,FULL_LIST
32023D2723,2023-12-06,2023,EN 61558-2-5:2010,IEC,inferred-60000,withdrawal,FULL_LIST
32023D2723,2023-12-06,2023,EN 61558-2-6:2009,IEC,inferred-60000,withdrawal,FULL_LIST
32023D2723,2023-12-06,2023,EN 61558-2-7:2007,IEC,inferred-60000,withdrawal,FULL_LIST
32023D2723,2023-12-06,2023,EN 61558-2-8:2010,IEC,inferred-60000,withdrawal,FULL_LIST
32023D2723,2023-12-06,2023,EN 61558-2-9:2011,IEC,inferred-60000,withdrawal,FULL_LIST
32023D2723,2023-12-06,2023,EN 61558-2-12:2011,IEC,inferred-60000,withdrawal,FULL_LIST
32023D2723,2023-12-06,2023,EN 61558-2-13:2009,IEC,inferred-60000,withdrawal,FULL_LIST
32023D2723,2023-12-06,2023,EN 61558-2-14:2013,IEC,inferred-60000,withdrawal,FULL_LIST
32023D2723,2023-12-06,2023,EN 61558-2-15:2012,IEC,inferred-60000,withdrawal,FULL_LIST
32023D2723,2023-12-06,2023,EN 61558-2-16:2009,IEC,inferred-60000,withdrawal,FULL_LIST
32023D2723,2023-12-06,2023,EN 61558-2-16:2009,IEC,inferred-60000,withdrawal,FULL_LIST
32023D2723,2023-12-06,2023,EN 61558-2-20:2011,IEC,inferred-60000,withdrawal,FULL_LIST
32023D2723,2023-12-06,2023,EN 61558-2-23:2010,IEC,inferred-60000,withdrawal,FULL_LIST
32023D2723,2023-12-06,2023,EN 61558-2-26:2013,IEC,inferred-60000,withdrawal,FULL_LIST
32023D2723,2023-12-06,2023,EN 61643-11:2012,IEC,inferred-60000,withdrawal,FULL_LIST
32023D2723,2023-12-06,2023,EN 61643-11:2012,IEC,inferred-60000,withdrawal,FULL_LIST
32023D2723,2023-12-06,2023,EN 61643-21:2001,IEC,inferred-60000,withdrawal,FULL_LIST
32023D2723,2023-12-06,2023,EN 61643-21:2001,IEC,inferred-60000,withdrawal,FULL_LIST
32023D2723,2023-12-06,2023,EN 61643-21:2001,IEC,inferred-60000,withdrawal,FULL_LIST
32023D2723,2023-12-06,2023,EN 61643-31:2019,IEC,inferred-60000,withdrawal,FULL_LIST
32023D2723,2023-12-06,2023,EN IEC 61730-1:2018,IEC,explicit,withdrawal,FULL_LIST
32023D2723,2023-12-06,2023,EN IEC 61730-1:2018,IEC,explicit,withdrawal,FULL_LIST
32023D2723,2023-12-06,2023,EN IEC 61730-2:2018,IEC,explicit,withdrawal,FULL_LIST
32023D2723,2023-12-06,2023,EN IEC 61730-2:2018,IEC,explicit,withdrawal,FULL_LIST
32023D2723,2023-12-06,2023,EN 61770:2009,IEC,inferred-60000,withdrawal,FULL_LIST
32023D2723,2023-12-06,2023,EN 61770:2009,IEC,inferred-60000,withdrawal,FULL_LIST
32023D2723,2023-12-06,2023,EN 61800-5-1:2007,IEC,inferred-60000,withdrawal,FULL_LIST
32023D2723,2023-12-06,2023,EN 61800-5-1:2007,IEC,inferred-60000,withdrawal,FULL_LIST
32023D2723,2023-12-06,2023,EN 61800-5-1:2007,IEC,inferred-60000,withdrawal,FULL_LIST
32023D2723,2023-12-06,2023,EN 61812-1:2011,IEC,inferred-60000,withdrawal,FULL_LIST
32023D2723,2023-12-06,2023,EN IEC 61851-1:2019,IEC,explicit,withdrawal,FULL_LIST
32023D2723,2023-12-06,2023,EN 61851-21:2002,IEC,inferred-60000,withdrawal,FULL_LIST
32023D2723,2023-12-06,2023,EN 61851-23:2014,IEC,inferred-60000,withdrawal,FULL_LIST
32023D2723,2023-12-06,2023,EN 61851-23:2014,IEC,inferred-60000,withdrawal,FULL_LIST
32023D2723,2023-12-06,2023,EN 61851-24:2014,IEC,inferred-60000,withdrawal,FULL_LIST
32023D2723,2023-12-06,2023,EN 61851-24:2014,IEC,inferred-60000,withdrawal,FULL_LIST
32023D2723,2023-12-06,2023,EN 61869-1:2009,IEC,inferred-60000,withdrawal,FULL_LIST
32023D2723,2023-12-06,2023,EN 61869-2:2012,IEC,inferred-60000,withdrawal,FULL_LIST
32023D2723,2023-12-06,2023,EN 61869-3:2011,IEC,inferred-60000,withdrawal,FULL_LIST
32023D2723,2023-12-06,2023,EN 61869-4:2014,IEC,inferred-60000,withdrawal,FULL_LIST
32023D2723,2023-12-06,2023,EN 61869-4:2014,IEC,inferred-60000,withdrawal,FULL_LIST
32023D2723,2023-12-06,2023,EN 61869-5:2011,IEC,inferred-60000,withdrawal,FULL_LIST
32023D2723,2023-12-06,2023,EN 61869-5:2011,IEC,inferred-60000,withdrawal,FULL_LIST
32023D2723,2023-12-06,2023,EN IEC 61914:2021,IEC,explicit,withdrawal,FULL_LIST
32023D2723,2023-12-06,2023,EN 61921:2003,IEC,inferred-60000,withdrawal,FULL_LIST
32023D2723,2023-12-06,2023,EN 61995-1:2008,IEC,inferred-60000,withdrawal,FULL_LIST
32023D2723,2023-12-06,2023,EN 61995-1:2008,IEC,inferred-60000,withdrawal,FULL_LIST
32023D2723,2023-12-06,2023,EN 61995-1:2008,IEC,inferred-60000,withdrawal,FULL_LIST
32023D2723,2023-12-06,2023,EN 61995-2:2009,IEC,inferred-60000,withdrawal,FULL_LIST
32023D2723,2023-12-06,2023,EN 62020:1998,IEC,inferred-60000,withdrawal,FULL_LIST
32023D2723,2023-12-06,2023,EN 62020:1998,IEC,inferred-60000,withdrawal,FULL_LIST
32023D2723,2023-12-06,2023,EN 62026-1:2007,IEC,inferred-60000,withdrawal,FULL_LIST
32023D2723,2023-12-06,2023,EN 62026-2:2013,IEC,inferred-60000,withdrawal,FULL_LIST
32023D2723,2023-12-06,2023,EN 62026-3:2015,IEC,inferred-60000,withdrawal,FULL_LIST
32023D2723,2023-12-06,2023,EN 62026-3:2015,IEC,inferred-60000,withdrawal,FULL_LIST
32023D2723,2023-12-06,2023,EN 62026-7:2013,IEC,inferred-60000,withdrawal,FULL_LIST
32023D2723,2023-12-06,2023,EN IEC 62031:2020,IEC,explicit,withdrawal,FULL_LIST
32023D2723,2023-12-06,2023,EN IEC 62031:2020,IEC,explicit,withdrawal,FULL_LIST
32023D2723,2023-12-06,2023,EN 62035:2014,IEC,inferred-60000,withdrawal,FULL_LIST
32023D2723,2023-12-06,2023,EN 62035:2014,IEC,inferred-60000,withdrawal,FULL_LIST
32023D2723,2023-12-06,2023,EN IEC 62040-1:2019,IEC,explicit,withdrawal,FULL_LIST
32023D2723,2023-12-06,2023,EN IEC 62040-1:2019,IEC,explicit,withdrawal,FULL_LIST
32023D2723,2023-12-06,2023,EN 62080:2009,IEC,inferred-60000,withdrawal,FULL_LIST
32023D2723,2023-12-06,2023,EN 62094-1:2003,IEC,inferred-60000,withdrawal,FULL_LIST
32023D2723,2023-12-06,2023,EN 62094-1:2003,IEC,inferred-60000,withdrawal,FULL_LIST
32023D2723,2023-12-06,2023,EN 62109-1:2010,IEC,inferred-60000,withdrawal,FULL_LIST
32023D2723,2023-12-06,2023,EN 62109-2:2011,IEC,inferred-60000,withdrawal,FULL_LIST
32023D2723,2023-12-06,2023,EN 62135-1:2015,IEC,inferred-60000,withdrawal,FULL_LIST
32023D2723,2023-12-06,2023,EN 62135-1:2015,IEC,inferred-60000,withdrawal,FULL_LIST
32023D2723,2023-12-06,2023,EN 62196-1:2014,IEC,inferred-60000,withdrawal,FULL_LIST
32023D2723,2023-12-06,2023,EN 62196-2:2012,IEC,inferred-60000,withdrawal,FULL_LIST
32023D2723,2023-12-06,2023,EN 62196-2:2012,IEC,inferred-60000,withdrawal,FULL_LIST
32023D2723,2023-12-06,2023,EN 62196-2:2012,IEC,inferred-60000,withdrawal,FULL_LIST
32023D2723,2023-12-06,2023,EN 62196-2:2012,IEC,inferred-60000,withdrawal,FULL_LIST
32023D2723,2023-12-06,2023,EN 62196-3:2014,IEC,inferred-60000,withdrawal,FULL_LIST
32023D2723,2023-12-06,2023,EN 62208:2011,IEC,inferred-60000,withdrawal,FULL_LIST
32023D2723,2023-12-06,2023,EN 62233:2008,IEC,inferred-60000,withdrawal,FULL_LIST
32023D2723,2023-12-06,2023,EN 62233:2008,IEC,inferred-60000,withdrawal,FULL_LIST
32023D2723,2023-12-06,2023,EN 62253:2011,IEC,inferred-60000,withdrawal,FULL_LIST
32023D2723,2023-12-06,2023,EN IEC 62275:2019,IEC,explicit,withdrawal,FULL_LIST
32023D2723,2023-12-06,2023,EN 62282-3-100:2012,IEC,inferred-60000,withdrawal,FULL_LIST
32023D2723,2023-12-06,2023,EN 62282-3-300:2012,IEC,inferred-60000,withdrawal,FULL_LIST
32023D2723,2023-12-06,2023,EN 62282-5-1:2012,IEC,inferred-60000,withdrawal,FULL_LIST
32023D2723,2023-12-06,2023,EN 62310-1:2005,IEC,inferred-60000,withdrawal,FULL_LIST
32023D2723,2023-12-06,2023,EN 62311:2008,IEC,inferred-60000,withdrawal,FULL_LIST
32023D2723,2023-12-06,2023,EN 62368-1:2014,IEC,inferred-60000,withdrawal,FULL_LIST
32023D2723,2023-12-06,2023,EN 62368-1:2014,IEC,inferred-60000,withdrawal,FULL_LIST
32023D2723,2023-12-06,2023,EN 62395-1:2013,IEC,inferred-60000,withdrawal,FULL_LIST
32023D2723,2023-12-06,2023,EN 62423:2012,IEC,inferred-60000,withdrawal,FULL_LIST
32023D2723,2023-12-06,2023,EN 62423:2012,IEC,inferred-60000,withdrawal,FULL_LIST
32023D2723,2023-12-06,2023,EN 62423:2012,IEC,inferred-60000,withdrawal,FULL_LIST
32023D2723,2023-12-06,2023,EN 62444:2013,IEC,inferred-60000,withdrawal,FULL_LIST
32023D2723,2023-12-06,2023,EN 62471:2008,IEC,inferred-60000,withdrawal,FULL_LIST
32023D2723,2023-12-06,2023,EN 62477-1:2012,IEC,inferred-60000,withdrawal,FULL_LIST
32023D2723,2023-12-06,2023,EN 62477-1:2012,IEC,inferred-60000,withdrawal,FULL_LIST
32023D2723,2023-12-06,2023,EN 62477-1:2012,IEC,inferred-60000,withdrawal,FULL_LIST
32023D2723,2023-12-06,2023,EN 62477-1:2012,IEC,inferred-60000,withdrawal,FULL_LIST
32023D2723,2023-12-06,2023,EN 62479:2010,IEC,inferred-60000,withdrawal,FULL_LIST
32023D2723,2023-12-06,2023,EN 62493:2010,IEC,inferred-60000,withdrawal,FULL_LIST
32023D2723,2023-12-06,2023,EN 62532:2011,IEC,inferred-60000,withdrawal,FULL_LIST
32023D2723,2023-12-06,2023,EN 62549:2011,IEC,inferred-60000,withdrawal,FULL_LIST
32023D2723,2023-12-06,2023,EN 62560:2012,IEC,inferred-60000,withdrawal,FULL_LIST
32023D2723,2023-12-06,2023,EN 62560:2012,IEC,inferred-60000,withdrawal,FULL_LIST
32023D2723,2023-12-06,2023,EN 62560:2012,IEC,inferred-60000,withdrawal,FULL_LIST
32023D2723,2023-12-06,2023,EN 62560:2012,IEC,inferred-60000,withdrawal,FULL_LIST
32023D2723,2023-12-06,2023,EN 62560:2012,IEC,inferred-60000,withdrawal,FULL_LIST
32023D2723,2023-12-06,2023,EN 62606:2013,IEC,inferred-60000,withdrawal,FULL_LIST
32023D2723,2023-12-06,2023,EN 62606:2013,IEC,inferred-60000,withdrawal,FULL_LIST
32023D2723,2023-12-06,2023,EN 62626-1:2014,IEC,inferred-60000,withdrawal,FULL_LIST
32023D2723,2023-12-06,2023,EN 62776:2015,IEC,inferred-60000,withdrawal,FULL_LIST
32023D2723,2023-12-06,2023,EN 62868:2015,IEC,inferred-60000,withdrawal,FULL_LIST
32023D2723,2023-12-06,2023,EN 62949:2017,IEC,inferred-60000,withdrawal,FULL_LIST
32023D2723,2023-12-06,2023,EN 63024:2018,IEC,inferred-60000,withdrawal,FULL_LIST
32023D2723,2023-12-06,2023,EN IEC 63044-3:2018,IEC,explicit,withdrawal,FULL_LIST
32023D2723,2023-12-06,2023,EN 60335-2-24:2010,IEC,inferred-60000,withdrawal,FULL_LIST
32023D2723,2023-12-06,2023,EN 60335-2-24:2010,IEC,inferred-60000,withdrawal,FULL_LIST
32023D2723,2023-12-06,2023,EN 60335-2-24:2010,IEC,inferred-60000,withdrawal,FULL_LIST
32023D2723,2023-12-06,2023,EN 60335-2-24:2010,IEC,inferred-60000,withdrawal,FULL_LIST
32023D2723,2023-12-06,2023,EN 60335-2-30:2009,IEC,inferred-60000,withdrawal,FULL_LIST
32023D2723,2023-12-06,2023,EN 60335-2-30:2009,IEC,inferred-60000,withdrawal,FULL_LIST
32023D2723,2023-12-06,2023,EN 60335-2-30:2009,IEC,inferred-60000,withdrawal,FULL_LIST
32023D2723,2023-12-06,2023,EN 60335-2-30:2009,IEC,inferred-60000,withdrawal,FULL_LIST
32023D2723,2023-12-06,2023,EN 60335-2-30:2009,IEC,inferred-60000,withdrawal,FULL_LIST
32023D2723,2023-12-06,2023,EN 60335-2-30:2009,IEC,inferred-60000,withdrawal,FULL_LIST
32023D2723,2023-12-06,2023,EN 60598-2-22:2014,IEC,inferred-60000,withdrawal,FULL_LIST
32023D2723,2023-12-06,2023,EN 60598-2-22:2014,IEC,inferred-60000,withdrawal,FULL_LIST
32023D2723,2023-12-06,2023,EN 60598-2-22:2014,IEC,inferred-60000,withdrawal,FULL_LIST
32023D2723,2023-12-06,2023,EN 60598-2-22:2014,IEC,inferred-60000,withdrawal,FULL_LIST
32023D2723,2023-12-06,2023,EN 60598-2-22:2014,IEC,inferred-60000,withdrawal,FULL_LIST
32023D2723,2023-12-06,2023,EN 61347-2-7:2012,IEC,inferred-60000,withdrawal,FULL_LIST
32023D2723,2023-12-06,2023,EN 61347-2-7:2012,IEC,inferred-60000,withdrawal,FULL_LIST
32023D2723,2023-12-06,2023,EN 62423:2012,IEC,inferred-60000,withdrawal,FULL_LIST
32023D2723,2023-12-06,2023,EN 62423:2012,IEC,inferred-60000,withdrawal,FULL_LIST
32023D2723,2023-12-06,2023,EN 50363-0:2011,CENELEC,number,withdrawal,FULL_LIST
32023D2723,2023-12-06,2023,EN 50363-1:2005,CENELEC,number,withdrawal,FULL_LIST
32023D2723,2023-12-06,2023,EN 50363-2-1:2005,CENELEC,number,withdrawal,FULL_LIST
32023D2723,2023-12-06,2023,EN 50363-2-1:2005,CENELEC,number,withdrawal,FULL_LIST
32023D2723,2023-12-06,2023,EN 50363-2-2:2005,CENELEC,number,withdrawal,FULL_LIST
32023D2723,2023-12-06,2023,EN 50363-3:2005,CENELEC,number,withdrawal,FULL_LIST
32023D2723,2023-12-06,2023,EN 50363-3:2005,CENELEC,number,withdrawal,FULL_LIST
32023D2723,2023-12-06,2023,EN 50363-4-1:2005,CENELEC,number,withdrawal,FULL_LIST
32023D2723,2023-12-06,2023,EN 50363-4-2:2005,CENELEC,number,withdrawal,FULL_LIST
32023D2723,2023-12-06,2023,EN 50363-5:2005,CENELEC,number,withdrawal,FULL_LIST
32023D2723,2023-12-06,2023,EN 50363-5:2005,CENELEC,number,withdrawal,FULL_LIST
32023D2723,2023-12-06,2023,EN 50363-6:2005,CENELEC,number,withdrawal,FULL_LIST
32023D2723,2023-12-06,2023,EN 50363-6:2005,CENELEC,number,withdrawal,FULL_LIST
32023D2723,2023-12-06,2023,EN 50363-7:2005,CENELEC,number,withdrawal,FULL_LIST
32023D2723,2023-12-06,2023,EN 50363-8:2005,CENELEC,number,withdrawal,FULL_LIST
32023D2723,2023-12-06,2023,EN 50363-8:2005,CENELEC,number,withdrawal,FULL_LIST
32023D2723,2023-12-06,2023,EN 50363-9-1:2005,CENELEC,number,withdrawal,FULL_LIST
32023D2723,2023-12-06,2023,EN 50363-10-1:2005,CENELEC,number,withdrawal,FULL_LIST
32023D2723,2023-12-06,2023,EN 50363-10-2:2005,CENELEC,number,withdrawal,FULL_LIST
32023D2723,2023-12-06,2023,EN 50395:2005,CENELEC,number,withdrawal,FULL_LIST
32023D2723,2023-12-06,2023,EN 50395:2005,CENELEC,number,withdrawal,FULL_LIST
32023D2723,2023-12-06,2023,EN 50396:2005,CENELEC,number,withdrawal,FULL_LIST
32023D2723,2023-12-06,2023,EN 50396:2005,CENELEC,number,withdrawal,FULL_LIST
32023D2723,2023-12-06,2023,EN 50497:2007,CENELEC,number,withdrawal,FULL_LIST
32023D2723,2023-12-06,2023,EN 50565-1:2014,CENELEC,number,withdrawal,FULL_LIST
32023D2723,2023-12-06,2023,EN 50565-2:2014,CENELEC,number,withdrawal,FULL_LIST
32023D2723,2023-12-06,2023,EN 60228:2005,IEC,inferred-60000,withdrawal,FULL_LIST
32023D2723,2023-12-06,2023,EN 60228:2005,IEC,inferred-60000,withdrawal,FULL_LIST
32023D2723,2023-12-06,2023,EN 60332-1-1:2004,IEC,inferred-60000,withdrawal,FULL_LIST
32023D2723,2023-12-06,2023,EN 60332-1-1:2004,IEC,inferred-60000,withdrawal,FULL_LIST
32023D2723,2023-12-06,2023,EN 60332-1-2:2004,IEC,inferred-60000,withdrawal,FULL_LIST
32023D2723,2023-12-06,2023,EN 60332-1-2:2004,IEC,inferred-60000,withdrawal,FULL_LIST
32023D2723,2023-12-06,2023,EN 60332-1-3:2004,IEC,inferred-60000,withdrawal,FULL_LIST
32023D2723,2023-12-06,2023,EN 60332-1-3:2004,IEC,inferred-60000,withdrawal,FULL_LIST
32023D2723,2023-12-06,2023,EN 60332-2-1:2004,IEC,inferred-60000,withdrawal,FULL_LIST
32023D2723,2023-12-06,2023,EN 60332-2-2:2004,IEC,inferred-60000,withdrawal,FULL_LIST
32023D2723,2023-12-06,2023,EN 60332-3-10:2009,IEC,inferred-60000,withdrawal,FULL_LIST
32023D2723,2023-12-06,2023,EN 60332-3-21:2009,IEC,inferred-60000,withdrawal,FULL_LIST
32023D2723,2023-12-06,2023,EN 60332-3-22:2009,IEC,inferred-60000,withdrawal,FULL_LIST
32023D2723,2023-12-06,2023,EN 60332-3-23:2009,IEC,inferred-60000,withdrawal,FULL_LIST
32023D2723,2023-12-06,2023,EN 60332-3-24:2009,IEC,inferred-60000,withdrawal,FULL_LIST
32023D2723,2023-12-06,2023,EN 60332-3-25:2009,IEC,inferred-60000,withdrawal,FULL_LIST
32023D2723,2023-12-06,2023,EN 60335-2-11:2010,IEC,inferred-60000,withdrawal,FULL_LIST
32023D2723,2023-12-06,2023,EN 60335-2-11:2010,IEC,inferred-60000,withdrawal,FULL_LIST
32023D2723,2023-12-06,2023,EN 60335-2-11:2010,IEC,inferred-60000,withdrawal,FULL_LIST
32023D2723,2023-12-06,2023,EN 60598-1:2015,IEC,inferred-60000,withdrawal,FULL_LIST
32023D2723,2023-12-06,2023,EN 60598-1:2015,IEC,inferred-60000,withdrawal,FULL_LIST
32023D2723,2023-12-06,2023,EN 60598-1:2015,IEC,inferred-60000,withdrawal,FULL_LIST
32023D2723,2023-12-06,2023,EN 60598-1:2015,IEC,inferred-60000,withdrawal,FULL_LIST
32023D2723,2023-12-06,2023,EN 60598-1:2015,IEC,inferred-60000,withdrawal,FULL_LIST
32023D2723,2023-12-06,2023,EN 60598-2-11:2013,IEC,inferred-60000,withdrawal,FULL_LIST
32023D2723,2023-12-06,2023,EN 60754-1:2014,IEC,inferred-60000,withdrawal,FULL_LIST
32023D2723,2023-12-06,2023,EN 60754-2:2014,IEC,inferred-60000,withdrawal,FULL_LIST
32023D2723,2023-12-06,2023,EN 60811-100:2012,IEC,inferred-60000,withdrawal,FULL_LIST
32023D2723,2023-12-06,2023,EN 60811-201:2012,IEC,inferred-60000,withdrawal,FULL_LIST
32023D2723,2023-12-06,2023,EN 60811-202:2012,IEC,inferred-60000,withdrawal,FULL_LIST
32023D2723,2023-12-06,2023,EN 60811-203:2012,IEC,inferred-60000,withdrawal,FULL_LIST
32023D2723,2023-12-06,2023,EN 60811-301:2012,IEC,inferred-60000,withdrawal,FULL_LIST
32023D2723,2023-12-06,2023,EN 60811-302:2012,IEC,inferred-60000,withdrawal,FULL_LIST
32023D2723,2023-12-06,2023,EN 60811-401:2012,IEC,inferred-60000,withdrawal,FULL_LIST
32023D2723,2023-12-06,2023,EN 60811-402:2012,IEC,inferred-60000,withdrawal,FULL_LIST
32023D2723,2023-12-06,2023,EN 60811-403:2012,IEC,inferred-60000,withdrawal,FULL_LIST
32023D2723,2023-12-06,2023,EN 60811-404:2012,IEC,inferred-60000,withdrawal,FULL_LIST
32023D2723,2023-12-06,2023,EN 60811-405:2012,IEC,inferred-60000,withdrawal,FULL_LIST
32023D2723,2023-12-06,2023,EN 60811-406:2012,IEC,inferred-60000,withdrawal,FULL_LIST
32023D2723,2023-12-06,2023,EN 60811-407:2012,IEC,inferred-60000,withdrawal,FULL_LIST
32023D2723,2023-12-06,2023,EN 60811-408:2012,IEC,inferred-60000,withdrawal,FULL_LIST
32023D2723,2023-12-06,2023,EN 60811-409:2012,IEC,inferred-60000,withdrawal,FULL_LIST
32023D2723,2023-12-06,2023,EN 60811-410:2012,IEC,inferred-60000,withdrawal,FULL_LIST
32023D2723,2023-12-06,2023,EN 60811-411:2012,IEC,inferred-60000,withdrawal,FULL_LIST
32023D2723,2023-12-06,2023,EN 60811-412:2012,IEC,inferred-60000,withdrawal,FULL_LIST
32023D2723,2023-12-06,2023,EN 60811-501:2012,IEC,inferred-60000,withdrawal,FULL_LIST
32023D2723,2023-12-06,2023,EN 60811-502:2012,IEC,inferred-60000,withdrawal,FULL_LIST
32023D2723,2023-12-06,2023,EN 60811-503:2012,IEC,inferred-60000,withdrawal,FULL_LIST
32023D2723,2023-12-06,2023,EN 60811-504:2012,IEC,inferred-60000,withdrawal,FULL_LIST
32023D2723,2023-12-06,2023,EN 60811-505:2012,IEC,inferred-60000,withdrawal,FULL_LIST
32023D2723,2023-12-06,2023,EN 60811-506:2012,IEC,inferred-60000,withdrawal,FULL_LIST
32023D2723,2023-12-06,2023,EN 60811-507:2012,IEC,inferred-60000,withdrawal,FULL_LIST
32023D2723,2023-12-06,2023,EN 60811-508:2012,IEC,inferred-60000,withdrawal,FULL_LIST
32023D2723,2023-12-06,2023,EN 60811-509:2012,IEC,inferred-60000,withdrawal,FULL_LIST
32023D2723,2023-12-06,2023,EN 60811-510:2012,IEC,inferred-60000,withdrawal,FULL_LIST
32023D2723,2023-12-06,2023,EN 60811-511:2012,IEC,inferred-60000,withdrawal,FULL_LIST
32023D2723,2023-12-06,2023,EN 60811-512:2012,IEC,inferred-60000,withdrawal,FULL_LIST
32023D2723,2023-12-06,2023,EN 60811-513:2012,IEC,inferred-60000,withdrawal,FULL_LIST
32023D2723,2023-12-06,2023,EN 60811-601:2012,IEC,inferred-60000,withdrawal,FULL_LIST
32023D2723,2023-12-06,2023,EN 60811-602:2012,IEC,inferred-60000,withdrawal,FULL_LIST
32023D2723,2023-12-06,2023,EN 60811-603:2012,IEC,inferred-60000,withdrawal,FULL_LIST
32023D2723,2023-12-06,2023,EN 60811-604:2012,IEC,inferred-60000,withdrawal,FULL_LIST
32023D2723,2023-12-06,2023,EN 60811-605:2012,IEC,inferred-60000,withdrawal,FULL_LIST
32023D2723,2023-12-06,2023,EN 60811-606:2012,IEC,inferred-60000,withdrawal,FULL_LIST
32023D2723,2023-12-06,2023,EN 60811-607:2012,IEC,inferred-60000,withdrawal,FULL_LIST
32023D2723,2023-12-06,2023,EN 61034-1:2005,IEC,inferred-60000,withdrawal,FULL_LIST
32023D2723,2023-12-06,2023,EN 61034-1:2005,IEC,inferred-60000,withdrawal,FULL_LIST
32023D2723,2023-12-06,2023,EN 61034-2:2005,IEC,inferred-60000,withdrawal,FULL_LIST
32023D2723,2023-12-06,2023,EN 61034-2:2005,IEC,inferred-60000,withdrawal,FULL_LIST
32023D2723,2023-12-06,2023,EN 61557-12:2008,IEC,inferred-60000,withdrawal,FULL_LIST
32023D2752,2023-12-07,2023,EN 892:2012+A3:2023,CEN,number,none,AMENDING
32023D2752,2023-12-07,2023,EN 1384:2023,CEN,number,none,AMENDING
32023D2752,2023-12-07,2023,EN 13089:2011+A3:2023,CEN,number,none,AMENDING
32023D2752,2023-12-07,2023,EN 10819:2013,CEN,number,none,AMENDING
32023D2752,2023-12-07,2023,EN ISO 10819:2013,ISO,explicit,none,AMENDING
32023D2752,2023-12-07,2023,EN ISO 10819:2013,ISO,explicit,none,AMENDING
32023D2752,2023-12-07,2023,EN 892:2012+A3:2023,CEN,number,none,AMENDING
32023D2752,2023-12-07,2023,EN 1384:2023,CEN,number,none,AMENDING
32023D2752,2023-12-07,2023,EN ISO 10819:2013,ISO,explicit,none,AMENDING
32023D2752,2023-12-07,2023,EN 13089:2011+A3:2023,CEN,number,none,AMENDING
32023D2752,2023-12-07,2023,EN 892:2012+A3:2023,CEN,number,none,AMENDING
32023D2752,2023-12-07,2023,EN 1384:2023,CEN,number,none,AMENDING
32023D2752,2023-12-07,2023,EN ISO 10819:2013,ISO,explicit,none,AMENDING
32023D2752,2023-12-07,2023,EN 13089:2011+A3:2023,CEN,number,none,AMENDING
32023D2752,2023-12-07,2023,EN 892:2012+A3:2023,CEN,number,none,AMENDING
32023D2752,2023-12-07,2023,EN 1384:2023,CEN,number,none,AMENDING
32023D2752,2023-12-07,2023,EN ISO 10819:2013,ISO,explicit,none,AMENDING
32023D2752,2023-12-07,2023,EN 13089:2011+A3:2023,CEN,number,none,AMENDING
32023D2752,2023-12-07,2023,EN ISO 10819:2013,ISO,explicit,none,AMENDING
32023D2752,2023-12-07,2023,EN ISO 10819:2013,ISO,explicit,none,AMENDING
32023D2752,2023-12-07,2023,EN ISO 10819:2013,ISO,explicit,none,AMENDING
32023D2752,2023-12-07,2023,EN ISO 10819:2013,ISO,explicit,none,AMENDING
32023D2752,2023-12-07,2023,EN 892:2012+A3:2023,CEN,number,addition,AMENDING
32023D2752,2023-12-07,2023,EN 1384:2023,CEN,number,addition,AMENDING
32023D2752,2023-12-07,2023,EN ISO 10819:2013,ISO,explicit,addition,AMENDING
32023D2752,2023-12-07,2023,EN ISO 10819:2013,ISO,explicit,addition,AMENDING
32023D2752,2023-12-07,2023,EN ISO 10819:2013,ISO,explicit,addition,AMENDING
32023D2752,2023-12-07,2023,EN 13089:2011+A3:2023,CEN,number,addition,AMENDING
32024D0201,2024-01-10,2024,EN ISO 8848:2017,ISO,explicit,none,AMENDING
32024D0201,2024-01-10,2024,EN ISO 10088:2017,ISO,explicit,none,AMENDING
32024D0201,2024-01-10,2024,EN ISO 10592:2017,ISO,explicit,none,AMENDING
32024D0201,2024-01-10,2024,EN ISO 8848:2022,ISO,explicit,none,AMENDING
32024D0201,2024-01-10,2024,EN ISO 10088:2023,ISO,explicit,none,AMENDING
32024D0201,2024-01-10,2024,EN ISO 10592:2022,ISO,explicit,none,AMENDING
32024D0201,2024-01-10,2024,EN ISO 8848:2022,ISO,explicit,none,AMENDING
32024D0201,2024-01-10,2024,EN ISO 10088:2023,ISO,explicit,none,AMENDING
32024D0201,2024-01-10,2024,EN ISO 10592:2022,ISO,explicit,none,AMENDING
32024D0201,2024-01-10,2024,EN ISO 8848:2022,ISO,explicit,none,AMENDING
32024D0201,2024-01-10,2024,EN ISO 10088:2023,ISO,explicit,none,AMENDING
32024D0201,2024-01-10,2024,EN ISO 10592:2022,ISO,explicit,none,AMENDING
32024D0201,2024-01-10,2024,EN ISO 8848:2022,ISO,explicit,none,AMENDING
32024D0201,2024-01-10,2024,EN ISO 10088:2023,ISO,explicit,none,AMENDING
32024D0201,2024-01-10,2024,EN ISO 10592:2022,ISO,explicit,none,AMENDING
32024D0201,2024-01-10,2024,EN ISO 8848:2017,ISO,explicit,none,AMENDING
32024D0201,2024-01-10,2024,EN ISO 10088:2017,ISO,explicit,none,AMENDING
32024D0201,2024-01-10,2024,EN ISO 10592:2017,ISO,explicit,none,AMENDING
32024D0201,2024-01-10,2024,EN ISO 8848:2022,ISO,explicit,none,AMENDING
32024D0201,2024-01-10,2024,EN ISO 10088:2023,ISO,explicit,none,AMENDING
32024D0201,2024-01-10,2024,EN ISO 10592:2022,ISO,explicit,none,AMENDING
32024D0201,2024-01-10,2024,EN ISO 8848:2017,ISO,explicit,none,AMENDING
32024D0201,2024-01-10,2024,EN ISO 10088:2017,ISO,explicit,none,AMENDING
32024D0201,2024-01-10,2024,EN ISO 10592:2017,ISO,explicit,none,AMENDING
32024D0201,2024-01-10,2024,EN ISO 8848:2022,ISO,explicit,addition,AMENDING
32024D0201,2024-01-10,2024,EN ISO 10088:2023,ISO,explicit,addition,AMENDING
32024D0201,2024-01-10,2024,EN ISO 10592:2022,ISO,explicit,addition,AMENDING
32024D0224,2024-01-10,2024,EN 30-1-1:2021,CEN,number,none,FULL_LIST
32024D0224,2024-01-10,2024,EN 30-1-2:2023,CEN,number,none,FULL_LIST
32024D0224,2024-01-10,2024,EN 203-1:2021,CEN,number,none,FULL_LIST
32024D0224,2024-01-10,2024,EN 203-2-1:2021,CEN,number,none,FULL_LIST
32024D0224,2024-01-10,2024,EN 203-2-2:2021,CEN,number,none,FULL_LIST
32024D0224,2024-01-10,2024,EN 203-2-4:2021,CEN,number,none,FULL_LIST
32024D0224,2024-01-10,2024,EN 549:2019+A1:2023,CEN,number,none,FULL_LIST
32024D0224,2024-01-10,2024,EN 751-3:2022,CEN,number,none,FULL_LIST
32024D0224,2024-01-10,2024,EN 15502-1:2021,CEN,number,none,FULL_LIST
32024D0224,2024-01-10,2024,EN 16898:2022,CEN,number,none,FULL_LIST
32024D0224,2024-01-10,2024,EN 88-1:2022,CEN,number,none,FULL_LIST
32024D0224,2024-01-10,2024,EN 257:2022,CEN,number,none,FULL_LIST
32024D0224,2024-01-10,2024,EN 1106:2022,CEN,number,none,FULL_LIST
32024D0224,2024-01-10,2024,EN 1854:2022,CEN,number,none,FULL_LIST
32024D0224,2024-01-10,2024,EN 15502-2-1:2022,CEN,number,none,FULL_LIST
32024D0224,2024-01-10,2024,EN 30-1-1:2021,CEN,number,none,FULL_LIST
32024D0224,2024-01-10,2024,EN 30-1-1:2021,CEN,number,none,FULL_LIST
32024D0224,2024-01-10,2024,EN 30-1-1:2021,CEN,number,none,FULL_LIST
32024D0224,2024-01-10,2024,EN 30-1-1:2021,CEN,number,none,FULL_LIST
32024D0224,2024-01-10,2024,EN 30-1-1:2021,CEN,number,none,FULL_LIST
32024D0224,2024-01-10,2024,EN 30-1-1:2021,CEN,number,none,FULL_LIST
32024D0224,2024-01-10,2024,EN 30-1-2:2023,CEN,number,none,FULL_LIST
32024D0224,2024-01-10,2024,EN 88-1:2022,CEN,number,none,FULL_LIST
32024D0224,2024-01-10,2024,EN 203-1:2021,CEN,number,none,FULL_LIST
32024D0224,2024-01-10,2024,EN 203-2-1:2021,CEN,number,none,FULL_LIST
32024D0224,2024-01-10,2024,EN 203-2-2:2021,CEN,number,none,FULL_LIST
32024D0224,2024-01-10,2024,EN 203-2-4:2021,CEN,number,none,FULL_LIST
32024D0224,2024-01-10,2024,EN 257:2022,CEN,number,none,FULL_LIST
32024D0224,2024-01-10,2024,EN 549:2019+A1:2023,CEN,number,none,FULL_LIST
32024D0224,2024-01-10,2024,EN 751-3:2022,CEN,number,none,FULL_LIST
32024D0224,2024-01-10,2024,EN 1106:2022,CEN,number,none,FULL_LIST
32024D0224,2024-01-10,2024,EN 1854:2022,CEN,number,none,FULL_LIST
32024D0224,2024-01-10,2024,EN 15502-1:2021,CEN,number,none,FULL_LIST
32024D0224,2024-01-10,2024,EN 15502-2-1:2022,CEN,number,none,FULL_LIST
32024D0224,2024-01-10,2024,EN 16898:2022,CEN,number,none,FULL_LIST
32024D0354,2024-01-19,2024,EN 12929-1:2015+A1:2022,CEN,number,none,FULL_LIST
32024D0354,2024-01-19,2024,EN 12929-2:2015+A1:2022,CEN,number,none,FULL_LIST
32024D0354,2024-01-19,2024,EN 13796-2:2017+A1:2022,CEN,number,none,FULL_LIST
32024D0354,2024-01-19,2024,EN 13796-3:2017+A1:2022,CEN,number,none,FULL_LIST
32024D0354,2024-01-19,2024,EN 13223:2015,CEN,number,none,FULL_LIST
32024D0354,2024-01-19,2024,EN 13223:2015+A1:2022,CEN,number,none,FULL_LIST
32024D0354,2024-01-19,2024,EN 12929-2:2015+A1:2022,CEN,number,none,FULL_LIST
32024D0354,2024-01-19,2024,EN 13223:2015+A1:2022,CEN,number,none,FULL_LIST
32024D0354,2024-01-19,2024,EN 13223:2015,CEN,number,none,FULL_LIST
32024D0354,2024-01-19,2024,EN 13223:2015,CEN,number,none,FULL_LIST
32024D0354,2024-01-19,2024,EN 13223:2015,CEN,number,none,FULL_LIST
32024D0354,2024-01-19,2024,EN 13223:2015,CEN,number,none,FULL_LIST
32024D0354,2024-01-19,2024,EN 1709:2019,CEN,number,none,FULL_LIST
32024D0354,2024-01-19,2024,EN 1709:2019,CEN,number,none,FULL_LIST
32024D0354,2024-01-19,2024,EN 1907:2017,CEN,number,none,FULL_LIST
32024D0354,2024-01-19,2024,EN 1908:2015,CEN,number,none,FULL_LIST
32024D0354,2024-01-19,2024,EN 1909:2017,CEN,number,none,FULL_LIST
32024D0354,2024-01-19,2024,EN 12397:2017,CEN,number,none,FULL_LIST
32024D0354,2024-01-19,2024,EN 12408:2004,CEN,number,none,FULL_LIST
32024D0354,2024-01-19,2024,EN 12927:2019,CEN,number,none,FULL_LIST
32024D0354,2024-01-19,2024,EN 12929:2015,CEN,number,none,FULL_LIST
32024D0354,2024-01-19,2024,EN 12930:2015,CEN,number,none,FULL_LIST
32024D0354,2024-01-19,2024,EN 13107:2015,CEN,number,none,FULL_LIST
32024D0354,2024-01-19,2024,EN 13223:2015,CEN,number,none,FULL_LIST
32024D0354,2024-01-19,2024,EN 13243:2015,CEN,number,none,FULL_LIST
32024D0354,2024-01-19,2024,EN 13796:2017,CEN,number,none,FULL_LIST
32024D0354,2024-01-19,2024,EN 1908:2015,CEN,number,none,FULL_LIST
32024D0354,2024-01-19,2024,EN 1909:2017,CEN,number,none,FULL_LIST
32024D0354,2024-01-19,2024,EN 12385-8:2002,CEN,number,none,FULL_LIST
32024D0354,2024-01-19,2024,EN 12385-9:2002,CEN,number,none,FULL_LIST
32024D0354,2024-01-19,2024,EN 12927:2019,CEN,number,none,FULL_LIST
32024D0354,2024-01-19,2024,EN 12927:2019,CEN,number,none,FULL_LIST
32024D0354,2024-01-19,2024,EN 1559-2:2014,CEN,number,none,FULL_LIST
32024D0354,2024-01-19,2024,EN 1709:2019,CEN,number,none,FULL_LIST
32024D0354,2024-01-19,2024,EN 1907:2017,CEN,number,none,FULL_LIST
32024D0354,2024-01-19,2024,EN 1908:2015,CEN,number,none,FULL_LIST
32024D0354,2024-01-19,2024,EN 1909:2017,CEN,number,none,FULL_LIST
32024D0354,2024-01-19,2024,EN 10228-1:2016,CEN,number,none,FULL_LIST
32024D0354,2024-01-19,2024,EN 12385-2:2002+A1:2008,CEN,number,none,FULL_LIST
32024D0354,2024-01-19,2024,EN 12385-4:2002+A1:2008,CEN,number,none,FULL_LIST
32024D0354,2024-01-19,2024,EN 12385-8:2002,CEN,number,none,FULL_LIST
32024D0354,2024-01-19,2024,EN 12385-9:2002,CEN,number,none,FULL_LIST
32024D0354,2024-01-19,2024,EN 12397:2017,CEN,number,none,FULL_LIST
32024D0354,2024-01-19,2024,EN 12408:2004,CEN,number,none,FULL_LIST
32024D0354,2024-01-19,2024,EN 12929-1:2015,CEN,number,none,FULL_LIST
32024D0354,2024-01-19,2024,EN 12929-2:2015,CEN,number,none,FULL_LIST
32024D0354,2024-01-19,2024,EN 12930:2015,CEN,number,none,FULL_LIST
32024D0354,2024-01-19,2024,EN 13107:2015,CEN,number,none,FULL_LIST
32024D0354,2024-01-19,2024,EN 13223:2015,CEN,number,none,FULL_LIST
32024D0354,2024-01-19,2024,EN 13243:2015,CEN,number,none,FULL_LIST
32024D0354,2024-01-19,2024,EN 13411-2:2001+A1:2008,CEN,number,none,FULL_LIST
32024D0354,2024-01-19,2024,EN 13411-3:2004+A1:2008,CEN,number,none,FULL_LIST
32024D0354,2024-01-19,2024,EN 13411-4:2002+A1:2008,CEN,number,none,FULL_LIST
32024D0354,2024-01-19,2024,EN 13411-5:2003+A1:2008,CEN,number,none,FULL_LIST
32024D0354,2024-01-19,2024,EN 13411-6:2004+A1:2008,CEN,number,none,FULL_LIST
32024D0354,2024-01-19,2024,EN 13411-7:2006+A1:2008,CEN,number,none,FULL_LIST
32024D0354,2024-01-19,2024,EN 13796-1:2017,CEN,number,none,FULL_LIST
32024D0354,2024-01-19,2024,EN 13796-2:2017,CEN,number,none,FULL_LIST
32024D0354,2024-01-19,2024,EN 13796-3:2017,CEN,number,none,FULL_LIST
32024D0354,2024-01-19,2024,EN ISO 148-1:2016,ISO,explicit,none,FULL_LIST
32024D0354,2024-01-19,2024,EN ISO 5579:2013,ISO,explicit,none,FULL_LIST
32024D0354,2024-01-19,2024,EN ISO 9554:2019,ISO,explicit,none,FULL_LIST
32024D0354,2024-01-19,2024,EN ISO 10547:2009,ISO,explicit,none,FULL_LIST
32024D0354,2024-01-19,2024,EN 12929-1:2015+A1:2022,CEN,number,none,FULL_LIST
32024D0354,2024-01-19,2024,EN 12929-2:2015+A1:2022,CEN,number,none,FULL_LIST
32024D0354,2024-01-19,2024,EN 12929-2:2015+A1:2022,CEN,number,none,FULL_LIST
32024D0354,2024-01-19,2024,EN 1709:2019,CEN,number,none,FULL_LIST
32024D0354,2024-01-19,2024,EN 1907:2017,CEN,number,none,FULL_LIST
32024D0354,2024-01-19,2024,EN 1908:2015,CEN,number,none,FULL_LIST
32024D0354,2024-01-19,2024,EN 1909:2017,CEN,number,none,FULL_LIST
32024D0354,2024-01-19,2024,EN 12397:2017,CEN,number,none,FULL_LIST
32024D0354,2024-01-19,2024,EN 12408:2004,CEN,number,none,FULL_LIST
32024D0354,2024-01-19,2024,EN 12927:2019,CEN,number,none,FULL_LIST
32024D0354,2024-01-19,2024,EN 12929-1:2015+A1:2022,CEN,number,none,FULL_LIST
32024D0354,2024-01-19,2024,EN 12930:2015,CEN,number,none,FULL_LIST
32024D0354,2024-01-19,2024,EN 13107:2015,CEN,number,none,FULL_LIST
32024D0354,2024-01-19,2024,EN 13223:2015+A1:2022,CEN,number,none,FULL_LIST
32024D0354,2024-01-19,2024,EN 13243:2015,CEN,number,none,FULL_LIST
32024D0354,2024-01-19,2024,EN 13796-1:2017,CEN,number,none,FULL_LIST
32024D0354,2024-01-19,2024,EN 13796-2:2017+A1:2022,CEN,number,none,FULL_LIST
32024D0354,2024-01-19,2024,EN 13796-3:2017+A1:2022,CEN,number,none,FULL_LIST
32024D0354,2024-01-19,2024,EN 12930:2015,CEN,number,none,FULL_LIST
32024D0354,2024-01-19,2024,EN 13107:2015,CEN,number,none,FULL_LIST
32024D0354,2024-01-19,2024,EN 13107:2015,CEN,number,none,FULL_LIST
32024D0354,2024-01-19,2024,EN 13223:2015+A1:2022,CEN,number,none,FULL_LIST
32024D0354,2024-01-19,2024,EN 13243:2015,CEN,number,none,FULL_LIST
32024D0354,2024-01-19,2024,EN 13796-1:2017,CEN,number,none,FULL_LIST
32024D0354,2024-01-19,2024,EN 13796-2:2017+A1:2022,CEN,number,none,FULL_LIST
32024D0354,2024-01-19,2024,EN 13796-3:2017+A1:2022,CEN,number,none,FULL_LIST
32024D0354,2024-01-19,2024,EN 17064:2018,CEN,number,none,FULL_LIST
32024D0354,2024-01-19,2024,EN 17064:2018,CEN,number,none,FULL_LIST
32024D0354,2024-01-19,2024,EN 1021-1:2014,CEN,number,none,FULL_LIST
32024D0354,2024-01-19,2024,EN 1021-2:2014,CEN,number,none,FULL_LIST
32024D0354,2024-01-19,2024,EN 1838:2013,CEN,number,none,FULL_LIST
32024D0354,2024-01-19,2024,EN 1907:2017,CEN,number,none,FULL_LIST
32024D0354,2024-01-19,2024,EN 12929-1:2015,CEN,number,none,FULL_LIST
32024D0354,2024-01-19,2024,EN 13243:2015,CEN,number,none,FULL_LIST
32024D0354,2024-01-19,2024,EN 13501-1:2007+A1:2009,CEN,number,none,FULL_LIST
32024D0354,2024-01-19,2024,EN 50172:2004,CENELEC,number,none,FULL_LIST
32024D0354,2024-01-19,2024,EN 50272-1:2010,CENELEC,number,none,FULL_LIST
32024D0354,2024-01-19,2024,EN 50272-2:2001,CENELEC,number,none,FULL_LIST
32024D0354,2024-01-19,2024,EN 60204-1:2006,IEC,inferred-60000,none,FULL_LIST
32024D0354,2024-01-19,2024,EN 60695-11-10:2013,IEC,inferred-60000,none,FULL_LIST
32024D0354,2024-01-19,2024,EN 61730-1:2007,IEC,inferred-60000,none,FULL_LIST
32024D0354,2024-01-19,2024,EN 61730-2:2007,IEC,inferred-60000,none,FULL_LIST
32024D0354,2024-01-19,2024,EN ISO 7010:2012,ISO,explicit,none,FULL_LIST
32024D0354,2024-01-19,2024,EN ISO 8528-13:2016,ISO,explicit,none,FULL_LIST
32024D0354,2024-01-19,2024,EN 13223:2015,CEN,number,none,FULL_LIST
32024D0373,2024-01-24,2024,EN ISO 16122-5:2020,ISO,explicit,none,FULL_LIST
32024D0373,2024-01-24,2024,EN ISO 16122-5:2020,ISO,explicit,none,FULL_LIST
32024D0373,2024-01-24,2024,EN ISO 16122-1:2015,ISO,explicit,none,FULL_LIST
32024D0373,2024-01-24,2024,EN ISO 16122-2:2015,ISO,explicit,none,FULL_LIST
32024D0373,2024-01-24,2024,EN ISO 16122-3:2015,ISO,explicit,none,FULL_LIST
32024D0373,2024-01-24,2024,EN ISO 16122-4:2015,ISO,explicit,none,FULL_LIST
32024D0373,2024-01-24,2024,EN ISO 16122-1:2015,ISO,explicit,none,FULL_LIST
32024D0373,2024-01-24,2024,EN ISO 16122-2:2015,ISO,explicit,none,FULL_LIST
32024D0373,2024-01-24,2024,EN ISO 16122-3:2015,ISO,explicit,none,FULL_LIST
32024D0373,2024-01-24,2024,EN ISO 16122-4:2015,ISO,explicit,none,FULL_LIST
32024D0373,2024-01-24,2024,EN ISO 16122-5:2020,ISO,explicit,none,FULL_LIST
32024D0564,2024-02-14,2024,EN 303-5:2012,CEN,number,none,FULL_LIST
32024D0564,2024-02-14,2024,EN 303-5:2012,CEN,number,none,FULL_LIST
32024D0564,2024-02-14,2024,EN 13203-5:2015,CEN,number,none,FULL_LIST
32024D0564,2024-02-14,2024,EN 303-5:2012,CEN,number,none,FULL_LIST
32024D0564,2024-02-14,2024,EN 303-5:2021,CEN,number,none,FULL_LIST
32024D0564,2024-02-14,2024,EN 303-5:2021,CEN,number,none,FULL_LIST
32024D0564,2024-02-14,2024,EN 303-5:2021+A1:2022,CEN,number,none,FULL_LIST
32024D0564,2024-02-14,2024,EN 303-5:2021,CEN,number,none,FULL_LIST
32024D0564,2024-02-14,2024,EN 303-5:2021+A1:2022,CEN,number,none,FULL_LIST
32024D0564,2024-02-14,2024,EN 303-5:2021+A1:2022,CEN,number,none,FULL_LIST
32024D0564,2024-02-14,2024,EN 303-5:2012,CEN,number,none,FULL_LIST
32024D0564,2024-02-14,2024,EN 303-5:2021+A1:2022,CEN,number,withdrawal,FULL_LIST
32024D0564,2024-02-14,2024,EN 303-5:2021+A1:2022,CEN,number,withdrawal,FULL_LIST
32024D0815,2024-03-06,2024,EN 455-3:2015,CEN,number,none,AMENDING
32024D0815,2024-03-06,2024,EN ISO 10993-15:2009,ISO,explicit,none,AMENDING
32024D0815,2024-03-06,2024,EN ISO 10993-17:2009,ISO,explicit,none,AMENDING
32024D0815,2024-03-06,2024,EN ISO 10993-18:2020,ISO,explicit,none,AMENDING
32024D0815,2024-03-06,2024,EN ISO 11137-2:2015,ISO,explicit,none,AMENDING
32024D0815,2024-03-06,2024,EN ISO 11607-1:2020,ISO,explicit,none,AMENDING
32024D0815,2024-03-06,2024,EN ISO 11607-2:2020,ISO,explicit,none,AMENDING
32024D0815,2024-03-06,2024,EN ISO 17664:2017,ISO,explicit,none,AMENDING
32024D0815,2024-03-06,2024,EN 455-3:2023,CEN,number,none,AMENDING
32024D0815,2024-03-06,2024,EN ISO 10993-15:2023,ISO,explicit,none,AMENDING
32024D0815,2024-03-06,2024,EN ISO 10993-17:2023,ISO,explicit,none,AMENDING
32024D0815,2024-03-06,2024,EN ISO 17664-2:2023,ISO,explicit,none,AMENDING
32024D0815,2024-03-06,2024,EN ISO 10993-18:2020,ISO,explicit,none,AMENDING
32024D0815,2024-03-06,2024,EN ISO 11137-2:2015,ISO,explicit,none,AMENDING
32024D0815,2024-03-06,2024,EN ISO 11607-1:2020,ISO,explicit,none,AMENDING
32024D0815,2024-03-06,2024,EN ISO 11607-2:2020,ISO,explicit,none,AMENDING
32024D0815,2024-03-06,2024,EN 455-3:2023,CEN,number,addition,AMENDING
32024D0815,2024-03-06,2024,EN ISO 10993-15:2023,ISO,explicit,addition,AMENDING
32024D0815,2024-03-06,2024,EN ISO 10993-17:2023,ISO,explicit,addition,AMENDING
32024D0815,2024-03-06,2024,EN ISO 10993-18:2020,ISO,explicit,addition,AMENDING
32024D0815,2024-03-06,2024,EN ISO 10993-18:2020,ISO,explicit,addition,AMENDING
32024D0815,2024-03-06,2024,EN ISO 11137-2:2015,ISO,explicit,addition,AMENDING
32024D0815,2024-03-06,2024,EN ISO 11137-2:2015,ISO,explicit,addition,AMENDING
32024D0815,2024-03-06,2024,EN ISO 11607-1:2020,ISO,explicit,addition,AMENDING
32024D0815,2024-03-06,2024,EN ISO 11607-1:2020,ISO,explicit,addition,AMENDING
32024D0815,2024-03-06,2024,EN ISO 11607-2:2020,ISO,explicit,addition,AMENDING
32024D0815,2024-03-06,2024,EN ISO 11607-2:2020,ISO,explicit,addition,AMENDING
32024D0815,2024-03-06,2024,EN ISO 17664-2:2023,ISO,explicit,addition,AMENDING
32024D0817,2024-03-06,2024,EN ISO 11137-2:2015,ISO,explicit,none,AMENDING
32024D0817,2024-03-06,2024,EN ISO 11607-1:2020,ISO,explicit,none,AMENDING
32024D0817,2024-03-06,2024,EN ISO 11607-2:2020,ISO,explicit,none,AMENDING
32024D0817,2024-03-06,2024,EN ISO 11137-2:2015,ISO,explicit,none,AMENDING
32024D0817,2024-03-06,2024,EN ISO 11607-1:2020,ISO,explicit,none,AMENDING
32024D0817,2024-03-06,2024,EN ISO 11607-2:2020,ISO,explicit,none,AMENDING
32024D0817,2024-03-06,2024,EN ISO 11137-2:2015,ISO,explicit,addition,AMENDING
32024D0817,2024-03-06,2024,EN ISO 11137-2:2015,ISO,explicit,addition,AMENDING
32024D0817,2024-03-06,2024,EN ISO 11607-1:2020,ISO,explicit,addition,AMENDING
32024D0817,2024-03-06,2024,EN ISO 11607-1:2020,ISO,explicit,addition,AMENDING
32024D0817,2024-03-06,2024,EN ISO 11607-2:2020,ISO,explicit,addition,AMENDING
32024D0817,2024-03-06,2024,EN ISO 11607-2:2020,ISO,explicit,addition,AMENDING
32024D1198,2024-04-19,2024,EN 50626-2:2023,CENELEC,number,none,AMENDING
32024D1198,2024-04-19,2024,EN 60947-8:2003,IEC,inferred-60000,none,AMENDING
32024D1198,2024-04-19,2024,EN 60947-8:2003,IEC,inferred-60000,none,AMENDING
32024D1198,2024-04-19,2024,EN 60947-8:2003,IEC,inferred-60000,none,AMENDING
32024D1198,2024-04-19,2024,EN 61386-24:2010,IEC,inferred-60000,none,AMENDING
32024D1198,2024-04-19,2024,EN IEC 60947-8:2023,IEC,explicit,none,AMENDING
32024D1198,2024-04-19,2024,EN 50626-1:2023,CENELEC,number,none,AMENDING
32024D1198,2024-04-19,2024,EN 60670-21:2007,IEC,inferred-60000,none,AMENDING
32024D1198,2024-04-19,2024,EN 60670-23:2008,IEC,inferred-60000,none,AMENDING
32024D1198,2024-04-19,2024,EN 60670-24:2013,IEC,inferred-60000,none,AMENDING
32024D1198,2024-04-19,2024,EN 60670-21:2007,IEC,inferred-60000,none,AMENDING
32024D1198,2024-04-19,2024,EN 60670-23:2008,IEC,inferred-60000,none,AMENDING
32024D1198,2024-04-19,2024,EN 60670-24:2013,IEC,inferred-60000,none,AMENDING
32024D1198,2024-04-19,2024,EN 60670-21:2007,IEC,inferred-60000,none,AMENDING
32024D1198,2024-04-19,2024,EN 60670-21:2003,IEC,inferred-60000,none,AMENDING
32024D1198,2024-04-19,2024,EN 60670-23:2008,IEC,inferred-60000,none,AMENDING
32024D1198,2024-04-19,2024,EN 60670-23:2008,IEC,inferred-60000,none,AMENDING
32024D1198,2024-04-19,2024,EN 60670-24:2013,IEC,inferred-60000,none,AMENDING
32024D1198,2024-04-19,2024,EN 60670-24:2013,IEC,inferred-60000,none,AMENDING
32024D1198,2024-04-19,2024,EN 50626-1:2023,CENELEC,number,none,AMENDING
32024D1198,2024-04-19,2024,EN 50626-2:2023,CENELEC,number,none,AMENDING
32024D1198,2024-04-19,2024,EN IEC 60947-8:2023,IEC,explicit,none,AMENDING
32024D1198,2024-04-19,2024,EN IEC 60947-5-2:2020,IEC,explicit,none,AMENDING
32024D1198,2024-04-19,2024,EN 61386-24:2010,IEC,inferred-60000,none,AMENDING
32024D1198,2024-04-19,2024,EN 60947-8:2003,IEC,inferred-60000,none,AMENDING
32024D1198,2024-04-19,2024,EN IEC 60947-5-2:2020,IEC,explicit,none,AMENDING
32024D1198,2024-04-19,2024,EN 61386-24:2010,IEC,inferred-60000,withdrawal,AMENDING
32024D1198,2024-04-19,2024,EN 60947-8:2003,IEC,inferred-60000,withdrawal,AMENDING
32024D1198,2024-04-19,2024,EN IEC 60947-5-2:2020,IEC,explicit,withdrawal,AMENDING
32024D1198,2024-04-19,2024,EN 60670-21:2007,IEC,inferred-60000,addition,AMENDING
32024D1198,2024-04-19,2024,EN 60670-21:2007,IEC,inferred-60000,addition,AMENDING
32024D1198,2024-04-19,2024,EN 60670-23:2008,IEC,inferred-60000,addition,AMENDING
32024D1198,2024-04-19,2024,EN 60670-23:2008,IEC,inferred-60000,addition,AMENDING
32024D1198,2024-04-19,2024,EN 60670-24:2013,IEC,inferred-60000,addition,AMENDING
32024D1198,2024-04-19,2024,EN 60670-24:2013,IEC,inferred-60000,addition,AMENDING
32024D1198,2024-04-19,2024,EN IEC 60947-8:2023,IEC,explicit,addition,AMENDING
32024D1198,2024-04-19,2024,EN 50626-1:2023,CENELEC,number,addition,AMENDING
32024D1198,2024-04-19,2024,EN 50626-2:2023,CENELEC,number,addition,AMENDING
32024D1197,2024-04-23,2024,EN ISO 10133:2017,ISO,explicit,none,AMENDING
32024D1197,2024-04-23,2024,EN ISO 13297:2018,ISO,explicit,none,AMENDING
32024D1197,2024-04-23,2024,EN ISO 15083:2018,ISO,explicit,none,AMENDING
32024D1197,2024-04-23,2024,EN ISO 13297:2021,ISO,explicit,none,AMENDING
32024D1197,2024-04-23,2024,EN ISO 13297:2021,ISO,explicit,none,AMENDING
32024D1197,2024-04-23,2024,EN ISO 13297:2021,ISO,explicit,none,AMENDING
32024D1197,2024-04-23,2024,EN ISO 15083:2020,ISO,explicit,none,AMENDING
32024D1197,2024-04-23,2024,EN ISO 15083:2020,ISO,explicit,none,AMENDING
32024D1197,2024-04-23,2024,EN ISO 15083:2020,ISO,explicit,none,AMENDING
32024D1197,2024-04-23,2024,EN ISO 13297:2021,ISO,explicit,none,AMENDING
32024D1197,2024-04-23,2024,EN ISO 13297:2021,ISO,explicit,none,AMENDING
32024D1197,2024-04-23,2024,EN ISO 13297:2021,ISO,explicit,none,AMENDING
32024D1197,2024-04-23,2024,EN ISO 15083:2020,ISO,explicit,none,AMENDING
32024D1197,2024-04-23,2024,EN ISO 15083:2020,ISO,explicit,none,AMENDING
32024D1197,2024-04-23,2024,EN ISO 15083:2020,ISO,explicit,none,AMENDING
32024D1197,2024-04-23,2024,EN ISO 13297:2021,ISO,explicit,none,AMENDING
32024D1197,2024-04-23,2024,EN ISO 13297:2021,ISO,explicit,none,AMENDING
32024D1197,2024-04-23,2024,EN ISO 13297:2021,ISO,explicit,none,AMENDING
32024D1197,2024-04-23,2024,EN ISO 15083:2020,ISO,explicit,none,AMENDING
32024D1197,2024-04-23,2024,EN ISO 15083:2020,ISO,explicit,none,AMENDING
32024D1197,2024-04-23,2024,EN ISO 15083:2020,ISO,explicit,none,AMENDING
32024D1197,2024-04-23,2024,EN ISO 13297:2021,ISO,explicit,none,AMENDING
32024D1197,2024-04-23,2024,EN ISO 13297:2021,ISO,explicit,none,AMENDING
32024D1197,2024-04-23,2024,EN ISO 13297:2021,ISO,explicit,none,AMENDING
32024D1197,2024-04-23,2024,EN ISO 15083:2020,ISO,explicit,none,AMENDING
32024D1197,2024-04-23,2024,EN ISO 15083:2020,ISO,explicit,none,AMENDING
32024D1197,2024-04-23,2024,EN ISO 15083:2020,ISO,explicit,none,AMENDING
32024D1197,2024-04-23,2024,EN ISO 10133:2017,ISO,explicit,none,AMENDING
32024D1197,2024-04-23,2024,EN ISO 13297:2018,ISO,explicit,none,AMENDING
32024D1197,2024-04-23,2024,EN ISO 15083:2018,ISO,explicit,none,AMENDING
32024D1197,2024-04-23,2024,EN ISO 10133:2017,ISO,explicit,none,AMENDING
32024D1197,2024-04-23,2024,EN ISO 13297:2018,ISO,explicit,none,AMENDING
32024D1197,2024-04-23,2024,EN ISO 13297:2021,ISO,explicit,none,AMENDING
32024D1197,2024-04-23,2024,EN ISO 13297:2021,ISO,explicit,none,AMENDING
32024D1197,2024-04-23,2024,EN ISO 13297:2021,ISO,explicit,none,AMENDING
32024D1197,2024-04-23,2024,EN ISO 15083:2018,ISO,explicit,none,AMENDING
32024D1197,2024-04-23,2024,EN ISO 15083:2020,ISO,explicit,none,AMENDING
32024D1197,2024-04-23,2024,EN ISO 15083:2020,ISO,explicit,none,AMENDING
32024D1197,2024-04-23,2024,EN ISO 15083:2020,ISO,explicit,none,AMENDING
32024D1197,2024-04-23,2024,EN ISO 10133:2017,ISO,explicit,none,AMENDING
32024D1197,2024-04-23,2024,EN ISO 13297:2018,ISO,explicit,none,AMENDING
32024D1197,2024-04-23,2024,EN ISO 15083:2018,ISO,explicit,none,AMENDING
32024D1197,2024-04-23,2024,EN ISO 13297:2021,ISO,explicit,addition,AMENDING
32024D1197,2024-04-23,2024,EN ISO 13297:2021,ISO,explicit,addition,AMENDING
32024D1197,2024-04-23,2024,EN ISO 13297:2021,ISO,explicit,addition,AMENDING
32024D1197,2024-04-23,2024,EN ISO 15083:2020,ISO,explicit,addition,AMENDING
32024D1197,2024-04-23,2024,EN ISO 15083:2020,ISO,explicit,addition,AMENDING
32024D1197,2024-04-23,2024,EN ISO 15083:2020,ISO,explicit,addition,AMENDING
32024D1256,2024-04-26,2024,EN 12525:2000+A2:2010,CEN,number,none,AMENDING
32024D1256,2024-04-26,2024,EN 15997:2011,CEN,number,none,AMENDING
32024D1256,2024-04-26,2024,EN 15997:2011,CEN,number,none,AMENDING
32024D1256,2024-04-26,2024,EN 62841-1:2015,IEC,inferred-60000,none,AMENDING
32024D1256,2024-04-26,2024,EN 62841-1:2015,IEC,inferred-60000,none,AMENDING
32024D1256,2024-04-26,2024,EN 62841-1:2015,IEC,inferred-60000,none,AMENDING
32024D1256,2024-04-26,2024,EN 62841-2-11:2016,IEC,inferred-60000,none,AMENDING
32024D1256,2024-04-26,2024,EN 62841-2-11:2016,IEC,inferred-60000,none,AMENDING
32024D1256,2024-04-26,2024,EN 12525:2000+A2:2010,CEN,number,none,AMENDING
32024D1256,2024-04-26,2024,EN 12525:2000+A2:2010,CEN,number,none,AMENDING
32024D1256,2024-04-26,2024,EN 15997:2011,CEN,number,none,AMENDING
32024D1256,2024-04-26,2024,EN 15997:2011,CEN,number,none,AMENDING
32024D1256,2024-04-26,2024,EN 15997:2011,CEN,number,none,AMENDING
32024D1256,2024-04-26,2024,EN 15997:2011,CEN,number,none,AMENDING
32024D1256,2024-04-26,2024,EN 62841-1:2015,IEC,inferred-60000,none,AMENDING
32024D1256,2024-04-26,2024,EN 62841-1:2015,IEC,inferred-60000,none,AMENDING
32024D1256,2024-04-26,2024,EN 62841-2-11:2016,IEC,inferred-60000,none,AMENDING
32024D1256,2024-04-26,2024,EN 62841-2-11:2016,IEC,inferred-60000,none,AMENDING
32024D1256,2024-04-26,2024,EN 62841-1:2015,IEC,inferred-60000,none,AMENDING
32024D1256,2024-04-26,2024,EN 62841-1:2015,IEC,inferred-60000,none,AMENDING
32024D1256,2024-04-26,2024,EN 62841-2-11:2016,IEC,inferred-60000,none,AMENDING
32024D1256,2024-04-26,2024,EN 62841-2-11:2016,IEC,inferred-60000,none,AMENDING
32024D1256,2024-04-26,2024,EN 62841-1:2015,IEC,inferred-60000,none,AMENDING
32024D1256,2024-04-26,2024,EN 62841-1:2015,IEC,inferred-60000,none,AMENDING
32024D1256,2024-04-26,2024,EN 62841-2-11:2016,IEC,inferred-60000,none,AMENDING
32024D1256,2024-04-26,2024,EN 62841-2-11:2016,IEC,inferred-60000,none,AMENDING
32024D1256,2024-04-26,2024,EN 62841-1:2015,IEC,inferred-60000,none,AMENDING
32024D1256,2024-04-26,2024,EN 62841-1:2015,IEC,inferred-60000,none,AMENDING
32024D1256,2024-04-26,2024,EN 62841-1:2015,IEC,inferred-60000,none,AMENDING
32024D1256,2024-04-26,2024,EN 62841-1:2015,IEC,inferred-60000,none,AMENDING
32024D1256,2024-04-26,2024,EN 12525:2000+A2:2010,CEN,number,none,AMENDING
32024D1256,2024-04-26,2024,EN 15997:2011,CEN,number,none,AMENDING
32024D1256,2024-04-26,2024,EN 15997:2011,CEN,number,none,AMENDING
32024D1256,2024-04-26,2024,EN 62841-1:2015,IEC,inferred-60000,none,AMENDING
32024D1256,2024-04-26,2024,EN 62841-1:2015,IEC,inferred-60000,none,AMENDING
32024D1256,2024-04-26,2024,EN 62841-1:2015,IEC,inferred-60000,none,AMENDING
32024D1256,2024-04-26,2024,EN 62841-2-11:2016,IEC,inferred-60000,none,AMENDING
32024D1256,2024-04-26,2024,EN 62841-2-11:2016,IEC,inferred-60000,none,AMENDING
32024D1256,2024-04-26,2024,EN 12525:2000+A2:2010,CEN,number,none,AMENDING
32024D1256,2024-04-26,2024,EN 15997:2011,CEN,number,none,AMENDING
32024D1256,2024-04-26,2024,EN 15997:2011,CEN,number,none,AMENDING
32024D1256,2024-04-26,2024,EN 62841-1:2015,IEC,inferred-60000,none,AMENDING
32024D1256,2024-04-26,2024,EN 62841-1:2015,IEC,inferred-60000,none,AMENDING
32024D1256,2024-04-26,2024,EN 62841-1:2015,IEC,inferred-60000,none,AMENDING
32024D1256,2024-04-26,2024,EN 62841-2-11:2016,IEC,inferred-60000,none,AMENDING
32024D1256,2024-04-26,2024,EN 62841-2-11:2016,IEC,inferred-60000,none,AMENDING
32024D1256,2024-04-26,2024,EN 62841-1:2015,IEC,inferred-60000,none,AMENDING
32024D1256,2024-04-26,2024,EN 62841-1:2015,IEC,inferred-60000,none,AMENDING
32024D1256,2024-04-26,2024,EN 12525:2000+A2:2010,CEN,number,addition,AMENDING
32024D1256,2024-04-26,2024,EN 15997:2011,CEN,number,addition,AMENDING
32024D1256,2024-04-26,2024,EN 15997:2011,CEN,number,addition,AMENDING
32024D1256,2024-04-26,2024,EN 62841-1:2015,IEC,inferred-60000,addition,AMENDING
32024D1256,2024-04-26,2024,EN 62841-1:2015,IEC,inferred-60000,addition,AMENDING
32024D1256,2024-04-26,2024,EN 62841-1:2015,IEC,inferred-60000,addition,AMENDING
32024D1256,2024-04-26,2024,EN 62841-2-11:2016,IEC,inferred-60000,addition,AMENDING
32024D1256,2024-04-26,2024,EN 62841-2-11:2016,IEC,inferred-60000,addition,AMENDING
32024D1256,2024-04-26,2024,EN 62841-1:2015,IEC,inferred-60000,addition,AMENDING
32024D1256,2024-04-26,2024,EN 62841-1:2015,IEC,inferred-60000,addition,AMENDING
32024D1329,2024-05-13,2024,EN ISO 3691-4:2023,ISO,explicit,none,AMENDING
32024D1329,2024-05-13,2024,EN ISO 19085-12:2021,ISO,explicit,none,AMENDING
32024D1329,2024-05-13,2024,EN ISO 19085-12:2021,ISO,explicit,none,AMENDING
32024D1329,2024-05-13,2024,EN ISO 25119-1:2023,ISO,explicit,none,AMENDING
32024D1329,2024-05-13,2024,EN ISO 25119-1:2023,ISO,explicit,none,AMENDING
32024D1329,2024-05-13,2024,EN ISO 25119-2:2023,ISO,explicit,none,AMENDING
32024D1329,2024-05-13,2024,EN ISO 25119-3:2023,ISO,explicit,none,AMENDING
32024D1329,2024-05-13,2024,EN ISO 25119-3:2023,ISO,explicit,none,AMENDING
32024D1329,2024-05-13,2024,EN ISO 25119-4:2023,ISO,explicit,none,AMENDING
32024D1329,2024-05-13,2024,EN ISO 25119-4:2023,ISO,explicit,none,AMENDING
32024D1329,2024-05-13,2024,EN IEC 60335-2-119:2024,IEC,explicit,none,AMENDING
32024D1329,2024-05-13,2024,EN IEC 60335-2-119:2024,IEC,explicit,none,AMENDING
32024D1329,2024-05-13,2024,EN 1218-1:1999+A1:2009,CEN,number,none,AMENDING
32024D1329,2024-05-13,2024,EN 1218-2:2004+A1:2009,CEN,number,none,AMENDING
32024D1329,2024-05-13,2024,EN 1218-5:2004+A1:2009,CEN,number,none,AMENDING
32024D1329,2024-05-13,2024,EN 1417:2014,CEN,number,none,AMENDING
32024D1329,2024-05-13,2024,EN 1501-4:2007,CEN,number,none,AMENDING
32024D1329,2024-05-13,2024,EN 1915-1:2013,CEN,number,none,AMENDING
32024D1329,2024-05-13,2024,EN ISO 13849-1:2015,ISO,explicit,none,AMENDING
32024D1329,2024-05-13,2024,EN 15194:2017,CEN,number,none,AMENDING
32024D1329,2024-05-13,2024,EN 15700:2011,CEN,number,none,AMENDING
32024D1329,2024-05-13,2024,EN 16307-5:2013,CEN,number,none,AMENDING
32024D1329,2024-05-13,2024,EN IEC 60335-2-89:2022,IEC,explicit,none,AMENDING
32024D1329,2024-05-13,2024,EN IEC 60335-2-89:2022,IEC,explicit,none,AMENDING
32024D1329,2024-05-13,2024,EN IEC 60335-2-89:2022,IEC,explicit,none,AMENDING
32024D1329,2024-05-13,2024,EN IEC 62841-4-5:2021,IEC,explicit,none,AMENDING
32024D1329,2024-05-13,2024,EN IEC 62841-4-5:2021,IEC,explicit,none,AMENDING
32024D1329,2024-05-13,2024,EN IEC 62841-4-7:2022,IEC,explicit,none,AMENDING
32024D1329,2024-05-13,2024,EN IEC 62841-4-7:2022,IEC,explicit,none,AMENDING
32024D1329,2024-05-13,2024,EN ISO 19085-12:2021,ISO,explicit,none,AMENDING
32024D1329,2024-05-13,2024,EN ISO 19085-12:2021,ISO,explicit,none,AMENDING
32024D1329,2024-05-13,2024,EN 1417:2023,CEN,number,none,AMENDING
32024D1329,2024-05-13,2024,EN 1501-4:2023,CEN,number,none,AMENDING
32024D1329,2024-05-13,2024,EN 1915-1:2023,CEN,number,none,AMENDING
32024D1329,2024-05-13,2024,EN ISO 13849-1:2023,ISO,explicit,none,AMENDING
32024D1329,2024-05-13,2024,EN 15194:2017+A1:2023,CEN,number,none,AMENDING
32024D1329,2024-05-13,2024,EN 15700:2023,CEN,number,none,AMENDING
32024D1329,2024-05-13,2024,EN 16307-5:2023,CEN,number,none,AMENDING
32024D1329,2024-05-13,2024,EN IEC 60335-2-89:2022,IEC,explicit,none,AMENDING
32024D1329,2024-05-13,2024,EN IEC 62841-4-5:2021,IEC,explicit,none,AMENDING
32024D1329,2024-05-13,2024,EN IEC 62841-4-7:2022,IEC,explicit,none,AMENDING
32024D1329,2024-05-13,2024,EN IEC 62841-4-7:2022,IEC,explicit,none,AMENDING
32024D1329,2024-05-13,2024,EN 15700:2023,CEN,number,none,AMENDING
32024D1329,2024-05-13,2024,EN 15194:2017,CEN,number,none,AMENDING
32024D1329,2024-05-13,2024,EN 15194:2017+A1:2023,CEN,number,none,AMENDING
32024D1329,2024-05-13,2024,EN 15700:2023,CEN,number,none,AMENDING
32024D1329,2024-05-13,2024,EN 1417:2023,CEN,number,none,AMENDING
32024D1329,2024-05-13,2024,EN 1501-4:2023,CEN,number,none,AMENDING
32024D1329,2024-05-13,2024,EN 1915-1:2023,CEN,number,none,AMENDING
32024D1329,2024-05-13,2024,EN ISO 3691-4:2023,ISO,explicit,none,AMENDING
32024D1329,2024-05-13,2024,EN ISO 13849-1:2023,ISO,explicit,none,AMENDING
32024D1329,2024-05-13,2024,EN 15194:2017+A1:2023,CEN,number,none,AMENDING
32024D1329,2024-05-13,2024,EN 15700:2023,CEN,number,none,AMENDING
32024D1329,2024-05-13,2024,EN 16307-5:2023,CEN,number,none,AMENDING
32024D1329,2024-05-13,2024,EN ISO 19085-12:2021,ISO,explicit,none,AMENDING
32024D1329,2024-05-13,2024,EN ISO 19085-12:2021,ISO,explicit,none,AMENDING
32024D1329,2024-05-13,2024,EN ISO 25119-1:2023,ISO,explicit,none,AMENDING
32024D1329,2024-05-13,2024,EN ISO 25119-1:2023,ISO,explicit,none,AMENDING
32024D1329,2024-05-13,2024,EN ISO 25119-2:2023,ISO,explicit,none,AMENDING
32024D1329,2024-05-13,2024,EN ISO 25119-3:2023,ISO,explicit,none,AMENDING
32024D1329,2024-05-13,2024,EN ISO 25119-3:2023,ISO,explicit,none,AMENDING
32024D1329,2024-05-13,2024,EN ISO 25119-4:2023,ISO,explicit,none,AMENDING
32024D1329,2024-05-13,2024,EN ISO 25119-4:2023,ISO,explicit,none,AMENDING
32024D1329,2024-05-13,2024,EN IEC 60335-2-89:2022,IEC,explicit,none,AMENDING
32024D1329,2024-05-13,2024,EN IEC 60335-2-89:2022,IEC,explicit,none,AMENDING
32024D1329,2024-05-13,2024,EN IEC 60335-2-89:2022,IEC,explicit,none,AMENDING
32024D1329,2024-05-13,2024,EN IEC 60335-2-119:2024,IEC,explicit,none,AMENDING
32024D1329,2024-05-13,2024,EN IEC 60335-2-119:2024,IEC,explicit,none,AMENDING
32024D1329,2024-05-13,2024,EN IEC 62841-4-5:2021,IEC,explicit,none,AMENDING
32024D1329,2024-05-13,2024,EN IEC 62841-4-5:2021,IEC,explicit,none,AMENDING
32024D1329,2024-05-13,2024,EN IEC 62841-4-5:2021,IEC,explicit,none,AMENDING
32024D1329,2024-05-13,2024,EN IEC 62841-4-7:2022,IEC,explicit,none,AMENDING
32024D1329,2024-05-13,2024,EN IEC 62841-4-7:2022,IEC,explicit,none,AMENDING
32024D1329,2024-05-13,2024,EN IEC 62841-4-7:2022,IEC,explicit,none,AMENDING
32024D1329,2024-05-13,2024,EN IEC 62841-4-7:2022,IEC,explicit,none,AMENDING
32024D1329,2024-05-13,2024,EN 16590-1:2014,CEN,number,none,AMENDING
32024D1329,2024-05-13,2024,EN 16590-2:2014,CEN,number,none,AMENDING
32024D1329,2024-05-13,2024,EN 16590-3:2014,CEN,number,none,AMENDING
32024D1329,2024-05-13,2024,EN 16590-4:2014,CEN,number,none,AMENDING
32024D1329,2024-05-13,2024,EN 1218-1:1999+A1:2009,CEN,number,none,AMENDING
32024D1329,2024-05-13,2024,EN 1218-2:2004+A1:2009,CEN,number,none,AMENDING
32024D1329,2024-05-13,2024,EN 1218-5:2004+A1:2009,CEN,number,none,AMENDING
32024D1329,2024-05-13,2024,EN 1417:2014,CEN,number,none,AMENDING
32024D1329,2024-05-13,2024,EN 1501-4:2007,CEN,number,none,AMENDING
32024D1329,2024-05-13,2024,EN 1915-1:2013,CEN,number,none,AMENDING
32024D1329,2024-05-13,2024,EN ISO 13849-1:2015,ISO,explicit,none,AMENDING
32024D1329,2024-05-13,2024,EN 15194:2017,CEN,number,none,AMENDING
32024D1329,2024-05-13,2024,EN 15700:2011,CEN,number,none,AMENDING
32024D1329,2024-05-13,2024,EN 16307-5:2013,CEN,number,none,AMENDING
32024D1329,2024-05-13,2024,EN 16590-1:2014,CEN,number,none,AMENDING
32024D1329,2024-05-13,2024,EN 16590-2:2014,CEN,number,none,AMENDING
32024D1329,2024-05-13,2024,EN 16590-3:2014,CEN,number,none,AMENDING
32024D1329,2024-05-13,2024,EN 16590-4:2014,CEN,number,none,AMENDING
32024D1329,2024-05-13,2024,EN 1127-2:2014,CEN,number,none,AMENDING
32024D1329,2024-05-13,2024,EN ISO 11554:2017,ISO,explicit,none,AMENDING
32024D1329,2024-05-13,2024,EN 1218-1:1999+A1:2009,CEN,number,none,AMENDING
32024D1329,2024-05-13,2024,EN 1218-2:2004+A1:2009,CEN,number,none,AMENDING
32024D1329,2024-05-13,2024,EN 1218-5:2004+A1:2009,CEN,number,none,AMENDING
32024D1329,2024-05-13,2024,EN 1501-4:2007,CEN,number,none,AMENDING
32024D1329,2024-05-13,2024,EN 16590-1:2014,CEN,number,none,AMENDING
32024D1329,2024-05-13,2024,EN 16590-2:2014,CEN,number,none,AMENDING
32024D1329,2024-05-13,2024,EN 16590-3:2014,CEN,number,none,AMENDING
32024D1329,2024-05-13,2024,EN 1915-1:2013,CEN,number,none,AMENDING
32024D1329,2024-05-13,2024,EN ISO 13849-1:2015,ISO,explicit,none,AMENDING
32024D1329,2024-05-13,2024,EN 15194:2017,CEN,number,none,AMENDING
32024D1329,2024-05-13,2024,EN 15700:2011,CEN,number,none,AMENDING
32024D1329,2024-05-13,2024,EN 16307-5:2013,CEN,number,none,AMENDING
32024D1329,2024-05-13,2024,EN ISO 13849-1:2023,ISO,explicit,addition,AMENDING
32024D1329,2024-05-13,2024,EN 1417:2023,CEN,number,addition,AMENDING
32024D1329,2024-05-13,2024,EN 1501-4:2023,CEN,number,addition,AMENDING
32024D1329,2024-05-13,2024,EN 1915-1:2023,CEN,number,addition,AMENDING
32024D1329,2024-05-13,2024,EN ISO 3691-4:2023,ISO,explicit,addition,AMENDING
32024D1329,2024-05-13,2024,EN 15194:2017+A1:2023,CEN,number,addition,AMENDING
32024D1329,2024-05-13,2024,EN 15194:2017+A1:2023,CEN,number,addition,AMENDING
32024D1329,2024-05-13,2024,EN 15700:2023,CEN,number,addition,AMENDING
32024D1329,2024-05-13,2024,EN 16307-5:2023,CEN,number,addition,AMENDING
32024D1329,2024-05-13,2024,EN ISO 19085-12:2021,ISO,explicit,addition,AMENDING
32024D1329,2024-05-13,2024,EN ISO 19085-12:2021,ISO,explicit,addition,AMENDING
32024D1329,2024-05-13,2024,EN ISO 25119-1:2023,ISO,explicit,addition,AMENDING
32024D1329,2024-05-13,2024,EN ISO 25119-1:2023,ISO,explicit,addition,AMENDING
32024D1329,2024-05-13,2024,EN ISO 25119-2:2023,ISO,explicit,addition,AMENDING
32024D1329,2024-05-13,2024,EN ISO 25119-3:2023,ISO,explicit,addition,AMENDING
32024D1329,2024-05-13,2024,EN ISO 25119-3:2023,ISO,explicit,addition,AMENDING
32024D1329,2024-05-13,2024,EN ISO 25119-4:2023,ISO,explicit,addition,AMENDING
32024D1329,2024-05-13,2024,EN ISO 25119-4:2023,ISO,explicit,addition,AMENDING
32024D1329,2024-05-13,2024,EN IEC 60335-2-119:2024,IEC,explicit,addition,AMENDING
32024D1329,2024-05-13,2024,EN IEC 60335-2-119:2024,IEC,explicit,addition,AMENDING
32024D1329,2024-05-13,2024,EN IEC 60335-2-89:2022,IEC,explicit,addition,AMENDING
32024D1329,2024-05-13,2024,EN IEC 60335-2-89:2022,IEC,explicit,addition,AMENDING
32024D1329,2024-05-13,2024,EN IEC 60335-2-89:2022,IEC,explicit,addition,AMENDING
32024D1329,2024-05-13,2024,EN IEC 62841-4-5:2021,IEC,explicit,addition,AMENDING
32024D1329,2024-05-13,2024,EN IEC 62841-4-5:2021,IEC,explicit,addition,AMENDING
32024D1329,2024-05-13,2024,EN IEC 62841-4-5:2021,IEC,explicit,addition,AMENDING
32024D1329,2024-05-13,2024,EN IEC 62841-4-7:2022,IEC,explicit,addition,AMENDING
32024D1329,2024-05-13,2024,EN IEC 62841-4-7:2022,IEC,explicit,addition,AMENDING
32024D1329,2024-05-13,2024,EN IEC 62841-4-7:2022,IEC,explicit,addition,AMENDING
32024D1329,2024-05-13,2024,EN IEC 62841-4-7:2022,IEC,explicit,addition,AMENDING
32024D1329,2024-05-13,2024,EN ISO 12100:2010,ISO,explicit,addition,AMENDING
32024D1329,2024-05-13,2024,EN 1127-2:2014,CEN,number,addition,AMENDING
32024D1329,2024-05-13,2024,EN ISO 11554:2017,ISO,explicit,addition,AMENDING
32024D1589,2024-06-04,2024,EN 13215:2015,CEN,number,none,FULL_LIST
32024D1589,2024-06-04,2024,EN 13215:2016+A1:2020,CEN,number,none,FULL_LIST
32024D1589,2024-06-04,2024,EN 13215:2016+A1:2020,CEN,number,none,FULL_LIST
32024D1589,2024-06-04,2024,EN 13215:2016+A1:2020,CEN,number,none,FULL_LIST
32024D1589,2024-06-04,2024,EN 13215:2016+A1:2020,CEN,number,none,FULL_LIST
32024D2387,2024-09-09,2024,EN 17816:2023,CEN,number,none,FULL_LIST
32024D2387,2024-09-09,2024,EN 17817:2023,CEN,number,none,FULL_LIST
32024D2387,2024-09-09,2024,EN 17816:2023,CEN,number,none,FULL_LIST
32024D2387,2024-09-09,2024,EN 17817:2023,CEN,number,none,FULL_LIST
32024D2408,2024-09-13,2024,EN 1570-1:2011+A1:2014,CEN,number,none,AMENDING
32024D2408,2024-09-13,2024,EN 13557:2003+A2:2008,CEN,number,none,AMENDING
32024D2408,2024-09-13,2024,EN 1570-1:2024,CEN,number,none,AMENDING
32024D2408,2024-09-13,2024,EN 13557:2024,CEN,number,none,AMENDING
32024D2408,2024-09-13,2024,EN ISO 3164:2013,ISO,explicit,none,AMENDING
32024D2408,2024-09-13,2024,EN 16005:2012,CEN,number,none,AMENDING
32024D2408,2024-09-13,2024,EN 16005:2012,CEN,number,none,AMENDING
32024D2408,2024-09-13,2024,EN ISO 3164:2013,ISO,explicit,none,AMENDING
32024D2408,2024-09-13,2024,EN 16005:2023+A1:2024,CEN,number,none,AMENDING
32024D2408,2024-09-13,2024,EN 1570-1:2024,CEN,number,none,AMENDING
32024D2408,2024-09-13,2024,EN ISO 3164:2013,ISO,explicit,none,AMENDING
32024D2408,2024-09-13,2024,EN ISO 3164:2013,ISO,explicit,none,AMENDING
32024D2408,2024-09-13,2024,EN 13557:2024,CEN,number,none,AMENDING
32024D2408,2024-09-13,2024,EN 16005:2023+A1:2024,CEN,number,none,AMENDING
32024D2408,2024-09-13,2024,EN 1570-1:2024,CEN,number,none,AMENDING
32024D2408,2024-09-13,2024,EN ISO 3164:2013,ISO,explicit,none,AMENDING
32024D2408,2024-09-13,2024,EN ISO 3164:2013,ISO,explicit,none,AMENDING
32024D2408,2024-09-13,2024,EN 13557:2024,CEN,number,none,AMENDING
32024D2408,2024-09-13,2024,EN 16005:2023+A1:2024,CEN,number,none,AMENDING
32024D2408,2024-09-13,2024,EN 1570-1:2011+A1:2014,CEN,number,none,AMENDING
32024D2408,2024-09-13,2024,EN ISO 3164:2013,ISO,explicit,none,AMENDING
32024D2408,2024-09-13,2024,EN 13557:2003+A2:2008,CEN,number,none,AMENDING
32024D2408,2024-09-13,2024,EN 16005:2012,CEN,number,none,AMENDING
32024D2408,2024-09-13,2024,EN 16005:2012,CEN,number,none,AMENDING
32024D2408,2024-09-13,2024,EN 1570-1:2011+A1:2014,CEN,number,none,AMENDING
32024D2408,2024-09-13,2024,EN ISO 3164:2013,ISO,explicit,none,AMENDING
32024D2408,2024-09-13,2024,EN 13557:2003+A2:2008,CEN,number,none,AMENDING
32024D2408,2024-09-13,2024,EN 16005:2012,CEN,number,none,AMENDING
32024D2408,2024-09-13,2024,EN 16005:2012,CEN,number,none,AMENDING
32024D2408,2024-09-13,2024,EN 1570-1:2024,CEN,number,addition,AMENDING
32024D2408,2024-09-13,2024,EN ISO 3164:2013,ISO,explicit,addition,AMENDING
32024D2408,2024-09-13,2024,EN ISO 3164:2013,ISO,explicit,addition,AMENDING
32024D2408,2024-09-13,2024,EN 13557:2024,CEN,number,addition,AMENDING
32024D2408,2024-09-13,2024,EN 16005:2023+A1:2024,CEN,number,addition,AMENDING
32024D2599,2024-10-04,2024,EN 50365:2002,CENELEC,number,none,AMENDING
32024D2599,2024-10-04,2024,EN 50365:2023,CENELEC,number,none,AMENDING
32024D2599,2024-10-04,2024,EN 360:2002,CEN,number,none,AMENDING
32024D2599,2024-10-04,2024,EN 564:2014,CEN,number,none,AMENDING
32024D2599,2024-10-04,2024,EN 12841:2006,CEN,number,none,AMENDING
32024D2599,2024-10-04,2024,EN 12941:1998,CEN,number,none,AMENDING
32024D2599,2024-10-04,2024,EN 12941:1998,CEN,number,none,AMENDING
32024D2599,2024-10-04,2024,EN 12941:1998,CEN,number,none,AMENDING
32024D2599,2024-10-04,2024,EN 12942:1998,CEN,number,none,AMENDING
32024D2599,2024-10-04,2024,EN 12942:1998,CEN,number,none,AMENDING
32024D2599,2024-10-04,2024,EN 12942:1998,CEN,number,none,AMENDING
32024D2599,2024-10-04,2024,EN 14058:2017,CEN,number,none,AMENDING
32024D2599,2024-10-04,2024,EN ISO 20345:2022,ISO,explicit,none,AMENDING
32024D2599,2024-10-04,2024,EN ISO 20346:2014,ISO,explicit,none,AMENDING
32024D2599,2024-10-04,2024,EN ISO 20347:2012,ISO,explicit,none,AMENDING
32024D2599,2024-10-04,2024,EN 360:2023,CEN,number,none,AMENDING
32024D2599,2024-10-04,2024,EN 564:2023,CEN,number,none,AMENDING
32024D2599,2024-10-04,2024,EN 12841:2024,CEN,number,none,AMENDING
32024D2599,2024-10-04,2024,EN 12941:2023,CEN,number,none,AMENDING
32024D2599,2024-10-04,2024,EN 12942:2023,CEN,number,none,AMENDING
32024D2599,2024-10-04,2024,EN 14058:2017+A1:2023,CEN,number,none,AMENDING
32024D2599,2024-10-04,2024,EN ISO 20345:2022,ISO,explicit,none,AMENDING
32024D2599,2024-10-04,2024,EN ISO 20346:2022,ISO,explicit,none,AMENDING
32024D2599,2024-10-04,2024,EN ISO 20346:2022,ISO,explicit,none,AMENDING
32024D2599,2024-10-04,2024,EN ISO 20347:2022,ISO,explicit,none,AMENDING
32024D2599,2024-10-04,2024,EN ISO 20347:2022,ISO,explicit,none,AMENDING
32024D2599,2024-10-04,2024,EN 360:2023,CEN,number,none,AMENDING
32024D2599,2024-10-04,2024,EN 564:2023,CEN,number,none,AMENDING
32024D2599,2024-10-04,2024,EN 12841:2024,CEN,number,none,AMENDING
32024D2599,2024-10-04,2024,EN 12941:2023,CEN,number,none,AMENDING
32024D2599,2024-10-04,2024,EN 12942:2023,CEN,number,none,AMENDING
32024D2599,2024-10-04,2024,EN 14058:2017+A1:2023,CEN,number,none,AMENDING
32024D2599,2024-10-04,2024,EN ISO 20345:2022,ISO,explicit,none,AMENDING
32024D2599,2024-10-04,2024,EN ISO 20346:2022,ISO,explicit,none,AMENDING
32024D2599,2024-10-04,2024,EN ISO 20346:2022,ISO,explicit,none,AMENDING
32024D2599,2024-10-04,2024,EN ISO 20347:2022,ISO,explicit,none,AMENDING
32024D2599,2024-10-04,2024,EN ISO 20347:2022,ISO,explicit,none,AMENDING
32024D2599,2024-10-04,2024,EN 50365:2023,CENELEC,number,none,AMENDING
32024D2599,2024-10-04,2024,EN 360:2002,CEN,number,none,AMENDING
32024D2599,2024-10-04,2024,EN 564:2014,CEN,number,none,AMENDING
32024D2599,2024-10-04,2024,EN 12841:2006,CEN,number,none,AMENDING
32024D2599,2024-10-04,2024,EN 12941:1998,CEN,number,none,AMENDING
32024D2599,2024-10-04,2024,EN 12941:1998,CEN,number,none,AMENDING
32024D2599,2024-10-04,2024,EN 12941:1998,CEN,number,none,AMENDING
32024D2599,2024-10-04,2024,EN 12942:1998,CEN,number,none,AMENDING
32024D2599,2024-10-04,2024,EN 12942:1998,CEN,number,none,AMENDING
32024D2599,2024-10-04,2024,EN 12942:1998,CEN,number,none,AMENDING
32024D2599,2024-10-04,2024,EN 14058:2017,CEN,number,none,AMENDING
32024D2599,2024-10-04,2024,EN ISO 20345:2022,ISO,explicit,none,AMENDING
32024D2599,2024-10-04,2024,EN ISO 20346:2014,ISO,explicit,none,AMENDING
32024D2599,2024-10-04,2024,EN ISO 20347:2012,ISO,explicit,none,AMENDING
32024D2599,2024-10-04,2024,EN 360:2002,CEN,number,none,AMENDING
32024D2599,2024-10-04,2024,EN 564:2014,CEN,number,none,AMENDING
32024D2599,2024-10-04,2024,EN 12841:2006,CEN,number,none,AMENDING
32024D2599,2024-10-04,2024,EN 12941:1998,CEN,number,none,AMENDING
32024D2599,2024-10-04,2024,EN 12941:1998,CEN,number,none,AMENDING
32024D2599,2024-10-04,2024,EN 12941:1998,CEN,number,none,AMENDING
32024D2599,2024-10-04,2024,EN 12942:1998,CEN,number,none,AMENDING
32024D2599,2024-10-04,2024,EN 14058:2017,CEN,number,none,AMENDING
32024D2599,2024-10-04,2024,EN ISO 20345:2022,ISO,explicit,none,AMENDING
32024D2599,2024-10-04,2024,EN ISO 20346:2014,ISO,explicit,none,AMENDING
32024D2599,2024-10-04,2024,EN ISO 20347:2012,ISO,explicit,none,AMENDING
32024D2599,2024-10-04,2024,EN 166:2001,CEN,number,none,AMENDING
32024D2599,2024-10-04,2024,EN 169:2002,CEN,number,none,AMENDING
32024D2599,2024-10-04,2024,EN 170:2002,CEN,number,none,AMENDING
32024D2599,2024-10-04,2024,EN 172:1994,CEN,number,none,AMENDING
32024D2599,2024-10-04,2024,EN 172:1994,CEN,number,none,AMENDING
32024D2599,2024-10-04,2024,EN 172:1994,CEN,number,none,AMENDING
32024D2599,2024-10-04,2024,EN 379:2003+A1:2009,CEN,number,none,AMENDING
32024D2599,2024-10-04,2024,EN 166:2001,CEN,number,none,AMENDING
32024D2599,2024-10-04,2024,EN 169:2002,CEN,number,none,AMENDING
32024D2599,2024-10-04,2024,EN 170:2002,CEN,number,none,AMENDING
32024D2599,2024-10-04,2024,EN 172:1994,CEN,number,none,AMENDING
32024D2599,2024-10-04,2024,EN 172:1994,CEN,number,none,AMENDING
32024D2599,2024-10-04,2024,EN 172:1994,CEN,number,none,AMENDING
32024D2599,2024-10-04,2024,EN 379:2003+A1:2009,CEN,number,none,AMENDING
32024D2599,2024-10-04,2024,EN 166:2001,CEN,number,none,AMENDING
32024D2599,2024-10-04,2024,EN 169:2002,CEN,number,none,AMENDING
32024D2599,2024-10-04,2024,EN 170:2002,CEN,number,none,AMENDING
32024D2599,2024-10-04,2024,EN 172:1994,CEN,number,none,AMENDING
32024D2599,2024-10-04,2024,EN 172:1994,CEN,number,none,AMENDING
32024D2599,2024-10-04,2024,EN 172:1994,CEN,number,none,AMENDING
32024D2599,2024-10-04,2024,EN 379:2003+A1:2009,CEN,number,none,AMENDING
32024D2599,2024-10-04,2024,EN 360:2023,CEN,number,addition,AMENDING
32024D2599,2024-10-04,2024,EN 564:2023,CEN,number,addition,AMENDING
32024D2599,2024-10-04,2024,EN 12841:2024,CEN,number,addition,AMENDING
32024D2599,2024-10-04,2024,EN 12941:2023,CEN,number,addition,AMENDING
32024D2599,2024-10-04,2024,EN 12942:2023,CEN,number,addition,AMENDING
32024D2599,2024-10-04,2024,EN 14058:2017+A1:2023,CEN,number,addition,AMENDING
32024D2599,2024-10-04,2024,EN ISO 20345:2022,ISO,explicit,addition,AMENDING
32024D2599,2024-10-04,2024,EN ISO 20345:2022,ISO,explicit,addition,AMENDING
32024D2599,2024-10-04,2024,EN ISO 20346:2022,ISO,explicit,addition,AMENDING
32024D2599,2024-10-04,2024,EN ISO 20346:2022,ISO,explicit,addition,AMENDING
32024D2599,2024-10-04,2024,EN ISO 20347:2022,ISO,explicit,addition,AMENDING
32024D2599,2024-10-04,2024,EN ISO 20347:2022,ISO,explicit,addition,AMENDING
32024D2599,2024-10-04,2024,EN 50365:2023,CENELEC,number,addition,AMENDING
32024D2599,2024-10-04,2024,EN 166:2001,CEN,number,addition,AMENDING
32024D2599,2024-10-04,2024,EN 169:2002,CEN,number,addition,AMENDING
32024D2599,2024-10-04,2024,EN 170:2002,CEN,number,addition,AMENDING
32024D2599,2024-10-04,2024,EN 172:1994,CEN,number,addition,AMENDING
32024D2599,2024-10-04,2024,EN 172:1994,CEN,number,addition,AMENDING
32024D2599,2024-10-04,2024,EN 172:1994,CEN,number,addition,AMENDING
32024D2599,2024-10-04,2024,EN 1731:2006,CEN,number,addition,AMENDING
32024D2625,2024-10-08,2024,EN ISO 13408-1:2015,ISO,explicit,none,AMENDING
32024D2625,2024-10-08,2024,EN ISO 13408-1:2024,ISO,explicit,none,AMENDING
32024D2625,2024-10-08,2024,EN ISO 20916:2024,ISO,explicit,none,AMENDING
32024D2625,2024-10-08,2024,EN ISO 13408-1:2024,ISO,explicit,addition,AMENDING
32024D2625,2024-10-08,2024,EN ISO 20916:2024,ISO,explicit,addition,AMENDING
32024D2638,2024-10-09,2024,EN 1397:2021,CEN,number,none,FULL_LIST
32024D2638,2024-10-09,2024,EN 1397:2021,CEN,number,none,FULL_LIST
32024D2638,2024-10-09,2024,EN 1397:2015,CEN,number,none,FULL_LIST
32024D2638,2024-10-09,2024,EN 16583:2015,CEN,number,none,FULL_LIST
32024D2638,2024-10-09,2024,EN 1397:2021,CEN,number,none,FULL_LIST
32024D2764,2024-10-30,2024,EN 60335-2-51:2003,IEC,inferred-60000,none,AMENDING
32024D2764,2024-10-30,2024,EN 60335-2-51:2003,IEC,inferred-60000,none,AMENDING
32024D2764,2024-10-30,2024,EN 60335-2-51:2003,IEC,inferred-60000,none,AMENDING
32024D2764,2024-10-30,2024,EN IEC 60335-2-51:2023,IEC,explicit,none,AMENDING
32024D2764,2024-10-30,2024,EN IEC 60335-2-51:2023,IEC,explicit,none,AMENDING
32024D2764,2024-10-30,2024,EN IEC 60335-2-84:2021,IEC,explicit,none,AMENDING
32024D2764,2024-10-30,2024,EN IEC 60335-2-84:2021,IEC,explicit,none,AMENDING
32024D2764,2024-10-30,2024,EN 60670-21:2007,IEC,inferred-60000,none,AMENDING
32024D2764,2024-10-30,2024,EN 60670-21:2007,IEC,inferred-60000,none,AMENDING
32024D2764,2024-10-30,2024,EN IEC 60238:2018,IEC,explicit,none,AMENDING
32024D2764,2024-10-30,2024,EN IEC 60335-2-84:2021,IEC,explicit,none,AMENDING
32024D2764,2024-10-30,2024,EN 60670-21:2007,IEC,inferred-60000,none,AMENDING
32024D2764,2024-10-30,2024,EN IEC 60238:2018,IEC,explicit,none,AMENDING
32024D2764,2024-10-30,2024,EN IEC 60238:2018,IEC,explicit,none,AMENDING
32024D2764,2024-10-30,2024,EN IEC 60335-2-51:2023,IEC,explicit,none,AMENDING
32024D2764,2024-10-30,2024,EN IEC 60335-2-51:2023,IEC,explicit,none,AMENDING
32024D2764,2024-10-30,2024,EN IEC 60335-2-84:2021,IEC,explicit,none,AMENDING
32024D2764,2024-10-30,2024,EN IEC 60335-2-84:2021,IEC,explicit,none,AMENDING
32024D2764,2024-10-30,2024,EN IEC 60335-2-84:2021,IEC,explicit,none,AMENDING
32024D2764,2024-10-30,2024,EN 60670-21:2007,IEC,inferred-60000,none,AMENDING
32024D2764,2024-10-30,2024,EN 60670-21:2007,IEC,inferred-60000,none,AMENDING
32024D2764,2024-10-30,2024,EN 60670-21:2007,IEC,inferred-60000,none,AMENDING
32024D2764,2024-10-30,2024,EN IEC 60238:2018,IEC,explicit,none,AMENDING
32024D2764,2024-10-30,2024,EN IEC 60238:2018,IEC,explicit,none,AMENDING
32024D2764,2024-10-30,2024,EN IEC 60238:2018,IEC,explicit,none,AMENDING
32024D2764,2024-10-30,2024,EN IEC 61851-1:2019,IEC,explicit,none,AMENDING
32024D2764,2024-10-30,2024,EN IEC 61851-1:2019,IEC,explicit,none,AMENDING
32024D2764,2024-10-30,2024,EN IEC 61851-1:2019,IEC,explicit,none,AMENDING
32024D2764,2024-10-30,2024,EN IEC 61851-1:2019,IEC,explicit,none,AMENDING
32024D2764,2024-10-30,2024,EN IEC 61851-1:2019,IEC,explicit,none,AMENDING
32024D2764,2024-10-30,2024,EN IEC 61851-1:2019,IEC,explicit,none,AMENDING
32024D2764,2024-10-30,2024,EN IEC 61851-1:2019,IEC,explicit,none,AMENDING
32024D2764,2024-10-30,2024,EN IEC 61851-1:2019,IEC,explicit,none,AMENDING
32024D2764,2024-10-30,2024,EN IEC 61851-1:2019,IEC,explicit,none,AMENDING
32024D2764,2024-10-30,2024,EN IEC 60238:2018,IEC,explicit,none,AMENDING
32024D2764,2024-10-30,2024,EN IEC 60335-2-51:2023,IEC,explicit,none,AMENDING
32024D2764,2024-10-30,2024,EN IEC 60335-2-84:2021,IEC,explicit,none,AMENDING
32024D2764,2024-10-30,2024,EN 60670-21:2007,IEC,inferred-60000,none,AMENDING
32024D2764,2024-10-30,2024,EN IEC 61851-1:2019,IEC,explicit,none,AMENDING
32024D2764,2024-10-30,2024,EN IEC 60238:2018,IEC,explicit,none,AMENDING
32024D2764,2024-10-30,2024,EN 60335-2-51:2003,IEC,inferred-60000,none,AMENDING
32024D2764,2024-10-30,2024,EN IEC 60335-2-84:2021,IEC,explicit,none,AMENDING
32024D2764,2024-10-30,2024,EN 60670-21:2007,IEC,inferred-60000,none,AMENDING
32024D2764,2024-10-30,2024,EN IEC 61851-1:2019,IEC,explicit,none,AMENDING
32024D2764,2024-10-30,2024,EN IEC 60238:2018,IEC,explicit,none,AMENDING
32024D2764,2024-10-30,2024,EN 60335-2-51:2003,IEC,inferred-60000,none,AMENDING
32024D2764,2024-10-30,2024,EN 60335-2-51:2003,IEC,inferred-60000,none,AMENDING
32024D2764,2024-10-30,2024,EN 60335-2-51:2003,IEC,inferred-60000,none,AMENDING
32024D2764,2024-10-30,2024,EN IEC 60335-2-84:2021,IEC,explicit,none,AMENDING
32024D2764,2024-10-30,2024,EN IEC 60335-2-84:2021,IEC,explicit,none,AMENDING
32024D2764,2024-10-30,2024,EN 60670-21:2007,IEC,inferred-60000,none,AMENDING
32024D2764,2024-10-30,2024,EN 60670-21:2007,IEC,inferred-60000,none,AMENDING
32024D2764,2024-10-30,2024,EN IEC 61851-1:2019,IEC,explicit,none,AMENDING
32024D2764,2024-10-30,2024,EN IEC 60238:2018,IEC,explicit,addition,AMENDING
32024D2764,2024-10-30,2024,EN IEC 60238:2018,IEC,explicit,addition,AMENDING
32024D2764,2024-10-30,2024,EN IEC 60238:2018,IEC,explicit,addition,AMENDING
32024D2764,2024-10-30,2024,EN IEC 60335-2-51:2023,IEC,explicit,addition,AMENDING
32024D2764,2024-10-30,2024,EN IEC 60335-2-51:2023,IEC,explicit,addition,AMENDING
32024D2764,2024-10-30,2024,EN IEC 60335-2-84:2021,IEC,explicit,addition,AMENDING
32024D2764,2024-10-30,2024,EN IEC 60335-2-84:2021,IEC,explicit,addition,AMENDING
32024D2764,2024-10-30,2024,EN IEC 60335-2-84:2021,IEC,explicit,addition,AMENDING
32024D2764,2024-10-30,2024,EN 60670-21:2007,IEC,inferred-60000,addition,AMENDING
32024D2764,2024-10-30,2024,EN 60670-21:2007,IEC,inferred-60000,addition,AMENDING
32024D2764,2024-10-30,2024,EN 60670-21:2007,IEC,inferred-60000,addition,AMENDING
32024D2764,2024-10-30,2024,EN IEC 61851-1:2019,IEC,explicit,addition,AMENDING
32024D2764,2024-10-30,2024,EN IEC 61851-1:2019,IEC,explicit,addition,AMENDING
32024D2599R(01),2024-11-08,2024,EN 172:1994,CEN,number,addition,CORRIGENDUM
32024D2599R(01),2024-11-08,2024,EN 172:1994,CEN,number,addition,CORRIGENDUM
32024D2599R(01),2024-11-08,2024,EN 172:1994,CEN,number,addition,CORRIGENDUM
32024D2599R(01),2024-11-08,2024,EN 1731:2006,CEN,number,addition,CORRIGENDUM
32024D2599R(01),2024-11-08,2024,EN 172:1994,CEN,number,addition,CORRIGENDUM
32024D2599R(01),2024-11-08,2024,EN 172:1994,CEN,number,addition,CORRIGENDUM
32024D2599R(01),2024-11-08,2024,EN 172:1994,CEN,number,addition,CORRIGENDUM
32024D2599R(01),2024-11-08,2024,EN 379:2003+A1:2009,CEN,number,addition,CORRIGENDUM
32024D2599R(01),2024-11-08,2024,EN 1731:2006,CEN,number,addition,CORRIGENDUM
32024D2909,2024-11-22,2024,EN 15502-1:2021+A1:2023,CEN,number,none,FULL_LIST
32024D2909,2024-11-22,2024,EN 15502-1:2021+A1:2023,CEN,number,none,FULL_LIST
32024D2909,2024-11-22,2024,EN 15502-1:2012,CEN,number,none,FULL_LIST
32024D2909,2024-11-22,2024,EN 15502-1:2012,CEN,number,none,FULL_LIST
32024D2909,2024-11-22,2024,EN 15502-1:2012,CEN,number,none,FULL_LIST
32024D2909,2024-11-22,2024,EN 15316-4-1:2008,CEN,number,none,FULL_LIST
32024D2909,2024-11-22,2024,EN 15036-1:2006,CEN,number,none,FULL_LIST
32024D2909,2024-11-22,2024,EN 15502-1:2021+A1:2023,CEN,number,none,FULL_LIST
32024D2909,2024-11-22,2024,EN 15502-1:2021+A1:2023,CEN,number,none,FULL_LIST
32024D2944,2024-11-28,2024,EN 30-1-1:2021,CEN,number,none,FULL_LIST
32024D2944,2024-11-28,2024,EN 30-1-2:2023,CEN,number,none,FULL_LIST
32024D2944,2024-11-28,2024,EN 88-1:2022,CEN,number,none,FULL_LIST
32024D2944,2024-11-28,2024,EN 203-1:2021,CEN,number,none,FULL_LIST
32024D2944,2024-11-28,2024,EN 203-2-1:2021,CEN,number,none,FULL_LIST
32024D2944,2024-11-28,2024,EN 203-2-2:2021,CEN,number,none,FULL_LIST
32024D2944,2024-11-28,2024,EN 203-2-4:2021,CEN,number,none,FULL_LIST
32024D2944,2024-11-28,2024,EN 257:2022,CEN,number,none,FULL_LIST
32024D2944,2024-11-28,2024,EN 549:2019+A1:2023,CEN,number,none,FULL_LIST
32024D2944,2024-11-28,2024,EN 751-3:2022,CEN,number,none,FULL_LIST
32024D2944,2024-11-28,2024,EN 1106:2022,CEN,number,none,FULL_LIST
32024D2944,2024-11-28,2024,EN 1854:2022,CEN,number,none,FULL_LIST
32024D2944,2024-11-28,2024,EN 15502-1:2021,CEN,number,none,FULL_LIST
32024D2944,2024-11-28,2024,EN 15502-2-1:2022,CEN,number,none,FULL_LIST
32024D2944,2024-11-28,2024,EN 16898:2022,CEN,number,none,FULL_LIST
32024D2944,2024-11-28,2024,EN 30-1-1:2021+A1:2023,CEN,number,none,FULL_LIST
32024D2944,2024-11-28,2024,EN 30-1-2:2023+A1:2024,CEN,number,none,FULL_LIST
32024D2944,2024-11-28,2024,EN 88-1:2022+A1:2023,CEN,number,none,FULL_LIST
32024D2944,2024-11-28,2024,EN 203-1:2021+A1:2023,CEN,number,none,FULL_LIST
32024D2944,2024-11-28,2024,EN 203-2-1:2021+A1:2023,CEN,number,none,FULL_LIST
32024D2944,2024-11-28,2024,EN 203-2-2:2021+A1:2023,CEN,number,none,FULL_LIST
32024D2944,2024-11-28,2024,EN 203-2-4:2021+A1:2023,CEN,number,none,FULL_LIST
32024D2944,2024-11-28,2024,EN 257:2022+A1:2023,CEN,number,none,FULL_LIST
32024D2944,2024-11-28,2024,EN 549:2019+A2:2024,CEN,number,none,FULL_LIST
32024D2944,2024-11-28,2024,EN 751-3:2022+A1:2023,CEN,number,none,FULL_LIST
32024D2944,2024-11-28,2024,EN 1106:2022+A1:2023,CEN,number,none,FULL_LIST
32024D2944,2024-11-28,2024,EN 1854:2022+A1:2023,CEN,number,none,FULL_LIST
32024D2944,2024-11-28,2024,EN 15502-1:2021+A1:2023,CEN,number,none,FULL_LIST
32024D2944,2024-11-28,2024,EN 15502-2-1:2022+A1:2023,CEN,number,none,FULL_LIST
32024D2944,2024-11-28,2024,EN 16898:2022+A1:2023,CEN,number,none,FULL_LIST
32024D2944,2024-11-28,2024,EN 30-1-1:2021,CEN,number,none,FULL_LIST
32024D2944,2024-11-28,2024,EN 30-1-1:2021+A1:2023,CEN,number,none,FULL_LIST
32024D2944,2024-11-28,2024,EN 30-1-1:2021+A1:2023,CEN,number,none,FULL_LIST
32024D2944,2024-11-28,2024,EN 30-1-1:2021+A1:2023,CEN,number,none,FULL_LIST
32024D2944,2024-11-28,2024,EN 30-1-1:2021+A1:2023,CEN,number,none,FULL_LIST
32024D2944,2024-11-28,2024,EN 30-1-1:2021+A1:2023,CEN,number,none,FULL_LIST
32024D2944,2024-11-28,2024,EN 30-1-1:2021+A1:2023,CEN,number,none,FULL_LIST
32024D2944,2024-11-28,2024,EN 30-1-2:2023+A1:2024,CEN,number,none,FULL_LIST
32024D2944,2024-11-28,2024,EN 88-1:2022+A1:2023,CEN,number,none,FULL_LIST
32024D2944,2024-11-28,2024,EN 203-1:2021+A1:2023,CEN,number,none,FULL_LIST
32024D2944,2024-11-28,2024,EN 203-2-1:2021+A1:2023,CEN,number,none,FULL_LIST
32024D2944,2024-11-28,2024,EN 203-2-2:2021+A1:2023,CEN,number,none,FULL_LIST
32024D2944,2024-11-28,2024,EN 203-2-4:2021+A1:2023,CEN,number,none,FULL_LIST
32024D2944,2024-11-28,2024,EN 257:2022+A1:2023,CEN,number,none,FULL_LIST
32024D2944,2024-11-28,2024,EN 549:2019+A2:2024,CEN,number,none,FULL_LIST
32024D2944,2024-11-28,2024,EN 751-3:2022+A1:2023,CEN,number,none,FULL_LIST
32024D2944,2024-11-28,2024,EN 1106:2022+A1:2023,CEN,number,none,FULL_LIST
32024D2944,2024-11-28,2024,EN 1854:2022+A1:2023,CEN,number,none,FULL_LIST
32024D2944,2024-11-28,2024,EN 15502-1:2021+A1:2023,CEN,number,none,FULL_LIST
32024D2944,2024-11-28,2024,EN 15502-2-1:2022+A1:2023,CEN,number,none,FULL_LIST
32024D2944,2024-11-28,2024,EN 16898:2022+A1:2023,CEN,number,none,FULL_LIST
32025D0072,2025-01-15,2025,EN 60456:2016,IEC,inferred-60000,none,AMENDING
32025D0072,2025-01-15,2025,EN 60456:2016,IEC,inferred-60000,none,AMENDING
32025D0072,2025-01-15,2025,EN 60456:2016,IEC,inferred-60000,none,AMENDING
32025D0072,2025-01-15,2025,EN 60456:2016,IEC,inferred-60000,none,AMENDING
32025D0072,2025-01-15,2025,EN 60456:2016,IEC,inferred-60000,none,AMENDING
32025D0072,2025-01-15,2025,EN 60456:2016,IEC,inferred-60000,none,AMENDING
32025D0072,2025-01-15,2025,EN 60456:2016,IEC,inferred-60000,none,AMENDING
32025D0072,2025-01-15,2025,EN 60456:2016,IEC,inferred-60000,none,AMENDING
32025D0072,2025-01-15,2025,EN 60456:2016,IEC,inferred-60000,none,AMENDING
32025D0072,2025-01-15,2025,EN 60456:2016,IEC,inferred-60000,none,AMENDING
32025D0072,2025-01-15,2025,EN 60456:2016,IEC,inferred-60000,none,AMENDING
32025D0072,2025-01-15,2025,EN 60456:2016,IEC,inferred-60000,none,AMENDING
32025D0072,2025-01-15,2025,EN 60456:2016,IEC,inferred-60000,none,AMENDING
32025D0072,2025-01-15,2025,EN 60456:2016,IEC,inferred-60000,addition,AMENDING
32025D0072,2025-01-15,2025,EN 60456:2016,IEC,inferred-60000,addition,AMENDING
32025D0072,2025-01-15,2025,EN 60456:2016,IEC,inferred-60000,addition,AMENDING
32025D0072,2025-01-15,2025,EN 60456:2016,IEC,inferred-60000,addition,AMENDING
32025D0072,2025-01-15,2025,EN 60456:2016,IEC,inferred-60000,addition,AMENDING
32025D0072,2025-01-15,2025,EN 60456:2016,IEC,inferred-60000,addition,AMENDING
32025D0138,2025-01-28,2025,EN 18031-1:2024,CEN,number,none,AMENDING
32025D0138,2025-01-28,2025,EN 18031-2:2024,CEN,number,none,AMENDING
32025D0138,2025-01-28,2025,EN 18031-3:2024,CEN,number,none,AMENDING
32025D0138,2025-01-28,2025,EN 18031-1:2024,CEN,number,none,AMENDING
32025D0138,2025-01-28,2025,EN 18031-2:2024,CEN,number,none,AMENDING
32025D0138,2025-01-28,2025,EN 18031-3:2024,CEN,number,none,AMENDING
32025D0138,2025-01-28,2025,EN 18031-1:2024,CEN,number,none,AMENDING
32025D0138,2025-01-28,2025,EN 18031-2:2024,CEN,number,none,AMENDING
32025D0138,2025-01-28,2025,EN 18031-3:2024,CEN,number,none,AMENDING
32025D0138,2025-01-28,2025,EN 18031-2:2024,CEN,number,none,AMENDING
32025D0138,2025-01-28,2025,EN 18031-3:2024,CEN,number,none,AMENDING
32025D0138,2025-01-28,2025,EN 18031-1:2024,CEN,number,none,AMENDING
32025D0138,2025-01-28,2025,EN 18031-2:2024,CEN,number,none,AMENDING
32025D0138,2025-01-28,2025,EN 18031-3:2024,CEN,number,none,AMENDING
32025D0138,2025-01-28,2025,EN 18031-1:2024,CEN,number,none,AMENDING
32025D0138,2025-01-28,2025,EN 18031-2:2024,CEN,number,none,AMENDING
32025D0138,2025-01-28,2025,EN 18031-3:2024,CEN,number,none,AMENDING
32025D0138,2025-01-28,2025,EN 18031-1:2024,CEN,number,addition,AMENDING
32025D0138,2025-01-28,2025,EN 18031-2:2024,CEN,number,addition,AMENDING
32025D0138,2025-01-28,2025,EN 18031-3:2024,CEN,number,addition,AMENDING
32025D0165,2025-01-30,2025,EN 19:2016,CEN,number,none,FULL_LIST
32025D0165,2025-01-30,2025,EN 19:2023,CEN,number,none,FULL_LIST
32025D0165,2025-01-30,2025,EN 12952-3:2011,CEN,number,none,FULL_LIST
32025D0165,2025-01-30,2025,EN 12952-8:2002,CEN,number,none,FULL_LIST
32025D0165,2025-01-30,2025,EN 12952-9:2002,CEN,number,none,FULL_LIST
32025D0165,2025-01-30,2025,EN 12952-16:2002,CEN,number,none,FULL_LIST
32025D0165,2025-01-30,2025,EN 12952-3:2022,CEN,number,none,FULL_LIST
32025D0165,2025-01-30,2025,EN 12952-8:2022,CEN,number,none,FULL_LIST
32025D0165,2025-01-30,2025,EN 12952-9:2022,CEN,number,none,FULL_LIST
32025D0165,2025-01-30,2025,EN 12952-16:2022,CEN,number,none,FULL_LIST
32025D0165,2025-01-30,2025,EN 15001-1:2009,CEN,number,none,FULL_LIST
32025D0165,2025-01-30,2025,EN 15001-1:2023,CEN,number,none,FULL_LIST
32025D0165,2025-01-30,2025,EN 15776:2011+A1:2015,CEN,number,none,FULL_LIST
32025D0165,2025-01-30,2025,EN 15776:2022,CEN,number,none,FULL_LIST
32025D0165,2025-01-30,2025,EN 13445-2:2021,CEN,number,none,FULL_LIST
32025D0165,2025-01-30,2025,EN 13445-4:2021,CEN,number,none,FULL_LIST
32025D0165,2025-01-30,2025,EN 13445-2:2021+A1:2023,CEN,number,none,FULL_LIST
32025D0165,2025-01-30,2025,EN 13445-4:2021+A1:2023,CEN,number,none,FULL_LIST
32025D0165,2025-01-30,2025,EN 13480-3:2017,CEN,number,none,FULL_LIST
32025D0165,2025-01-30,2025,EN 13799:2022,CEN,number,none,FULL_LIST
32025D0165,2025-01-30,2025,EN 12261:2024,CEN,number,none,FULL_LIST
32025D0165,2025-01-30,2025,EN 19:2016,CEN,number,none,FULL_LIST
32025D0165,2025-01-30,2025,EN 12952-3:2011,CEN,number,none,FULL_LIST
32025D0165,2025-01-30,2025,EN 12952-8:2002,CEN,number,none,FULL_LIST
32025D0165,2025-01-30,2025,EN 12952-9:2002,CEN,number,none,FULL_LIST
32025D0165,2025-01-30,2025,EN 12952-16:2002,CEN,number,none,FULL_LIST
32025D0165,2025-01-30,2025,EN 15001-1:2009,CEN,number,none,FULL_LIST
32025D0165,2025-01-30,2025,EN 15776:2011+A1:2015,CEN,number,none,FULL_LIST
32025D0165,2025-01-30,2025,EN 13445-2:2021,CEN,number,none,FULL_LIST
32025D0165,2025-01-30,2025,EN 13445-4:2021,CEN,number,none,FULL_LIST
32025D0165,2025-01-30,2025,EN 13480-3:2017,CEN,number,none,FULL_LIST
32025D0165,2025-01-30,2025,EN 19:2016,CEN,number,none,FULL_LIST
32025D0165,2025-01-30,2025,EN 12952-3:2011,CEN,number,none,FULL_LIST
32025D0165,2025-01-30,2025,EN 12952-8:2002,CEN,number,none,FULL_LIST
32025D0165,2025-01-30,2025,EN 12952-9:2002,CEN,number,none,FULL_LIST
32025D0165,2025-01-30,2025,EN 12952-16:2002,CEN,number,none,FULL_LIST
32025D0165,2025-01-30,2025,EN 15001-1:2009,CEN,number,none,FULL_LIST
32025D0165,2025-01-30,2025,EN 15776:2011+A1:2015,CEN,number,none,FULL_LIST
32025D0165,2025-01-30,2025,EN 13445-2:2021,CEN,number,none,FULL_LIST
32025D0165,2025-01-30,2025,EN 13445-4:2021,CEN,number,none,FULL_LIST
32025D0165,2025-01-30,2025,EN 13480-3:2017,CEN,number,none,FULL_LIST
32025D0165,2025-01-30,2025,EN 19:2023,CEN,number,none,FULL_LIST
32025D0165,2025-01-30,2025,EN 267:2009+A1:2011,CEN,number,none,FULL_LIST
32025D0165,2025-01-30,2025,EN 334:2005+A1:2009,CEN,number,none,FULL_LIST
32025D0165,2025-01-30,2025,EN 378-2:2016,CEN,number,none,FULL_LIST
32025D0165,2025-01-30,2025,EN 593:2017,CEN,number,none,FULL_LIST
32025D0165,2025-01-30,2025,EN 676:2003+A2:2008,CEN,number,none,FULL_LIST
32025D0165,2025-01-30,2025,EN 676:2003+A2:2008,CEN,number,none,FULL_LIST
32025D0165,2025-01-30,2025,EN 764-4:2014,CEN,number,none,FULL_LIST
32025D0165,2025-01-30,2025,EN 764-5:2014,CEN,number,none,FULL_LIST
32025D0165,2025-01-30,2025,EN 764-7:2002,CEN,number,none,FULL_LIST
32025D0165,2025-01-30,2025,EN 764-7:2002,CEN,number,none,FULL_LIST
32025D0165,2025-01-30,2025,EN 1057:2006+A1:2010,CEN,number,none,FULL_LIST
32025D0165,2025-01-30,2025,EN 1092-1:2018,CEN,number,none,FULL_LIST
32025D0165,2025-01-30,2025,EN 1092-3:2003,CEN,number,none,FULL_LIST
32025D0165,2025-01-30,2025,EN 1092-3:2003,CEN,number,none,FULL_LIST
32025D0165,2025-01-30,2025,EN 1092-4:2002,CEN,number,none,FULL_LIST
32025D0165,2025-01-30,2025,EN 1171:2015,CEN,number,none,FULL_LIST
32025D0165,2025-01-30,2025,EN 1349:2009,CEN,number,none,FULL_LIST
32025D0165,2025-01-30,2025,EN 1515-4:2021,CEN,number,none,FULL_LIST
32025D0165,2025-01-30,2025,EN 1562:2019,CEN,number,none,FULL_LIST
32025D0165,2025-01-30,2025,EN 1563:2018,CEN,number,none,FULL_LIST
32025D0165,2025-01-30,2025,EN 1564:2011,CEN,number,none,FULL_LIST
32025D0165,2025-01-30,2025,EN 1591-1:2013,CEN,number,none,FULL_LIST
32025D0165,2025-01-30,2025,EN 1626:2008,CEN,number,none,FULL_LIST
32025D0165,2025-01-30,2025,EN 1653:1997,CEN,number,none,FULL_LIST
32025D0165,2025-01-30,2025,EN 1653:1997,CEN,number,none,FULL_LIST
32025D0165,2025-01-30,2025,EN 1759-3:2003,CEN,number,none,FULL_LIST
32025D0165,2025-01-30,2025,EN 1759-3:2003,CEN,number,none,FULL_LIST
32025D0165,2025-01-30,2025,EN 1759-4:2003,CEN,number,none,FULL_LIST
32025D0165,2025-01-30,2025,EN 1797:2001,CEN,number,none,FULL_LIST
32025D0165,2025-01-30,2025,EN 1866-2:2014,CEN,number,none,FULL_LIST
32025D0165,2025-01-30,2025,EN 1866-3:2013,CEN,number,none,FULL_LIST
32025D0165,2025-01-30,2025,EN 1983:2013,CEN,number,none,FULL_LIST
32025D0165,2025-01-30,2025,EN 1984:2010,CEN,number,none,FULL_LIST
32025D0165,2025-01-30,2025,EN ISO 4126-1:2013,ISO,explicit,none,FULL_LIST
32025D0165,2025-01-30,2025,EN ISO 4126-1:2013,ISO,explicit,none,FULL_LIST
32025D0165,2025-01-30,2025,EN ISO 4126-2:2019,ISO,explicit,none,FULL_LIST
32025D0165,2025-01-30,2025,EN ISO 4126-3:2020,ISO,explicit,none,FULL_LIST
32025D0165,2025-01-30,2025,EN ISO 4126-4:2013,ISO,explicit,none,FULL_LIST
32025D0165,2025-01-30,2025,EN ISO 4126-5:2013,ISO,explicit,none,FULL_LIST
32025D0165,2025-01-30,2025,EN ISO 4126-7:2013,ISO,explicit,none,FULL_LIST
32025D0165,2025-01-30,2025,EN ISO 9606-1:2017,ISO,explicit,none,FULL_LIST
32025D0165,2025-01-30,2025,EN ISO 9606-2:2004,ISO,explicit,none,FULL_LIST
32025D0165,2025-01-30,2025,EN ISO 9606-3:1999,ISO,explicit,none,FULL_LIST
32025D0165,2025-01-30,2025,EN ISO 9606-4:1999,ISO,explicit,none,FULL_LIST
32025D0165,2025-01-30,2025,EN ISO 9606-5:2000,ISO,explicit,none,FULL_LIST
32025D0165,2025-01-30,2025,EN ISO 9712:2022,ISO,explicit,none,FULL_LIST
32025D0165,2025-01-30,2025,EN 10028-1:2017,CEN,number,none,FULL_LIST
32025D0165,2025-01-30,2025,EN 10028-2:2017,CEN,number,none,FULL_LIST
32025D0165,2025-01-30,2025,EN 10028-3:2017,CEN,number,none,FULL_LIST
32025D0165,2025-01-30,2025,EN 10028-4:2017,CEN,number,none,FULL_LIST
32025D0165,2025-01-30,2025,EN 10028-5:2017,CEN,number,none,FULL_LIST
32025D0165,2025-01-30,2025,EN 10028-6:2017,CEN,number,none,FULL_LIST
32025D0165,2025-01-30,2025,EN 10028-7:2016,CEN,number,none,FULL_LIST
32025D0165,2025-01-30,2025,EN 10204:2004,CEN,number,none,FULL_LIST
32025D0165,2025-01-30,2025,EN 10213:2007+A1:2016,CEN,number,none,FULL_LIST
32025D0165,2025-01-30,2025,EN 10216-1:2013,CEN,number,none,FULL_LIST
32025D0165,2025-01-30,2025,EN 10216-2:2013,CEN,number,none,FULL_LIST
32025D0165,2025-01-30,2025,EN 10216-3:2013,CEN,number,none,FULL_LIST
32025D0165,2025-01-30,2025,EN 10216-4:2013,CEN,number,none,FULL_LIST
32025D0165,2025-01-30,2025,EN 10216-5:2021,CEN,number,none,FULL_LIST
32025D0165,2025-01-30,2025,EN 10217-1:2019,CEN,number,none,FULL_LIST
32025D0165,2025-01-30,2025,EN 10217-2:2019,CEN,number,none,FULL_LIST
32025D0165,2025-01-30,2025,EN 10217-3:2019,CEN,number,none,FULL_LIST
32025D0165,2025-01-30,2025,EN 10217-4:2019,CEN,number,none,FULL_LIST
32025D0165,2025-01-30,2025,EN 10217-5:2019,CEN,number,none,FULL_LIST
32025D0165,2025-01-30,2025,EN 10217-6:2019,CEN,number,none,FULL_LIST
32025D0165,2025-01-30,2025,EN 10217-7:2021,CEN,number,none,FULL_LIST
32025D0165,2025-01-30,2025,EN 10222-1:2017,CEN,number,none,FULL_LIST
32025D0165,2025-01-30,2025,EN 10222-2:2017+A1:2021,CEN,number,none,FULL_LIST
32025D0165,2025-01-30,2025,EN 10222-3:2017,CEN,number,none,FULL_LIST
32025D0165,2025-01-30,2025,EN 10222-4:2017+A1:2021,CEN,number,none,FULL_LIST
32025D0165,2025-01-30,2025,EN 10222-5:2017,CEN,number,none,FULL_LIST
32025D0165,2025-01-30,2025,EN 10253-2:2021,CEN,number,none,FULL_LIST
32025D0165,2025-01-30,2025,EN 10253-4:2008,CEN,number,none,FULL_LIST
32025D0165,2025-01-30,2025,EN 10253-4:2008,CEN,number,none,FULL_LIST
32025D0165,2025-01-30,2025,EN 10269:2013,CEN,number,none,FULL_LIST
32025D0165,2025-01-30,2025,EN 10272:2016,CEN,number,none,FULL_LIST
32025D0165,2025-01-30,2025,EN 10273:2016,CEN,number,none,FULL_LIST
32025D0165,2025-01-30,2025,EN 10305-4:2016,CEN,number,none,FULL_LIST
32025D0165,2025-01-30,2025,EN 10305-6:2016,CEN,number,none,FULL_LIST
32025D0165,2025-01-30,2025,EN ISO 10931:2005,ISO,explicit,none,FULL_LIST
32025D0165,2025-01-30,2025,EN ISO 10931:2005,ISO,explicit,none,FULL_LIST
32025D0165,2025-01-30,2025,EN 12178:2016,CEN,number,none,FULL_LIST
32025D0165,2025-01-30,2025,EN 12263:1998,CEN,number,none,FULL_LIST
32025D0165,2025-01-30,2025,EN 12261:2024,CEN,number,none,FULL_LIST
32025D0165,2025-01-30,2025,EN 12266-1:2012,CEN,number,none,FULL_LIST
32025D0165,2025-01-30,2025,EN 12288:2010,CEN,number,none,FULL_LIST
32025D0165,2025-01-30,2025,EN 12392:2016,CEN,number,none,FULL_LIST
32025D0165,2025-01-30,2025,EN 12420:2014,CEN,number,none,FULL_LIST
32025D0165,2025-01-30,2025,EN 12434:2000,CEN,number,none,FULL_LIST
32025D0165,2025-01-30,2025,EN 12434:2000,CEN,number,none,FULL_LIST
32025D0165,2025-01-30,2025,EN 12451:2012,CEN,number,none,FULL_LIST
32025D0165,2025-01-30,2025,EN 12452:2012,CEN,number,none,FULL_LIST
32025D0165,2025-01-30,2025,EN 12516-1:2014+A1:2018,CEN,number,none,FULL_LIST
32025D0165,2025-01-30,2025,EN 12516-2:2014+A1:2021,CEN,number,none,FULL_LIST
32025D0165,2025-01-30,2025,EN 12516-3:2002,CEN,number,none,FULL_LIST
32025D0165,2025-01-30,2025,EN 12516-3:2002,CEN,number,none,FULL_LIST
32025D0165,2025-01-30,2025,EN 12516-4:2014+A1:2018,CEN,number,none,FULL_LIST
32025D0165,2025-01-30,2025,EN 12542:2020,CEN,number,none,FULL_LIST
32025D0165,2025-01-30,2025,EN 12735-1:2020,CEN,number,none,FULL_LIST
32025D0165,2025-01-30,2025,EN 12735-2:2016,CEN,number,none,FULL_LIST
32025D0165,2025-01-30,2025,EN 12778:2002,CEN,number,none,FULL_LIST
32025D0165,2025-01-30,2025,EN 12778:2002,CEN,number,none,FULL_LIST
32025D0165,2025-01-30,2025,EN 12778:2002,CEN,number,none,FULL_LIST
32025D0165,2025-01-30,2025,EN 12952-1:2015,CEN,number,none,FULL_LIST
32025D0165,2025-01-30,2025,EN 12952-2:2021,CEN,number,none,FULL_LIST
32025D0165,2025-01-30,2025,EN 12952-3:2022,CEN,number,none,FULL_LIST
32025D0165,2025-01-30,2025,EN 12952-5:2021,CEN,number,none,FULL_LIST
32025D0165,2025-01-30,2025,EN 12952-6:2021,CEN,number,none,FULL_LIST
32025D0165,2025-01-30,2025,EN 12952-7:2012,CEN,number,none,FULL_LIST
32025D0165,2025-01-30,2025,EN 12952-8:2022,CEN,number,none,FULL_LIST
32025D0165,2025-01-30,2025,EN 12952-9:2022,CEN,number,none,FULL_LIST
32025D0165,2025-01-30,2025,EN 12952-10:2021,CEN,number,none,FULL_LIST
32025D0165,2025-01-30,2025,EN 12952-11:2007,CEN,number,none,FULL_LIST
32025D0165,2025-01-30,2025,EN 12952-14:2004,CEN,number,none,FULL_LIST
32025D0165,2025-01-30,2025,EN 12952-16:2022,CEN,number,none,FULL_LIST
32025D0165,2025-01-30,2025,EN 12952-18:2012,CEN,number,none,FULL_LIST
32025D0165,2025-01-30,2025,EN 12953-1:2012,CEN,number,none,FULL_LIST
32025D0165,2025-01-30,2025,EN 12953-2:2012,CEN,number,none,FULL_LIST
32025D0165,2025-01-30,2025,EN 12953-3:2016,CEN,number,none,FULL_LIST
32025D0165,2025-01-30,2025,EN 12953-4:2018,CEN,number,none,FULL_LIST
32025D0165,2025-01-30,2025,EN 12953-5:2020,CEN,number,none,FULL_LIST
32025D0165,2025-01-30,2025,EN 12953-6:2011,CEN,number,none,FULL_LIST
32025D0165,2025-01-30,2025,EN 12953-7:2002,CEN,number,none,FULL_LIST
32025D0165,2025-01-30,2025,EN 12953-8:2001,CEN,number,none,FULL_LIST
32025D0165,2025-01-30,2025,EN 12953-8:2001,CEN,number,none,FULL_LIST
32025D0165,2025-01-30,2025,EN 12953-9:2007,CEN,number,none,FULL_LIST
32025D0165,2025-01-30,2025,EN 12953-12:2003,CEN,number,none,FULL_LIST
32025D0165,2025-01-30,2025,EN 12953-13:2012,CEN,number,none,FULL_LIST
32025D0165,2025-01-30,2025,EN 13121-1:2021,CEN,number,none,FULL_LIST
32025D0165,2025-01-30,2025,EN 13121-2:2003,CEN,number,none,FULL_LIST
32025D0165,2025-01-30,2025,EN 13121-3:2016,CEN,number,none,FULL_LIST
32025D0165,2025-01-30,2025,EN 13134:2000,CEN,number,none,FULL_LIST
32025D0165,2025-01-30,2025,EN 13136:2013+A1:2018,CEN,number,none,FULL_LIST
32025D0165,2025-01-30,2025,EN 13175:2019+A1:2020,CEN,number,none,FULL_LIST
32025D0165,2025-01-30,2025,EN 13348:2016,CEN,number,none,FULL_LIST
32025D0165,2025-01-30,2025,EN 13371:2001,CEN,number,none,FULL_LIST
32025D0165,2025-01-30,2025,EN 13397:2001,CEN,number,none,FULL_LIST
32025D0165,2025-01-30,2025,EN 13445-1:2021,CEN,number,none,FULL_LIST
32025D0165,2025-01-30,2025,EN 13445-2:2021+A1:2023,CEN,number,none,FULL_LIST
32025D0165,2025-01-30,2025,EN 13445-3:2021,CEN,number,none,FULL_LIST
32025D0165,2025-01-30,2025,EN 13445-4:2021+A1:2023,CEN,number,none,FULL_LIST
32025D0165,2025-01-30,2025,EN 13445-5:2021,CEN,number,none,FULL_LIST
32025D0165,2025-01-30,2025,EN 13445-6:2021,CEN,number,none,FULL_LIST
32025D0165,2025-01-30,2025,EN 13445-8:2021,CEN,number,none,FULL_LIST
32025D0165,2025-01-30,2025,EN 13445-10:2021,CEN,number,none,FULL_LIST
32025D0165,2025-01-30,2025,EN 13458-1:2002,CEN,number,none,FULL_LIST
32025D0165,2025-01-30,2025,EN 13458-2:2002,CEN,number,none,FULL_LIST
32025D0165,2025-01-30,2025,EN 13458-2:2002,CEN,number,none,FULL_LIST
32025D0165,2025-01-30,2025,EN 13480-1:2017,CEN,number,none,FULL_LIST
32025D0165,2025-01-30,2025,EN 13480-1:2017,CEN,number,none,FULL_LIST
32025D0165,2025-01-30,2025,EN 13480-2:2017,CEN,number,none,FULL_LIST
32025D0165,2025-01-30,2025,EN 13480-2:2017,CEN,number,none,FULL_LIST
32025D0165,2025-01-30,2025,EN 13480-2:2017,CEN,number,none,FULL_LIST
32025D0165,2025-01-30,2025,EN 13480-2:2017,CEN,number,none,FULL_LIST
32025D0165,2025-01-30,2025,EN 13480-2:2017,CEN,number,none,FULL_LIST
32025D0165,2025-01-30,2025,EN 13480-2:2017,CEN,number,none,FULL_LIST
32025D0165,2025-01-30,2025,EN 13480-3:2017,CEN,number,none,FULL_LIST
32025D0165,2025-01-30,2025,EN 13480-3:2017,CEN,number,none,FULL_LIST
32025D0165,2025-01-30,2025,EN 13480-3:2017,CEN,number,none,FULL_LIST
32025D0165,2025-01-30,2025,EN 13480-3:2017,CEN,number,none,FULL_LIST
32025D0165,2025-01-30,2025,EN 13480-3:2017,CEN,number,none,FULL_LIST
32025D0165,2025-01-30,2025,EN 13480-3:2017,CEN,number,none,FULL_LIST
32025D0165,2025-01-30,2025,EN 13480-4:2012,CEN,number,none,FULL_LIST
32025D0165,2025-01-30,2025,EN 13480-4:2012,CEN,number,none,FULL_LIST
32025D0165,2025-01-30,2025,EN 13480-4:2012,CEN,number,none,FULL_LIST
32025D0165,2025-01-30,2025,EN 13480-5:2017,CEN,number,none,FULL_LIST
32025D0165,2025-01-30,2025,EN 13480-5:2017,CEN,number,none,FULL_LIST
32025D0165,2025-01-30,2025,EN 13480-5:2017,CEN,number,none,FULL_LIST
32025D0165,2025-01-30,2025,EN 13480-6:2017,CEN,number,none,FULL_LIST
32025D0165,2025-01-30,2025,EN 13480-6:2017,CEN,number,none,FULL_LIST
32025D0165,2025-01-30,2025,EN 13480-8:2017,CEN,number,none,FULL_LIST
32025D0165,2025-01-30,2025,EN 13547:2013,CEN,number,none,FULL_LIST
32025D0165,2025-01-30,2025,EN ISO 13585:2012,ISO,explicit,none,FULL_LIST
32025D0165,2025-01-30,2025,EN 13648-1:2008,CEN,number,none,FULL_LIST
32025D0165,2025-01-30,2025,EN 13648-2:2002,CEN,number,none,FULL_LIST
32025D0165,2025-01-30,2025,EN 13709:2010,CEN,number,none,FULL_LIST
32025D0165,2025-01-30,2025,EN 13789:2010,CEN,number,none,FULL_LIST
32025D0165,2025-01-30,2025,EN 13799:2022,CEN,number,none,FULL_LIST
32025D0165,2025-01-30,2025,EN 13831:2007,CEN,number,none,FULL_LIST
32025D0165,2025-01-30,2025,EN 13835:2012,CEN,number,none,FULL_LIST
32025D0165,2025-01-30,2025,EN 13923:2005,CEN,number,none,FULL_LIST
32025D0165,2025-01-30,2025,EN 14129:2014,CEN,number,none,FULL_LIST
32025D0165,2025-01-30,2025,EN 14197-1:2003,CEN,number,none,FULL_LIST
32025D0165,2025-01-30,2025,EN 14197-2:2003,CEN,number,none,FULL_LIST
32025D0165,2025-01-30,2025,EN 14197-2:2003,CEN,number,none,FULL_LIST
32025D0165,2025-01-30,2025,EN 14197-2:2003,CEN,number,none,FULL_LIST
32025D0165,2025-01-30,2025,EN 14197-3:2004,CEN,number,none,FULL_LIST
32025D0165,2025-01-30,2025,EN 14197-3:2004,CEN,number,none,FULL_LIST
32025D0165,2025-01-30,2025,EN 14197-3:2004,CEN,number,none,FULL_LIST
32025D0165,2025-01-30,2025,EN 14222:2021,CEN,number,none,FULL_LIST
32025D0165,2025-01-30,2025,EN 14276-1:2020,CEN,number,none,FULL_LIST
32025D0165,2025-01-30,2025,EN 14276-2:2020,CEN,number,none,FULL_LIST
32025D0165,2025-01-30,2025,EN 14359:2006+A1:2010,CEN,number,none,FULL_LIST
32025D0165,2025-01-30,2025,EN 14382:2005+A1:2009,CEN,number,none,FULL_LIST
32025D0165,2025-01-30,2025,EN 14382:2005+A1:2009,CEN,number,none,FULL_LIST
32025D0165,2025-01-30,2025,EN 14394:2005+A1:2008,CEN,number,none,FULL_LIST
32025D0165,2025-01-30,2025,EN 14570:2014,CEN,number,none,FULL_LIST
32025D0165,2025-01-30,2025,EN 14585-1:2006,CEN,number,none,FULL_LIST
32025D0165,2025-01-30,2025,EN 14917:2021,CEN,number,none,FULL_LIST
32025D0165,2025-01-30,2025,EN 15001-1:2023,CEN,number,none,FULL_LIST
32025D0165,2025-01-30,2025,EN ISO 15493:2003,ISO,explicit,none,FULL_LIST
32025D0165,2025-01-30,2025,EN ISO 15493:2003,ISO,explicit,none,FULL_LIST
32025D0165,2025-01-30,2025,EN ISO 15494:2018,ISO,explicit,none,FULL_LIST
32025D0165,2025-01-30,2025,EN ISO 15613:2004,ISO,explicit,none,FULL_LIST
32025D0165,2025-01-30,2025,EN ISO 15614-1:2004,ISO,explicit,none,FULL_LIST
32025D0165,2025-01-30,2025,EN ISO 15614-1:2004,ISO,explicit,none,FULL_LIST
32025D0165,2025-01-30,2025,EN ISO 15614-1:2004,ISO,explicit,none,FULL_LIST
32025D0165,2025-01-30,2025,EN ISO 15614-2:2005,ISO,explicit,none,FULL_LIST
32025D0165,2025-01-30,2025,EN ISO 15614-2:2005,ISO,explicit,none,FULL_LIST
32025D0165,2025-01-30,2025,EN ISO 15614-4:2005,ISO,explicit,none,FULL_LIST
32025D0165,2025-01-30,2025,EN ISO 15614-4:2005,ISO,explicit,none,FULL_LIST
32025D0165,2025-01-30,2025,EN ISO 15614-5:2004,ISO,explicit,none,FULL_LIST
32025D0165,2025-01-30,2025,EN ISO 15614-6:2006,ISO,explicit,none,FULL_LIST
32025D0165,2025-01-30,2025,EN ISO 15614-7:2007,ISO,explicit,none,FULL_LIST
32025D0165,2025-01-30,2025,EN ISO 15614-8:2016,ISO,explicit,none,FULL_LIST
32025D0165,2025-01-30,2025,EN ISO 15614-11:2002,ISO,explicit,none,FULL_LIST
32025D0165,2025-01-30,2025,EN ISO 15620:2019,ISO,explicit,none,FULL_LIST
32025D0165,2025-01-30,2025,EN 15776:2022,CEN,number,none,FULL_LIST
32025D0165,2025-01-30,2025,EN ISO 16135:2006,ISO,explicit,none,FULL_LIST
32025D0165,2025-01-30,2025,EN ISO 16135:2006,ISO,explicit,none,FULL_LIST
32025D0165,2025-01-30,2025,EN ISO 16136:2006,ISO,explicit,none,FULL_LIST
32025D0165,2025-01-30,2025,EN ISO 16136:2006,ISO,explicit,none,FULL_LIST
32025D0165,2025-01-30,2025,EN ISO 16137:2006,ISO,explicit,none,FULL_LIST
32025D0165,2025-01-30,2025,EN ISO 16137:2006,ISO,explicit,none,FULL_LIST
32025D0165,2025-01-30,2025,EN ISO 16138:2006,ISO,explicit,none,FULL_LIST
32025D0165,2025-01-30,2025,EN ISO 16138:2006,ISO,explicit,none,FULL_LIST
32025D0165,2025-01-30,2025,EN ISO 16139:2006,ISO,explicit,none,FULL_LIST
32025D0165,2025-01-30,2025,EN ISO 16139:2006,ISO,explicit,none,FULL_LIST
32025D0165,2025-01-30,2025,EN 16668:2016+A1:2018,CEN,number,none,FULL_LIST
32025D0165,2025-01-30,2025,EN 16767:2020,CEN,number,none,FULL_LIST
32025D0165,2025-01-30,2025,EN 17278:2021,CEN,number,none,FULL_LIST
32025D0165,2025-01-30,2025,EN ISO 21009-2:2015,ISO,explicit,none,FULL_LIST
32025D0165,2025-01-30,2025,EN ISO 21013-3:2016,ISO,explicit,none,FULL_LIST
32025D0165,2025-01-30,2025,EN ISO 21028-1:2016,ISO,explicit,none,FULL_LIST
32025D0165,2025-01-30,2025,EN ISO 21028-2:2018,ISO,explicit,none,FULL_LIST
32025D0165,2025-01-30,2025,EN ISO 21787:2006,ISO,explicit,none,FULL_LIST
32025D0165,2025-01-30,2025,EN ISO 21787:2006,ISO,explicit,none,FULL_LIST
32025D0165,2025-01-30,2025,EN ISO 21922:2021,ISO,explicit,none,FULL_LIST
32025D0165,2025-01-30,2025,EN 19:2016,CEN,number,none,FULL_LIST
32025D0165,2025-01-30,2025,EN 12952-3:2011,CEN,number,none,FULL_LIST
32025D0165,2025-01-30,2025,EN 12952-8:2002,CEN,number,none,FULL_LIST
32025D0165,2025-01-30,2025,EN 12952-9:2002,CEN,number,none,FULL_LIST
32025D0165,2025-01-30,2025,EN 12952-16:2002,CEN,number,none,FULL_LIST
32025D0165,2025-01-30,2025,EN 15001-1:2009,CEN,number,none,FULL_LIST
32025D0165,2025-01-30,2025,EN 15776:2011+A1:2015,CEN,number,none,FULL_LIST
32025D0165,2025-01-30,2025,EN 13445-2:2021,CEN,number,none,FULL_LIST
32025D0165,2025-01-30,2025,EN 13445-4:2021,CEN,number,none,FULL_LIST
32025D0165,2025-01-30,2025,EN 13480-3:2017,CEN,number,none,FULL_LIST
32025D0165,2025-01-30,2025,EN 13480-3:2017,CEN,number,none,FULL_LIST
32025D0165,2025-01-30,2025,EN 13480-3:2017,CEN,number,none,FULL_LIST
32025D0165,2025-01-30,2025,EN 13480-3:2017,CEN,number,none,FULL_LIST
32025D0165,2025-01-30,2025,EN 13480-3:2017,CEN,number,none,FULL_LIST
32025D0286,2025-02-13,2025,EN 352-6:2020,CEN,number,none,AMENDING
32025D0286,2025-02-13,2025,EN 352-8:2020,CEN,number,none,AMENDING
32025D0286,2025-02-13,2025,EN 352-9:2020,CEN,number,none,AMENDING
32025D0286,2025-02-13,2025,EN 352-10:2020,CEN,number,none,AMENDING
32025D0286,2025-02-13,2025,EN 813:2008,CEN,number,none,AMENDING
32025D0286,2025-02-13,2025,EN 352-6:2020+A1:2024,CEN,number,none,AMENDING
32025D0286,2025-02-13,2025,EN 352-8:2020+A1:2024,CEN,number,none,AMENDING
32025D0286,2025-02-13,2025,EN 352-9:2020+A1:2024,CEN,number,none,AMENDING
32025D0286,2025-02-13,2025,EN 352-10:2020+A1:2024,CEN,number,none,AMENDING
32025D0286,2025-02-13,2025,EN 813:2024,CEN,number,none,AMENDING
32025D0286,2025-02-13,2025,EN 352-6:2020+A1:2024,CEN,number,none,AMENDING
32025D0286,2025-02-13,2025,EN 352-8:2020+A1:2024,CEN,number,none,AMENDING
32025D0286,2025-02-13,2025,EN 352-9:2020+A1:2024,CEN,number,none,AMENDING
32025D0286,2025-02-13,2025,EN 352-10:2020+A1:2024,CEN,number,none,AMENDING
32025D0286,2025-02-13,2025,EN 813:2024,CEN,number,none,AMENDING
32025D0286,2025-02-13,2025,EN 352-6:2020,CEN,number,none,AMENDING
32025D0286,2025-02-13,2025,EN 352-8:2020,CEN,number,none,AMENDING
32025D0286,2025-02-13,2025,EN 352-9:2020,CEN,number,none,AMENDING
32025D0286,2025-02-13,2025,EN 352-10:2020,CEN,number,none,AMENDING
32025D0286,2025-02-13,2025,EN 813:2008,CEN,number,none,AMENDING
32025D0286,2025-02-13,2025,EN 175:1997,CEN,number,none,AMENDING
32025D0286,2025-02-13,2025,EN ISO 16321-2:2021,ISO,explicit,withdrawal,AMENDING
32025D0286,2025-02-13,2025,EN 175:1997,CEN,number,withdrawal,AMENDING
32025D0286,2025-02-13,2025,EN 352-6:2020,CEN,number,withdrawal,AMENDING
32025D0286,2025-02-13,2025,EN 352-8:2020,CEN,number,withdrawal,AMENDING
32025D0286,2025-02-13,2025,EN 352-9:2020,CEN,number,withdrawal,AMENDING
32025D0286,2025-02-13,2025,EN 352-10:2020,CEN,number,withdrawal,AMENDING
32025D0286,2025-02-13,2025,EN 813:2008,CEN,number,withdrawal,AMENDING
32025D0286,2025-02-13,2025,EN 352-6:2020+A1:2024,CEN,number,addition,AMENDING
32025D0286,2025-02-13,2025,EN 352-8:2020+A1:2024,CEN,number,addition,AMENDING
32025D0286,2025-02-13,2025,EN 352-9:2020+A1:2024,CEN,number,addition,AMENDING
32025D0286,2025-02-13,2025,EN 352-10:2020+A1:2024,CEN,number,addition,AMENDING
32025D0286,2025-02-13,2025,EN 813:2024,CEN,number,addition,AMENDING
32025D0337,2025-02-20,2025,EN 15947-1:2015,CEN,number,none,FULL_LIST
32025D0337,2025-02-20,2025,EN 15947-2:2015,CEN,number,none,FULL_LIST
32025D0337,2025-02-20,2025,EN 15947-3:2015,CEN,number,none,FULL_LIST
32025D0337,2025-02-20,2025,EN 15947-4:2015,CEN,number,none,FULL_LIST
32025D0337,2025-02-20,2025,EN 15947-5:2015,CEN,number,none,FULL_LIST
32025D0337,2025-02-20,2025,EN 15947:2022,CEN,number,none,FULL_LIST
32025D0337,2025-02-20,2025,EN 15947:2015,CEN,number,none,FULL_LIST
32025D0337,2025-02-20,2025,EN 15947:2022,CEN,number,none,FULL_LIST
32025D0337,2025-02-20,2025,EN 15947-2:2022,CEN,number,none,FULL_LIST
32025D0337,2025-02-20,2025,EN 15947-3:2022,CEN,number,none,FULL_LIST
32025D0337,2025-02-20,2025,EN 15947-4:2022,CEN,number,none,FULL_LIST
32025D0337,2025-02-20,2025,EN 15947-5:2022,CEN,number,none,FULL_LIST
32025D0337,2025-02-20,2025,EN 15947-2:2022,CEN,number,none,FULL_LIST
32025D0337,2025-02-20,2025,EN 15947-3:2022,CEN,number,none,FULL_LIST
32025D0337,2025-02-20,2025,EN 15947-4:2022,CEN,number,none,FULL_LIST
32025D0337,2025-02-20,2025,EN 15947-5:2022,CEN,number,none,FULL_LIST
32025D0337,2025-02-20,2025,EN 15947-2:2015,CEN,number,none,FULL_LIST
32025D0337,2025-02-20,2025,EN 15947-3:2015,CEN,number,none,FULL_LIST
32025D0337,2025-02-20,2025,EN 15947-4:2015,CEN,number,none,FULL_LIST
32025D0337,2025-02-20,2025,EN 15947-5:2015,CEN,number,none,FULL_LIST
32025D0337,2025-02-20,2025,EN 15947:2015,CEN,number,none,FULL_LIST
32025D0337,2025-02-20,2025,EN 15947:2022,CEN,number,none,FULL_LIST
32025D0337,2025-02-20,2025,EN ISO 14451-1:2013,ISO,explicit,none,FULL_LIST
32025D0337,2025-02-20,2025,EN 15947-1:2015,CEN,number,none,FULL_LIST
32025D0337,2025-02-20,2025,EN 16256-1:2012,CEN,number,none,FULL_LIST
32025D0337,2025-02-20,2025,EN 16261-1:2012,CEN,number,none,FULL_LIST
32025D0337,2025-02-20,2025,EN ISO 14451-2:2013,ISO,explicit,none,FULL_LIST
32025D0337,2025-02-20,2025,EN ISO 14451-3:2013,ISO,explicit,none,FULL_LIST
32025D0337,2025-02-20,2025,EN ISO 14451-4:2013,ISO,explicit,none,FULL_LIST
32025D0337,2025-02-20,2025,EN ISO 14451-5:2013,ISO,explicit,none,FULL_LIST
32025D0337,2025-02-20,2025,EN ISO 14451-6:2013,ISO,explicit,none,FULL_LIST
32025D0337,2025-02-20,2025,EN ISO 14451-7:2013,ISO,explicit,none,FULL_LIST
32025D0337,2025-02-20,2025,EN ISO 14451-8:2013,ISO,explicit,none,FULL_LIST
32025D0337,2025-02-20,2025,EN ISO 14451-9:2013,ISO,explicit,none,FULL_LIST
32025D0337,2025-02-20,2025,EN ISO 14451-10:2013,ISO,explicit,none,FULL_LIST
32025D0337,2025-02-20,2025,EN 16256-2:2012,CEN,number,none,FULL_LIST
32025D0337,2025-02-20,2025,EN 16256-3:2012,CEN,number,none,FULL_LIST
32025D0337,2025-02-20,2025,EN 16256-4:2012,CEN,number,none,FULL_LIST
32025D0337,2025-02-20,2025,EN 16256-5:2012,CEN,number,none,FULL_LIST
32025D0337,2025-02-20,2025,EN 16261-2:2013,CEN,number,none,FULL_LIST
32025D0337,2025-02-20,2025,EN 16261-3:2012,CEN,number,none,FULL_LIST
32025D0337,2025-02-20,2025,EN 16261-4:2012,CEN,number,none,FULL_LIST
32025D0337,2025-02-20,2025,EN ISO 14451-1:2013,ISO,explicit,none,FULL_LIST
32025D0337,2025-02-20,2025,EN 15947-1:2015,CEN,number,none,FULL_LIST
32025D0337,2025-02-20,2025,EN 15947-2:2015,CEN,number,none,FULL_LIST
32025D0337,2025-02-20,2025,EN 15947-3:2015,CEN,number,none,FULL_LIST
32025D0337,2025-02-20,2025,EN 15947-4:2015,CEN,number,none,FULL_LIST
32025D0337,2025-02-20,2025,EN 15947-5:2015,CEN,number,none,FULL_LIST
32025D0337,2025-02-20,2025,EN 16256-1:2012,CEN,number,none,FULL_LIST
32025D0337,2025-02-20,2025,EN 16261-1:2012,CEN,number,none,FULL_LIST
32025D0375,2025-02-26,2025,EN 12405-1:2018,CEN,number,none,AMENDING
32025D0375,2025-02-26,2025,EN 12261:2018,CEN,number,none,AMENDING
32025D0375,2025-02-26,2025,EN 12405-1:2021,CEN,number,none,AMENDING
32025D0375,2025-02-26,2025,EN 12261:2024,CEN,number,none,AMENDING
32025D0375,2025-02-26,2025,EN 12405-1:2021,CEN,number,none,AMENDING
32025D0375,2025-02-26,2025,EN 12261:2024,CEN,number,none,AMENDING
32025D0375,2025-02-26,2025,EN 12405-1:2021,CEN,number,none,AMENDING
32025D0375,2025-02-26,2025,EN 12261:2024,CEN,number,none,AMENDING
32025D0375,2025-02-26,2025,EN 12405-1:2021,CEN,number,none,AMENDING
32025D0375,2025-02-26,2025,EN 12261:2024,CEN,number,none,AMENDING
32025D0375,2025-02-26,2025,EN 12405-1:2018,CEN,number,none,AMENDING
32025D0375,2025-02-26,2025,EN 12261:2018,CEN,number,none,AMENDING
32025D0375,2025-02-26,2025,EN 12405-1:2018,CEN,number,none,AMENDING
32025D0375,2025-02-26,2025,EN 12261:2018,CEN,number,none,AMENDING
32025D0375,2025-02-26,2025,EN 12261:2024,CEN,number,addition,AMENDING
32025D0375,2025-02-26,2025,EN 12405-1:2021,CEN,number,addition,AMENDING
32025D0679,2025-04-08,2025,EN 556-1:2001,CEN,number,none,AMENDING
32025D0679,2025-04-08,2025,EN 556-1:2024,CEN,number,none,AMENDING
32025D0679,2025-04-08,2025,EN 556-2:2024,CEN,number,none,AMENDING
32025D0679,2025-04-08,2025,EN 556-1:2024,CEN,number,addition,AMENDING
32025D0679,2025-04-08,2025,EN 556-2:2024,CEN,number,addition,AMENDING
32025D0681,2025-04-08,2025,EN 455-1:2020,CEN,number,none,AMENDING
32025D0681,2025-04-08,2025,EN 556-1:2001,CEN,number,none,AMENDING
32025D0681,2025-04-08,2025,EN 556-2:2015,CEN,number,none,AMENDING
32025D0681,2025-04-08,2025,EN 1865-2:2010+A1:2015,CEN,number,none,AMENDING
32025D0681,2025-04-08,2025,EN 455-1:2020+A2:2024,CEN,number,none,AMENDING
32025D0681,2025-04-08,2025,EN 455-2:2024,CEN,number,none,AMENDING
32025D0681,2025-04-08,2025,EN 556-1:2024,CEN,number,none,AMENDING
32025D0681,2025-04-08,2025,EN 556-2:2024,CEN,number,none,AMENDING
32025D0681,2025-04-08,2025,EN 1865-2:2024,CEN,number,none,AMENDING
32025D0681,2025-04-08,2025,EN 1865-6:2024,CEN,number,none,AMENDING
32025D0681,2025-04-08,2025,EN 455-1:2020+A2:2024,CEN,number,addition,AMENDING
32025D0681,2025-04-08,2025,EN 455-2:2024,CEN,number,addition,AMENDING
32025D0681,2025-04-08,2025,EN 556-1:2024,CEN,number,addition,AMENDING
32025D0681,2025-04-08,2025,EN 556-2:2024,CEN,number,addition,AMENDING
32025D0681,2025-04-08,2025,EN 1865-2:2024,CEN,number,addition,AMENDING
32025D0681,2025-04-08,2025,EN 1865-6:2024,CEN,number,addition,AMENDING
32025D0893,2025-05-14,2025,EN 301 406-2 V3.1.1,ETSI,spaced,none,AMENDING
32025D0893,2025-05-14,2025,EN 301 489-3 V2.3.2,ETSI,spaced,none,AMENDING
32025D0893,2025-05-14,2025,EN 301 489-17 V3.3.1,ETSI,spaced,none,AMENDING
32025D0893,2025-05-14,2025,EN 301 489-19 V2.2.1,ETSI,spaced,none,AMENDING
32025D0893,2025-05-14,2025,EN 301 489-54 V1.1.1,ETSI,spaced,none,AMENDING
32025D0893,2025-05-14,2025,EN 301 908-23 V15.1.1,ETSI,spaced,none,AMENDING
32025D0893,2025-05-14,2025,EN 301 908-24 V15.1.1,ETSI,spaced,none,AMENDING
32025D0893,2025-05-14,2025,EN 301 908-25 V15.1.1,ETSI,spaced,none,AMENDING
32025D0893,2025-05-14,2025,EN 303 363-2 V1.1.1,ETSI,spaced,none,AMENDING
32025D0893,2025-05-14,2025,EN 303 661 V1.1.1,ETSI,spaced,none,AMENDING
32025D0893,2025-05-14,2025,EN 303 687 V1.1.1,ETSI,spaced,none,AMENDING
32025D0893,2025-05-14,2025,EN 303 753 V1.1.1,ETSI,spaced,none,AMENDING
32025D0893,2025-05-14,2025,EN 304 220-1 V1.2.1,CEN,number,none,AMENDING
32025D0893,2025-05-14,2025,EN 304 220-2 V1.2.1,CEN,number,none,AMENDING
32025D0893,2025-05-14,2025,EN 301 489-52 V1.2.1,ETSI,spaced,none,AMENDING
32025D0893,2025-05-14,2025,EN 301 893 V2.1.1,ETSI,spaced,none,AMENDING
32025D0893,2025-05-14,2025,EN 301 908-3 V13.1.1,ETSI,spaced,none,AMENDING
32025D0893,2025-05-14,2025,EN 301 908-13 V13.2.1,ETSI,spaced,none,AMENDING
32025D0893,2025-05-14,2025,EN 302 064-2 V1.1.1,ETSI,spaced,none,AMENDING
32025D0893,2025-05-14,2025,EN 303 213-5-1 V1.1.1,ETSI,spaced,none,AMENDING
32025D0893,2025-05-14,2025,EN 301 489-52 V1.3.1,ETSI,spaced,none,AMENDING
32025D0893,2025-05-14,2025,EN 301 893 V2.2.1,ETSI,spaced,none,AMENDING
32025D0893,2025-05-14,2025,EN 301 908-3 V15.1.1,ETSI,spaced,none,AMENDING
32025D0893,2025-05-14,2025,EN 301 908-13 V13.3.1,ETSI,spaced,none,AMENDING
32025D0893,2025-05-14,2025,EN 302 064 V2.2.1,ETSI,spaced,none,AMENDING
32025D0893,2025-05-14,2025,EN 303 213-5-1 V2.1.1,ETSI,spaced,none,AMENDING
32025D0893,2025-05-14,2025,EN 301 908-23 V15.1.1,ETSI,spaced,none,AMENDING
32025D0893,2025-05-14,2025,EN 301 908-24 V15.1.1,ETSI,spaced,none,AMENDING
32025D0893,2025-05-14,2025,EN 301 908-25 V15.1.1,ETSI,spaced,none,AMENDING
32025D0893,2025-05-14,2025,EN 303 363-2 V1.1.1,ETSI,spaced,none,AMENDING
32025D0893,2025-05-14,2025,EN 303 661 V1.1.1,ETSI,spaced,none,AMENDING
32025D0893,2025-05-14,2025,EN 303 753 V1.1.1,ETSI,spaced,none,AMENDING
32025D0893,2025-05-14,2025,EN 304 220-1 V1.2.1,CEN,number,none,AMENDING
32025D0893,2025-05-14,2025,EN 304 220-2 V1.2.1,CEN,number,none,AMENDING
32025D0893,2025-05-14,2025,EN 301 893 V2.2.1,ETSI,spaced,none,AMENDING
32025D0893,2025-05-14,2025,EN 301 908-3 V15.1.1,ETSI,spaced,none,AMENDING
32025D0893,2025-05-14,2025,EN 302 064 V2.2.1,ETSI,spaced,none,AMENDING
32025D0893,2025-05-14,2025,EN 301 489-3 V2.3.2,ETSI,spaced,none,AMENDING
32025D0893,2025-05-14,2025,EN 301 489-17 V3.3.1,ETSI,spaced,none,AMENDING
32025D0893,2025-05-14,2025,EN 301 489-19 V2.2.1,ETSI,spaced,none,AMENDING
32025D0893,2025-05-14,2025,EN 301 489-54 V1.1.1,ETSI,spaced,none,AMENDING
32025D0893,2025-05-14,2025,EN 301 489-52 V1.3.1,ETSI,spaced,none,AMENDING
32025D0893,2025-05-14,2025,EN 301 406-2 V3.1.1,ETSI,spaced,none,AMENDING
32025D0893,2025-05-14,2025,EN 301 908-13 V13.3.1,ETSI,spaced,none,AMENDING
32025D0893,2025-05-14,2025,EN 303 213-5-1 V2.1.1,ETSI,spaced,none,AMENDING
32025D0893,2025-05-14,2025,EN 303 687 V1.1.1,ETSI,spaced,none,AMENDING
32025D0893,2025-05-14,2025,EN 301 908-23 V15.1.1,ETSI,spaced,none,AMENDING
32025D0893,2025-05-14,2025,EN 301 908-24 V15.1.1,ETSI,spaced,none,AMENDING
32025D0893,2025-05-14,2025,EN 301 908-25 V15.1.1,ETSI,spaced,none,AMENDING
32025D0893,2025-05-14,2025,EN 303 363-2 V1.1.1,ETSI,spaced,none,AMENDING
32025D0893,2025-05-14,2025,EN 303 661 V1.1.1,ETSI,spaced,none,AMENDING
32025D0893,2025-05-14,2025,EN 303 753 V1.1.1,ETSI,spaced,none,AMENDING
32025D0893,2025-05-14,2025,EN 304 220-1 V1.2.1,CEN,number,none,AMENDING
32025D0893,2025-05-14,2025,EN 304 220-2 V1.2.1,CEN,number,none,AMENDING
32025D0893,2025-05-14,2025,EN 301 893 V2.2.1,ETSI,spaced,none,AMENDING
32025D0893,2025-05-14,2025,EN 301 908-3 V15.1.1,ETSI,spaced,none,AMENDING
32025D0893,2025-05-14,2025,EN 302 064 V2.2.1,ETSI,spaced,none,AMENDING
32025D0893,2025-05-14,2025,EN 301 406-2 V3.1.1,ETSI,spaced,none,AMENDING
32025D0893,2025-05-14,2025,EN 301 489-3 V2.3.2,ETSI,spaced,none,AMENDING
32025D0893,2025-05-14,2025,EN 301 489-17 V3.3.1,ETSI,spaced,none,AMENDING
32025D0893,2025-05-14,2025,EN 301 489-19 V2.2.1,ETSI,spaced,none,AMENDING
32025D0893,2025-05-14,2025,EN 301 489-54 V1.1.1,ETSI,spaced,none,AMENDING
32025D0893,2025-05-14,2025,EN 303 687 V1.1.1,ETSI,spaced,none,AMENDING
32025D0893,2025-05-14,2025,EN 301 489-52 V1.3.1,ETSI,spaced,none,AMENDING
32025D0893,2025-05-14,2025,EN 301 908-13 V13.3.1,ETSI,spaced,none,AMENDING
32025D0893,2025-05-14,2025,EN 303 213-5-1 V2.1.1,ETSI,spaced,none,AMENDING
32025D0893,2025-05-14,2025,EN 301 489-52 V1.2.1,ETSI,spaced,none,AMENDING
32025D0893,2025-05-14,2025,EN 301 893 V2.1.1,ETSI,spaced,none,AMENDING
32025D0893,2025-05-14,2025,EN 301 908-13 V13.2.1,ETSI,spaced,none,AMENDING
32025D0893,2025-05-14,2025,EN 301 908-3 V13.1.1,ETSI,spaced,none,AMENDING
32025D0893,2025-05-14,2025,EN 302 064-2 V1.1.1,ETSI,spaced,none,AMENDING
32025D0893,2025-05-14,2025,EN 303 213-5-1 V1.1.1,ETSI,spaced,none,AMENDING
32025D0893,2025-05-14,2025,EN 303 098 V2.2.1,ETSI,spaced,none,AMENDING
32025D0893,2025-05-14,2025,EN 301 489-52 V1.2.1,ETSI,spaced,none,AMENDING
32025D0893,2025-05-14,2025,EN 301 893 V2.1.1,ETSI,spaced,none,AMENDING
32025D0893,2025-05-14,2025,EN 301 908-13 V13.2.1,ETSI,spaced,none,AMENDING
32025D0893,2025-05-14,2025,EN 301 908-3 V13.1.1,ETSI,spaced,none,AMENDING
32025D0893,2025-05-14,2025,EN 302 064-2 V1.1.1,ETSI,spaced,none,AMENDING
32025D0893,2025-05-14,2025,EN 303 213-5-1 V1.1.1,ETSI,spaced,none,AMENDING
32025D0893,2025-05-14,2025,EN 303 098 V2.2.1,ETSI,spaced,none,AMENDING
32025D0893,2025-05-14,2025,EN 301 893 V2.1.1,ETSI,spaced,none,AMENDING
32025D0893,2025-05-14,2025,EN 301 893 V2.1.1,ETSI,spaced,none,AMENDING
32025D0893,2025-05-14,2025,EN 301 489-12 V3.2.1,ETSI,spaced,none,AMENDING
32025D0893,2025-05-14,2025,EN 301 489-20 V2.2.1,ETSI,spaced,none,AMENDING
32025D0893,2025-05-14,2025,EN 301 489-52 V1.3.1,ETSI,spaced,none,AMENDING
32025D0893,2025-05-14,2025,EN 301 489-12 V3.2.1,ETSI,spaced,withdrawal,AMENDING
32025D0893,2025-05-14,2025,EN 301 489-20 V2.2.1,ETSI,spaced,withdrawal,AMENDING
32025D0893,2025-05-14,2025,EN 301 489-52 V1.3.1,ETSI,spaced,withdrawal,AMENDING
32025D0893,2025-05-14,2025,EN 301 489-12 V3.2.1,ETSI,spaced,withdrawal,AMENDING
32025D0893,2025-05-14,2025,EN 301 489-20 V2.2.1,ETSI,spaced,withdrawal,AMENDING
32025D0893,2025-05-14,2025,EN 301 489-52 V1.3.1,ETSI,spaced,withdrawal,AMENDING
32025D0893,2025-05-14,2025,EN 301 489-12 V3.2.1,ETSI,spaced,addition,AMENDING
32025D0893,2025-05-14,2025,EN 301 489-20 V2.2.1,ETSI,spaced,addition,AMENDING
32025D0893,2025-05-14,2025,EN 301 489-52 V1.2.1,ETSI,spaced,addition,AMENDING
32025D0893,2025-05-14,2025,EN 301 489-52 V1.3.1,ETSI,spaced,addition,AMENDING
32025D0893,2025-05-14,2025,EN 301 893 V2.2.1,ETSI,spaced,addition,AMENDING
32025D0893,2025-05-14,2025,EN 301 908-13 V13.3.1,ETSI,spaced,addition,AMENDING
32025D0893,2025-05-14,2025,EN 301 908-3 V15.1.1,ETSI,spaced,addition,AMENDING
32025D0893,2025-05-14,2025,EN 302 064 V2.2.1,ETSI,spaced,addition,AMENDING
32025D0893,2025-05-14,2025,EN 303 213-5-1 V2.1.1,ETSI,spaced,addition,AMENDING
32025D0893,2025-05-14,2025,EN 301 406-2 V3.1.1,ETSI,spaced,addition,AMENDING
32025D0893,2025-05-14,2025,EN 301 489-3 V2.3.2,ETSI,spaced,addition,AMENDING
32025D0893,2025-05-14,2025,EN 301 489-17 V3.3.1,ETSI,spaced,addition,AMENDING
32025D0893,2025-05-14,2025,EN 301 489-19 V2.2.1,ETSI,spaced,addition,AMENDING
32025D0893,2025-05-14,2025,EN 301 489-54 V1.1.1,ETSI,spaced,addition,AMENDING
32025D0893,2025-05-14,2025,EN 301 908-23 V15.1.1,ETSI,spaced,addition,AMENDING
32025D0893,2025-05-14,2025,EN 301 908-24 V15.1.1,ETSI,spaced,addition,AMENDING
32025D0893,2025-05-14,2025,EN 301 908-25 V15.1.1,ETSI,spaced,addition,AMENDING
32025D0893,2025-05-14,2025,EN 303 363-2 V1.1.1,ETSI,spaced,addition,AMENDING
32025D0893,2025-05-14,2025,EN 303 661 V1.1.1,ETSI,spaced,addition,AMENDING
32025D0893,2025-05-14,2025,EN 303 687 V1.1.1,ETSI,spaced,addition,AMENDING
32025D0893,2025-05-14,2025,EN 303 753 V1.1.1,ETSI,spaced,addition,AMENDING
32025D0893,2025-05-14,2025,EN 304 220-1 V1.2.1,CEN,number,addition,AMENDING
32025D0893,2025-05-14,2025,EN 304 220-2 V1.2.1,CEN,number,addition,AMENDING
32025D0895,2025-05-14,2025,EN 14404-2:2024,CEN,number,none,AMENDING
32025D0895,2025-05-14,2025,EN 14404-3:2024,CEN,number,none,AMENDING
32025D0895,2025-05-14,2025,EN 14404-4:2024,CEN,number,none,AMENDING
32025D0895,2025-05-14,2025,EN 14404-6:2024,CEN,number,none,AMENDING
32025D0895,2025-05-14,2025,EN 17487:2024,CEN,number,none,AMENDING
32025D0895,2025-05-14,2025,EN 352-2:2020,CEN,number,none,AMENDING
32025D0895,2025-05-14,2025,EN 353-2:2002,CEN,number,none,AMENDING
32025D0895,2025-05-14,2025,EN 958:2017,CEN,number,none,AMENDING
32025D0895,2025-05-14,2025,EN 17109:2020,CEN,number,none,AMENDING
32025D0895,2025-05-14,2025,EN 352-2:2020+A1:2024,CEN,number,none,AMENDING
32025D0895,2025-05-14,2025,EN 353-2:2024,CEN,number,none,AMENDING
32025D0895,2025-05-14,2025,EN 958:2024,CEN,number,none,AMENDING
32025D0895,2025-05-14,2025,EN 17109:2020+A1:2024,CEN,number,none,AMENDING
32025D0895,2025-05-14,2025,EN 352-2:2020+A1:2024,CEN,number,none,AMENDING
32025D0895,2025-05-14,2025,EN 353-2:2024,CEN,number,none,AMENDING
32025D0895,2025-05-14,2025,EN 958:2024,CEN,number,none,AMENDING
32025D0895,2025-05-14,2025,EN 14404-2:2024,CEN,number,none,AMENDING
32025D0895,2025-05-14,2025,EN 14404-3:2024,CEN,number,none,AMENDING
32025D0895,2025-05-14,2025,EN 14404-4:2024,CEN,number,none,AMENDING
32025D0895,2025-05-14,2025,EN 14404-6:2024,CEN,number,none,AMENDING
32025D0895,2025-05-14,2025,EN 17109:2020+A1:2024,CEN,number,none,AMENDING
32025D0895,2025-05-14,2025,EN 17487:2024,CEN,number,none,AMENDING
32025D0895,2025-05-14,2025,EN 353-2:2024,CEN,number,none,AMENDING
32025D0895,2025-05-14,2025,EN 958:2024,CEN,number,none,AMENDING
32025D0895,2025-05-14,2025,EN 14404-2:2024,CEN,number,none,AMENDING
32025D0895,2025-05-14,2025,EN 14404-4:2024,CEN,number,none,AMENDING
32025D0895,2025-05-14,2025,EN 14404-6:2024,CEN,number,none,AMENDING
32025D0895,2025-05-14,2025,EN 17109:2020+A1:2024,CEN,number,none,AMENDING
32025D0895,2025-05-14,2025,EN 17487:2024,CEN,number,none,AMENDING
32025D0895,2025-05-14,2025,EN 352-2:2020+A1:2024,CEN,number,none,AMENDING
32025D0895,2025-05-14,2025,EN 14404-3:2024,CEN,number,none,AMENDING
32025D0895,2025-05-14,2025,EN 50365:2023,CENELEC,number,none,AMENDING
32025D0895,2025-05-14,2025,EN 50365:2023,CENELEC,number,none,AMENDING
32025D0895,2025-05-14,2025,EN 50365:2023,CENELEC,number,none,AMENDING
32025D0895,2025-05-14,2025,EN 50365:2023,CENELEC,number,none,AMENDING
32025D0895,2025-05-14,2025,EN 50365:2023,CENELEC,number,none,AMENDING
32025D0895,2025-05-14,2025,EN 50365:2023,CENELEC,number,none,AMENDING
32025D0895,2025-05-14,2025,EN 50365:2023,CENELEC,number,none,AMENDING
32025D0895,2025-05-14,2025,EN 352-2:2020,CEN,number,none,AMENDING
32025D0895,2025-05-14,2025,EN 353-2:2002,CEN,number,none,AMENDING
32025D0895,2025-05-14,2025,EN 958:2017,CEN,number,none,AMENDING
32025D0895,2025-05-14,2025,EN 17109:2020,CEN,number,none,AMENDING
32025D0895,2025-05-14,2025,EN 50365:2023,CENELEC,number,none,AMENDING
32025D0895,2025-05-14,2025,EN 352-2:2020,CEN,number,none,AMENDING
32025D0895,2025-05-14,2025,EN 353-2:2002,CEN,number,none,AMENDING
32025D0895,2025-05-14,2025,EN 958:2017,CEN,number,none,AMENDING
32025D0895,2025-05-14,2025,EN 17109:2020,CEN,number,none,AMENDING
32025D0895,2025-05-14,2025,EN 352-2:2020+A1:2024,CEN,number,addition,AMENDING
32025D0895,2025-05-14,2025,EN 353-2:2024,CEN,number,addition,AMENDING
32025D0895,2025-05-14,2025,EN 958:2024,CEN,number,addition,AMENDING
32025D0895,2025-05-14,2025,EN 14404-2:2024,CEN,number,addition,AMENDING
32025D0895,2025-05-14,2025,EN 14404-3:2024,CEN,number,addition,AMENDING
32025D0895,2025-05-14,2025,EN 14404-4:2024,CEN,number,addition,AMENDING
32025D0895,2025-05-14,2025,EN 14404-6:2024,CEN,number,addition,AMENDING
32025D0895,2025-05-14,2025,EN 17109:2020+A1:2024,CEN,number,addition,AMENDING
32025D0895,2025-05-14,2025,EN 17487:2024,CEN,number,addition,AMENDING
32025D0895,2025-05-14,2025,EN 50365:2023,CENELEC,number,addition,AMENDING
32025D0895,2025-05-14,2025,EN 50365:2023,CENELEC,number,addition,AMENDING
32025D1457,2025-07-16,2025,EN 60335-2-60:2003,IEC,inferred-60000,none,AMENDING
32025D1457,2025-07-16,2025,EN 60335-1:2012,IEC,inferred-60000,none,AMENDING
32025D1457,2025-07-16,2025,EN 60335-2-27:2013,IEC,inferred-60000,none,AMENDING
32025D1457,2025-07-16,2025,EN 60335-2-60:2003,IEC,inferred-60000,none,AMENDING
32025D1457,2025-07-16,2025,EN 60335-2-60:2003,IEC,inferred-60000,none,AMENDING
32025D1457,2025-07-16,2025,EN 60335-2-60:2003,IEC,inferred-60000,none,AMENDING
32025D1457,2025-07-16,2025,EN 60335-2-60:2003,IEC,inferred-60000,none,AMENDING
32025D1457,2025-07-16,2025,EN 60335-2-60:2003,IEC,inferred-60000,none,AMENDING
32025D1457,2025-07-16,2025,EN 60335-1:2012,IEC,inferred-60000,none,AMENDING
32025D1457,2025-07-16,2025,EN 60335-1:2012,IEC,inferred-60000,none,AMENDING
32025D1457,2025-07-16,2025,EN 60335-1:2012,IEC,inferred-60000,none,AMENDING
32025D1457,2025-07-16,2025,EN 60335-1:2012,IEC,inferred-60000,none,AMENDING
32025D1457,2025-07-16,2025,EN 60335-1:2012,IEC,inferred-60000,none,AMENDING
32025D1457,2025-07-16,2025,EN 60335-1:2012,IEC,inferred-60000,none,AMENDING
32025D1457,2025-07-16,2025,EN 60335-1:2012,IEC,inferred-60000,none,AMENDING
32025D1457,2025-07-16,2025,EN 60335-1:2012,IEC,inferred-60000,none,AMENDING
32025D1457,2025-07-16,2025,EN 60335-2-27:2013,IEC,inferred-60000,none,AMENDING
32025D1457,2025-07-16,2025,EN 60335-2-27:2013,IEC,inferred-60000,none,AMENDING
32025D1457,2025-07-16,2025,EN 60335-2-27:2013,IEC,inferred-60000,none,AMENDING
32025D1457,2025-07-16,2025,EN 60335-2-27:2013,IEC,inferred-60000,none,AMENDING
32025D1457,2025-07-16,2025,EN 60335-2-60:2003,IEC,inferred-60000,none,AMENDING
32025D1457,2025-07-16,2025,EN 60335-2-60:2003,IEC,inferred-60000,none,AMENDING
32025D1457,2025-07-16,2025,EN 60335-2-60:2003,IEC,inferred-60000,none,AMENDING
32025D1457,2025-07-16,2025,EN 60335-2-60:2003,IEC,inferred-60000,none,AMENDING
32025D1457,2025-07-16,2025,EN 60335-2-60:2003,IEC,inferred-60000,none,AMENDING
32025D1457,2025-07-16,2025,EN 60335-2-60:2003,IEC,inferred-60000,none,AMENDING
32025D1457,2025-07-16,2025,EN 60335-2-60:2003,IEC,inferred-60000,none,AMENDING
32025D1457,2025-07-16,2025,EN 60335-2-60:2003,IEC,inferred-60000,none,AMENDING
32025D1457,2025-07-16,2025,EN 60335-1:2012,IEC,inferred-60000,none,AMENDING
32025D1457,2025-07-16,2025,EN 60335-1:2012,IEC,inferred-60000,none,AMENDING
32025D1457,2025-07-16,2025,EN 60335-1:2012,IEC,inferred-60000,none,AMENDING
32025D1457,2025-07-16,2025,EN 60335-1:2012,IEC,inferred-60000,none,AMENDING
32025D1457,2025-07-16,2025,EN 60335-1:2012,IEC,inferred-60000,none,AMENDING
32025D1457,2025-07-16,2025,EN 60335-1:2012,IEC,inferred-60000,none,AMENDING
32025D1457,2025-07-16,2025,EN 60335-1:2012,IEC,inferred-60000,none,AMENDING
32025D1457,2025-07-16,2025,EN 60335-1:2012,IEC,inferred-60000,none,AMENDING
32025D1457,2025-07-16,2025,EN 60335-1:2012,IEC,inferred-60000,none,AMENDING
32025D1457,2025-07-16,2025,EN 60335-2-27:2013,IEC,inferred-60000,none,AMENDING
32025D1457,2025-07-16,2025,EN 60335-2-27:2013,IEC,inferred-60000,none,AMENDING
32025D1457,2025-07-16,2025,EN 60335-2-27:2013,IEC,inferred-60000,none,AMENDING
32025D1457,2025-07-16,2025,EN 60335-2-27:2013,IEC,inferred-60000,none,AMENDING
32025D1457,2025-07-16,2025,EN 60335-2-27:2013,IEC,inferred-60000,none,AMENDING
32025D1457,2025-07-16,2025,EN 60335-2-60:2003,IEC,inferred-60000,none,AMENDING
32025D1457,2025-07-16,2025,EN 60335-2-60:2003,IEC,inferred-60000,none,AMENDING
32025D1457,2025-07-16,2025,EN 60335-2-60:2003,IEC,inferred-60000,none,AMENDING
32025D1457,2025-07-16,2025,EN 60335-2-60:2003,IEC,inferred-60000,withdrawal,AMENDING
32025D1457,2025-07-16,2025,EN 60335-1:2012,IEC,inferred-60000,withdrawal,AMENDING
32025D1457,2025-07-16,2025,EN 60335-1:2012,IEC,inferred-60000,withdrawal,AMENDING
32025D1457,2025-07-16,2025,EN 60335-1:2012,IEC,inferred-60000,withdrawal,AMENDING
32025D1457,2025-07-16,2025,EN 60335-1:2012,IEC,inferred-60000,withdrawal,AMENDING
32025D1457,2025-07-16,2025,EN 60335-1:2012,IEC,inferred-60000,withdrawal,AMENDING
32025D1457,2025-07-16,2025,EN 60335-1:2012,IEC,inferred-60000,withdrawal,AMENDING
32025D1457,2025-07-16,2025,EN 60335-1:2012,IEC,inferred-60000,withdrawal,AMENDING
32025D1457,2025-07-16,2025,EN 60335-1:2012,IEC,inferred-60000,withdrawal,AMENDING
32025D1457,2025-07-16,2025,EN 60335-2-27:2013,IEC,inferred-60000,withdrawal,AMENDING
32025D1457,2025-07-16,2025,EN 60335-2-27:2013,IEC,inferred-60000,withdrawal,AMENDING
32025D1457,2025-07-16,2025,EN 60335-2-27:2013,IEC,inferred-60000,withdrawal,AMENDING
32025D1457,2025-07-16,2025,EN 60335-2-27:2013,IEC,inferred-60000,withdrawal,AMENDING
32025D1457,2025-07-16,2025,EN 60335-1:2012,IEC,inferred-60000,addition,AMENDING
32025D1457,2025-07-16,2025,EN 60335-1:2012,IEC,inferred-60000,addition,AMENDING
32025D1457,2025-07-16,2025,EN 60335-1:2012,IEC,inferred-60000,addition,AMENDING
32025D1457,2025-07-16,2025,EN 60335-1:2012,IEC,inferred-60000,addition,AMENDING
32025D1457,2025-07-16,2025,EN 60335-1:2012,IEC,inferred-60000,addition,AMENDING
32025D1457,2025-07-16,2025,EN 60335-1:2012,IEC,inferred-60000,addition,AMENDING
32025D1457,2025-07-16,2025,EN 60335-1:2012,IEC,inferred-60000,addition,AMENDING
32025D1457,2025-07-16,2025,EN 60335-1:2012,IEC,inferred-60000,addition,AMENDING
32025D1457,2025-07-16,2025,EN 60335-1:2012,IEC,inferred-60000,addition,AMENDING
32025D1457,2025-07-16,2025,EN 60335-2-27:2013,IEC,inferred-60000,addition,AMENDING
32025D1457,2025-07-16,2025,EN 60335-2-27:2013,IEC,inferred-60000,addition,AMENDING
32025D1457,2025-07-16,2025,EN 60335-2-27:2013,IEC,inferred-60000,addition,AMENDING
32025D1457,2025-07-16,2025,EN 60335-2-27:2013,IEC,inferred-60000,addition,AMENDING
32025D1488,2025-07-22,2025,EN 50214:2006,CENELEC,number,none,AMENDING
32025D1488,2025-07-22,2025,EN 50214:2006,CENELEC,number,none,AMENDING
32025D1488,2025-07-22,2025,EN 50214:2024,CENELEC,number,none,AMENDING
32025D1488,2025-07-22,2025,EN 50620:2017,CENELEC,number,none,AMENDING
32025D1488,2025-07-22,2025,EN 50620:2017,CENELEC,number,none,AMENDING
32025D1488,2025-07-22,2025,EN 50620:2017,CENELEC,number,none,AMENDING
32025D1488,2025-07-22,2025,EN 50214:2024,CENELEC,number,none,AMENDING
32025D1488,2025-07-22,2025,EN 50620:2017,CENELEC,number,none,AMENDING
32025D1488,2025-07-22,2025,EN 50620:2017,CENELEC,number,none,AMENDING
32025D1488,2025-07-22,2025,EN 50620:2017,CENELEC,number,none,AMENDING
32025D1488,2025-07-22,2025,EN 50214:2006,CENELEC,number,none,AMENDING
32025D1488,2025-07-22,2025,EN 50620:2017,CENELEC,number,none,AMENDING
32025D1488,2025-07-22,2025,EN 50214:2006,CENELEC,number,none,AMENDING
32025D1488,2025-07-22,2025,EN 50214:2006,CENELEC,number,none,AMENDING
32025D1488,2025-07-22,2025,EN 50620:2017,CENELEC,number,none,AMENDING
32025D1488,2025-07-22,2025,EN 50620:2017,CENELEC,number,none,AMENDING
32025D1488,2025-07-22,2025,EN 50214:2024,CENELEC,number,addition,AMENDING
32025D1488,2025-07-22,2025,EN 50620:2017,CENELEC,number,addition,AMENDING
32025D1488,2025-07-22,2025,EN 50620:2017,CENELEC,number,addition,AMENDING
32025D1488,2025-07-22,2025,EN 50620:2017,CENELEC,number,addition,AMENDING
32025D1740,2025-08-13,2025,EN 81-44:2024,CEN,number,none,AMENDING
32025D1740,2025-08-13,2025,EN 17677:2024,CEN,number,none,AMENDING
32025D1740,2025-08-13,2025,EN 17942:2024,CEN,number,none,AMENDING
32025D1740,2025-08-13,2025,EN 50059:2025,CENELEC,number,none,AMENDING
32025D1740,2025-08-13,2025,EN 50176:2025,CENELEC,number,none,AMENDING
32025D1740,2025-08-13,2025,EN 81-31:2010,CEN,number,none,AMENDING
32025D1740,2025-08-13,2025,EN 81-41:2010,CEN,number,none,AMENDING
32025D1740,2025-08-13,2025,EN 1846-2:2009+A1:2013,CEN,number,none,AMENDING
32025D1740,2025-08-13,2025,EN 1953:2013,CEN,number,none,AMENDING
32025D1740,2025-08-13,2025,EN 12077-2:1998+A1:2008,CEN,number,none,AMENDING
32025D1740,2025-08-13,2025,EN 12159:2012,CEN,number,none,AMENDING
32025D1740,2025-08-13,2025,EN 12312-4:2014,CEN,number,none,AMENDING
32025D1740,2025-08-13,2025,EN 12621:2006+A1:2010,CEN,number,none,AMENDING
32025D1740,2025-08-13,2025,EN 12978:2003+A1:2009,CEN,number,none,AMENDING
32025D1740,2025-08-13,2025,EN 81-31:2024,CEN,number,none,AMENDING
32025D1740,2025-08-13,2025,EN 81-41:2024,CEN,number,none,AMENDING
32025D1740,2025-08-13,2025,EN 1846-2:2024,CEN,number,none,AMENDING
32025D1740,2025-08-13,2025,EN 1953:2025,CEN,number,none,AMENDING
32025D1740,2025-08-13,2025,EN 12077-2:2024,CEN,number,none,AMENDING
32025D1740,2025-08-13,2025,EN 12159:2024,CEN,number,none,AMENDING
32025D1740,2025-08-13,2025,EN 12312-4:2024,CEN,number,none,AMENDING
32025D1740,2025-08-13,2025,EN 12621:2025,CEN,number,none,AMENDING
32025D1740,2025-08-13,2025,EN 12978:2024,CEN,number,none,AMENDING
32025D1740,2025-08-13,2025,EN 12312-5:2021,CEN,number,none,AMENDING
32025D1740,2025-08-13,2025,EN 13684:2018,CEN,number,none,AMENDING
32025D1740,2025-08-13,2025,EN 12312-5:2021+A1:2025,CEN,number,none,AMENDING
32025D1740,2025-08-13,2025,EN 13684:2018+A1:2024,CEN,number,none,AMENDING
32025D1740,2025-08-13,2025,EN 81-31:2024,CEN,number,none,AMENDING
32025D1740,2025-08-13,2025,EN 81-41:2024,CEN,number,none,AMENDING
32025D1740,2025-08-13,2025,EN 81-44:2024,CEN,number,none,AMENDING
32025D1740,2025-08-13,2025,EN 1846-2:2024,CEN,number,none,AMENDING
32025D1740,2025-08-13,2025,EN 1953:2025,CEN,number,none,AMENDING
32025D1740,2025-08-13,2025,EN 12077-2:2024,CEN,number,none,AMENDING
32025D1740,2025-08-13,2025,EN 12159:2024,CEN,number,none,AMENDING
32025D1740,2025-08-13,2025,EN 12312-4:2024,CEN,number,none,AMENDING
32025D1740,2025-08-13,2025,EN 12312-5:2021+A1:2025,CEN,number,none,AMENDING
32025D1740,2025-08-13,2025,EN 12621:2025,CEN,number,none,AMENDING
32025D1740,2025-08-13,2025,EN 12978:2024,CEN,number,none,AMENDING
32025D1740,2025-08-13,2025,EN 13684:2018+A1:2024,CEN,number,none,AMENDING
32025D1740,2025-08-13,2025,EN 17677:2024,CEN,number,none,AMENDING
32025D1740,2025-08-13,2025,EN 17942:2024,CEN,number,none,AMENDING
32025D1740,2025-08-13,2025,EN 50059:2025,CENELEC,number,none,AMENDING
32025D1740,2025-08-13,2025,EN 50176:2025,CENELEC,number,none,AMENDING
32025D1740,2025-08-13,2025,EN 81-31:2024,CEN,number,none,AMENDING
32025D1740,2025-08-13,2025,EN 81-41:2024,CEN,number,none,AMENDING
32025D1740,2025-08-13,2025,EN 81-44:2024,CEN,number,none,AMENDING
32025D1740,2025-08-13,2025,EN 1846-2:2024,CEN,number,none,AMENDING
32025D1740,2025-08-13,2025,EN 1953:2025,CEN,number,none,AMENDING
32025D1740,2025-08-13,2025,EN 12077-2:2024,CEN,number,none,AMENDING
32025D1740,2025-08-13,2025,EN 12159:2024,CEN,number,none,AMENDING
32025D1740,2025-08-13,2025,EN 12312-4:2024,CEN,number,none,AMENDING
32025D1740,2025-08-13,2025,EN 12312-5:2021+A1:2025,CEN,number,none,AMENDING
32025D1740,2025-08-13,2025,EN 12621:2025,CEN,number,none,AMENDING
32025D1740,2025-08-13,2025,EN 12978:2024,CEN,number,none,AMENDING
32025D1740,2025-08-13,2025,EN 13684:2018+A1:2024,CEN,number,none,AMENDING
32025D1740,2025-08-13,2025,EN 17677:2024,CEN,number,none,AMENDING
32025D1740,2025-08-13,2025,EN 17942:2024,CEN,number,none,AMENDING
32025D1740,2025-08-13,2025,EN 50059:2025,CENELEC,number,none,AMENDING
32025D1740,2025-08-13,2025,EN 50176:2025,CENELEC,number,none,AMENDING
32025D1740,2025-08-13,2025,EN 81-31:2010,CEN,number,none,AMENDING
32025D1740,2025-08-13,2025,EN 81-41:2010,CEN,number,none,AMENDING
32025D1740,2025-08-13,2025,EN 1846-2:2009+A1:2013,CEN,number,none,AMENDING
32025D1740,2025-08-13,2025,EN 1953:2013,CEN,number,none,AMENDING
32025D1740,2025-08-13,2025,EN 12077-2:1998+A1:2008,CEN,number,none,AMENDING
32025D1740,2025-08-13,2025,EN 12159:2012,CEN,number,none,AMENDING
32025D1740,2025-08-13,2025,EN 12312-4:2014,CEN,number,none,AMENDING
32025D1740,2025-08-13,2025,EN 12312-5:2021,CEN,number,none,AMENDING
32025D1740,2025-08-13,2025,EN 12621:2006+A1:2010,CEN,number,none,AMENDING
32025D1740,2025-08-13,2025,EN 12978:2003+A1:2009,CEN,number,none,AMENDING
32025D1740,2025-08-13,2025,EN 13684:2018,CEN,number,none,AMENDING
32025D1740,2025-08-13,2025,EN 81-31:2010,CEN,number,none,AMENDING
32025D1740,2025-08-13,2025,EN 81-41:2010,CEN,number,none,AMENDING
32025D1740,2025-08-13,2025,EN 1846-2:2009+A1:2013,CEN,number,none,AMENDING
32025D1740,2025-08-13,2025,EN 1953:2013,CEN,number,none,AMENDING
32025D1740,2025-08-13,2025,EN 12077-2:1998+A1:2008,CEN,number,none,AMENDING
32025D1740,2025-08-13,2025,EN 12159:2012,CEN,number,none,AMENDING
32025D1740,2025-08-13,2025,EN 12312-4:2014,CEN,number,none,AMENDING
32025D1740,2025-08-13,2025,EN 12312-5:2021,CEN,number,none,AMENDING
32025D1740,2025-08-13,2025,EN 12621:2006+A1:2010,CEN,number,none,AMENDING
32025D1740,2025-08-13,2025,EN 12978:2003+A1:2009,CEN,number,none,AMENDING
32025D1740,2025-08-13,2025,EN 13684:2018,CEN,number,none,AMENDING
32025D1740,2025-08-13,2025,EN 81-31:2024,CEN,number,addition,AMENDING
32025D1740,2025-08-13,2025,EN 81-41:2024,CEN,number,addition,AMENDING
32025D1740,2025-08-13,2025,EN 81-44:2024,CEN,number,addition,AMENDING
32025D1740,2025-08-13,2025,EN 1846-2:2024,CEN,number,addition,AMENDING
32025D1740,2025-08-13,2025,EN 1953:2025,CEN,number,addition,AMENDING
32025D1740,2025-08-13,2025,EN 12077-2:2024,CEN,number,addition,AMENDING
32025D1740,2025-08-13,2025,EN 12159:2024,CEN,number,addition,AMENDING
32025D1740,2025-08-13,2025,EN 12312-4:2024,CEN,number,addition,AMENDING
32025D1740,2025-08-13,2025,EN 12312-5:2021+A1:2025,CEN,number,addition,AMENDING
32025D1740,2025-08-13,2025,EN 12621:2025,CEN,number,addition,AMENDING
32025D1740,2025-08-13,2025,EN 12978:2024,CEN,number,addition,AMENDING
32025D1740,2025-08-13,2025,EN 13684:2018+A1:2024,CEN,number,addition,AMENDING
32025D1740,2025-08-13,2025,EN 17677:2024,CEN,number,addition,AMENDING
32025D1740,2025-08-13,2025,EN 17942:2024,CEN,number,addition,AMENDING
32025D1740,2025-08-13,2025,EN 50059:2025,CENELEC,number,addition,AMENDING
32025D1740,2025-08-13,2025,EN 50176:2025,CENELEC,number,addition,AMENDING
32025D1741,2025-08-13,2025,EN 301 489-28 V2.1.1,ETSI,spaced,none,AMENDING
32025D1741,2025-08-13,2025,EN 300 487 V2.1.2,ETSI,spaced,none,AMENDING
32025D1741,2025-08-13,2025,EN 301 908-14 V15.1.1,ETSI,spaced,none,AMENDING
32025D1741,2025-08-13,2025,EN 301 908-18 V15.1.1,ETSI,spaced,none,AMENDING
32025D1741,2025-08-13,2025,EN 303 978 V2.1.2,ETSI,spaced,none,AMENDING
32025D1741,2025-08-13,2025,EN 300 487 V2.2.1,ETSI,spaced,none,AMENDING
32025D1741,2025-08-13,2025,EN 301 908-14 V17.1.1,ETSI,spaced,none,AMENDING
32025D1741,2025-08-13,2025,EN 301 908-18 V17.1.1,ETSI,spaced,none,AMENDING
32025D1741,2025-08-13,2025,EN 303 978 V2.2.1,ETSI,spaced,none,AMENDING
32025D1741,2025-08-13,2025,EN 302 065-3 V2.1.1,ETSI,spaced,none,AMENDING
32025D1741,2025-08-13,2025,EN 302 065-4 V1.1.1,ETSI,spaced,none,AMENDING
32025D1741,2025-08-13,2025,EN 302 065-3-1 V3.2.1,ETSI,spaced,none,AMENDING
32025D1741,2025-08-13,2025,EN 302 065-4-1 V2.2.1,ETSI,spaced,none,AMENDING
32025D1741,2025-08-13,2025,EN 300 487 V2.2.1,ETSI,spaced,none,AMENDING
32025D1741,2025-08-13,2025,EN 301 908-14 V17.1.1,ETSI,spaced,none,AMENDING
32025D1741,2025-08-13,2025,EN 301 908-18 V17.1.1,ETSI,spaced,none,AMENDING
32025D1741,2025-08-13,2025,EN 302 065-3-1 V3.2.1,ETSI,spaced,none,AMENDING
32025D1741,2025-08-13,2025,EN 302 065-4-1 V2.2.1,ETSI,spaced,none,AMENDING
32025D1741,2025-08-13,2025,EN 303 978 V2.2.1,ETSI,spaced,none,AMENDING
32025D1741,2025-08-13,2025,EN 301 489-28 V2.1.1,ETSI,spaced,none,AMENDING
32025D1741,2025-08-13,2025,EN 301 489-28 V2.1.1,ETSI,spaced,none,AMENDING
32025D1741,2025-08-13,2025,EN 300 487 V2.2.1,ETSI,spaced,none,AMENDING
32025D1741,2025-08-13,2025,EN 301 908-14 V17.1.1,ETSI,spaced,none,AMENDING
32025D1741,2025-08-13,2025,EN 301 908-18 V17.1.1,ETSI,spaced,none,AMENDING
32025D1741,2025-08-13,2025,EN 302 065-3-1 V3.2.1,ETSI,spaced,none,AMENDING
32025D1741,2025-08-13,2025,EN 302 065-4-1 V2.2.1,ETSI,spaced,none,AMENDING
32025D1741,2025-08-13,2025,EN 303 978 V2.2.1,ETSI,spaced,none,AMENDING
32025D1741,2025-08-13,2025,EN 301 489-28 V2.1.1,ETSI,spaced,none,AMENDING
32025D1741,2025-08-13,2025,EN 300 487 V2.1.2,ETSI,spaced,none,AMENDING
32025D1741,2025-08-13,2025,EN 301 908-14 V15.1.1,ETSI,spaced,none,AMENDING
32025D1741,2025-08-13,2025,EN 301 908-18 V15.1.1,ETSI,spaced,none,AMENDING
32025D1741,2025-08-13,2025,EN 302 065-3 V2.1.1,ETSI,spaced,none,AMENDING
32025D1741,2025-08-13,2025,EN 302 065-4 V1.1.1,ETSI,spaced,none,AMENDING
32025D1741,2025-08-13,2025,EN 303 978 V2.1.2,ETSI,spaced,none,AMENDING
32025D1741,2025-08-13,2025,EN 300 487 V2.1.2,ETSI,spaced,none,AMENDING
32025D1741,2025-08-13,2025,EN 301 908-14 V15.1.1,ETSI,spaced,none,AMENDING
32025D1741,2025-08-13,2025,EN 301 908-18 V15.1.1,ETSI,spaced,none,AMENDING
32025D1741,2025-08-13,2025,EN 302 065-3 V2.1.1,ETSI,spaced,none,AMENDING
32025D1741,2025-08-13,2025,EN 302 065-4 V1.1.1,ETSI,spaced,none,AMENDING
32025D1741,2025-08-13,2025,EN 303 978 V2.1.2,ETSI,spaced,none,AMENDING
32025D1741,2025-08-13,2025,EN 300 487 V2.2.1,ETSI,spaced,addition,AMENDING
32025D1741,2025-08-13,2025,EN 301 908-14 V17.1.1,ETSI,spaced,addition,AMENDING
32025D1741,2025-08-13,2025,EN 301 908-18 V17.1.1,ETSI,spaced,addition,AMENDING
32025D1741,2025-08-13,2025,EN 302 065-3-1 V3.2.1,ETSI,spaced,addition,AMENDING
32025D1741,2025-08-13,2025,EN 302 065-4-1 V2.2.1,ETSI,spaced,addition,AMENDING
32025D1741,2025-08-13,2025,EN 303 978 V2.2.1,ETSI,spaced,addition,AMENDING
32025D1741,2025-08-13,2025,EN 301 489-28 V2.1.1,ETSI,spaced,addition,AMENDING
32025D1785,2025-09-09,2025,EN 71-1:2014+A1:2018,CEN,number,none,AMENDING
32025D1785,2025-09-09,2025,EN 71-1:2014+A1:2018,CEN,number,none,AMENDING
32025D1785,2025-09-09,2025,EN 71-1:2014+A1:2018,CEN,number,none,AMENDING
32025D1785,2025-09-09,2025,EN 71-1:2014+A1:2018,CEN,number,none,AMENDING
32025D1785,2025-09-09,2025,EN 71-1:2014+A1:2018,CEN,number,none,AMENDING
32025D1785,2025-09-09,2025,EN 71-1:2014+A1:2018,CEN,number,none,AMENDING
32025D1785,2025-09-09,2025,EN 71-1:2014+A1:2018,CEN,number,none,AMENDING
32025D1785,2025-09-09,2025,EN 71-1:2014+A1:2018,CEN,number,none,AMENDING
32025D1785,2025-09-09,2025,EN 71-1:2014+A1:2018,CEN,number,addition,AMENDING
32025D1785,2025-09-09,2025,EN 71-1:2014+A1:2018,CEN,number,addition,AMENDING
32025D1793,2025-09-10,2025,EN 30-2-1:2024,CEN,number,none,AMENDING
32025D1793,2025-09-10,2025,EN 88-2:2022+A1:2024,CEN,number,none,AMENDING
32025D1793,2025-09-10,2025,EN 88-3:2022+A1:2024,CEN,number,none,AMENDING
32025D1793,2025-09-10,2025,EN 125:2022+A1:2024,CEN,number,none,AMENDING
32025D1793,2025-09-10,2025,EN 15502-2-2:2024,CEN,number,none,AMENDING
32025D1793,2025-09-10,2025,EN 16304:2022+A1:2024,CEN,number,none,AMENDING
32025D1793,2025-09-10,2025,EN 30-2-1:2024,CEN,number,none,AMENDING
32025D1793,2025-09-10,2025,EN 88-2:2022+A1:2024,CEN,number,none,AMENDING
32025D1793,2025-09-10,2025,EN 88-3:2022+A1:2024,CEN,number,none,AMENDING
32025D1793,2025-09-10,2025,EN 125:2022+A1:2024,CEN,number,none,AMENDING
32025D1793,2025-09-10,2025,EN 15502-2-2:2024,CEN,number,none,AMENDING
32025D1793,2025-09-10,2025,EN 16304:2022+A1:2024,CEN,number,none,AMENDING
32025D1793,2025-09-10,2025,EN 30-2-1:2024,CEN,number,none,AMENDING
32025D1793,2025-09-10,2025,EN 88-2:2022+A1:2024,CEN,number,none,AMENDING
32025D1793,2025-09-10,2025,EN 88-3:2022+A1:2024,CEN,number,none,AMENDING
32025D1793,2025-09-10,2025,EN 125:2022+A1:2024,CEN,number,none,AMENDING
32025D1793,2025-09-10,2025,EN 15502-2-2:2024,CEN,number,none,AMENDING
32025D1793,2025-09-10,2025,EN 16304:2022+A1:2024,CEN,number,none,AMENDING
32025D1793,2025-09-10,2025,EN 15502-2-1:2022+A1:2023,CEN,number,none,AMENDING
32025D1793,2025-09-10,2025,EN 15502-2-1:2022+A1:2023,CEN,number,none,AMENDING
32025D1793,2025-09-10,2025,EN 15502-2-1:2022+A1:2023,CEN,number,none,AMENDING
32025D1793,2025-09-10,2025,EN 15502-2-1:2022+A1:2023,CEN,number,none,AMENDING
32025D1793,2025-09-10,2025,EN 15502-2-1:2022+A1:2023,CEN,number,none,AMENDING
32025D1793,2025-09-10,2025,EN 15502-2-1:2022+A1:2023,CEN,number,none,AMENDING
32025D1793,2025-09-10,2025,EN 15502-2-1:2022+A1:2023,CEN,number,none,AMENDING
32025D1793,2025-09-10,2025,EN 15502-2-1:2022+A1:2023,CEN,number,none,AMENDING
32025D1793,2025-09-10,2025,EN 30-2-1:2024,CEN,number,addition,AMENDING
32025D1793,2025-09-10,2025,EN 88-2:2022+A1:2024,CEN,number,addition,AMENDING
32025D1793,2025-09-10,2025,EN 88-3:2022+A1:2024,CEN,number,addition,AMENDING
32025D1793,2025-09-10,2025,EN 125:2022+A1:2024,CEN,number,addition,AMENDING
32025D1793,2025-09-10,2025,EN 15502-2-2:2024,CEN,number,addition,AMENDING
32025D1793,2025-09-10,2025,EN 16304:2022+A1:2024,CEN,number,addition,AMENDING
32025D1793,2025-09-10,2025,EN 15502-2-1:2022+A1:2023,CEN,number,addition,AMENDING
32025D1793,2025-09-10,2025,EN 15502-2-1:2022+A1:2023,CEN,number,addition,AMENDING
32025D1810,2025-09-11,2025,EN 1953:2013,CEN,number,none,AMENDING
32025D1810,2025-09-11,2025,EN 1953:2025,CEN,number,none,AMENDING
32025D1810,2025-09-11,2025,EN 12621:2006+A1:2010,CEN,number,none,AMENDING
32025D1810,2025-09-11,2025,EN 12621:2025,CEN,number,none,AMENDING
32025D1810,2025-09-11,2025,EN 14373:2021,CEN,number,none,AMENDING
32025D1810,2025-09-11,2025,EN 14373:2021,CEN,number,none,AMENDING
32025D1810,2025-09-11,2025,EN 50176:2009,CENELEC,number,none,AMENDING
32025D1810,2025-09-11,2025,EN 50176:2025,CENELEC,number,none,AMENDING
32025D1810,2025-09-11,2025,EN 1953:2025,CEN,number,none,AMENDING
32025D1810,2025-09-11,2025,EN 12621:2025,CEN,number,none,AMENDING
32025D1810,2025-09-11,2025,EN 14373:2021,CEN,number,none,AMENDING
32025D1810,2025-09-11,2025,EN 50176:2025,CENELEC,number,none,AMENDING
32025D1810,2025-09-11,2025,EN 1953:2025,CEN,number,none,AMENDING
32025D1810,2025-09-11,2025,EN 12621:2025,CEN,number,none,AMENDING
32025D1810,2025-09-11,2025,EN 14373:2021,CEN,number,none,AMENDING
32025D1810,2025-09-11,2025,EN 50176:2025,CENELEC,number,none,AMENDING
32025D1810,2025-09-11,2025,EN 1953:2025,CEN,number,none,AMENDING
32025D1810,2025-09-11,2025,EN 12621:2025,CEN,number,none,AMENDING
32025D1810,2025-09-11,2025,EN 14373:2021,CEN,number,none,AMENDING
32025D1810,2025-09-11,2025,EN 50176:2025,CENELEC,number,none,AMENDING
32025D1810,2025-09-11,2025,EN 1953:2013,CEN,number,none,AMENDING
32025D1810,2025-09-11,2025,EN 12621:2006+A1:2010,CEN,number,none,AMENDING
32025D1810,2025-09-11,2025,EN 14373:2021,CEN,number,none,AMENDING
32025D1810,2025-09-11,2025,EN 50176:2009,CENELEC,number,none,AMENDING
32025D1810,2025-09-11,2025,EN 1953:2025,CEN,number,none,AMENDING
32025D1810,2025-09-11,2025,EN 12621:2025,CEN,number,none,AMENDING
32025D1810,2025-09-11,2025,EN 14373:2021,CEN,number,none,AMENDING
32025D1810,2025-09-11,2025,EN 50176:2025,CENELEC,number,none,AMENDING
32025D1810,2025-09-11,2025,EN 1953:2013,CEN,number,none,AMENDING
32025D1810,2025-09-11,2025,EN 12621:2006+A1:2010,CEN,number,none,AMENDING
32025D1810,2025-09-11,2025,EN 14373:2021,CEN,number,none,AMENDING
32025D1810,2025-09-11,2025,EN 50176:2009,CENELEC,number,none,AMENDING
32025D1810,2025-09-11,2025,EN 1953:2025,CEN,number,addition,AMENDING
32025D1810,2025-09-11,2025,EN 12621:2025,CEN,number,addition,AMENDING
32025D1810,2025-09-11,2025,EN 14373:2021,CEN,number,addition,AMENDING
32025D1810,2025-09-11,2025,EN 50176:2025,CENELEC,number,addition,AMENDING
32025D1939,2025-09-24,2025,EN 1434-1:2022,CEN,number,none,AMENDING
32025D1939,2025-09-24,2025,EN 1434-2:2022,CEN,number,none,AMENDING
32025D1939,2025-09-24,2025,EN 1434-4:2022,CEN,number,none,AMENDING
32025D1939,2025-09-24,2025,EN 1434-5:2022,CEN,number,none,AMENDING
32025D1939,2025-09-24,2025,EN 1434-6:2022,CEN,number,none,AMENDING
32025D1939,2025-09-24,2025,EN 1434-1:2022,CEN,number,none,AMENDING
32025D1939,2025-09-24,2025,EN 1434-2:2022,CEN,number,none,AMENDING
32025D1939,2025-09-24,2025,EN 1434-4:2022,CEN,number,none,AMENDING
32025D1939,2025-09-24,2025,EN 1434-5:2022,CEN,number,none,AMENDING
32025D1939,2025-09-24,2025,EN 1434-6:2022,CEN,number,none,AMENDING
32025D1939,2025-09-24,2025,EN 1434-1:2022,CEN,number,none,AMENDING
32025D1939,2025-09-24,2025,EN 1434-2:2022,CEN,number,none,AMENDING
32025D1939,2025-09-24,2025,EN 1434-4:2022,CEN,number,none,AMENDING
32025D1939,2025-09-24,2025,EN 1434-5:2022,CEN,number,none,AMENDING
32025D1939,2025-09-24,2025,EN 1434-6:2022,CEN,number,none,AMENDING
32025D1939,2025-09-24,2025,EN 1434-1:2022,CEN,number,none,AMENDING
32025D1939,2025-09-24,2025,EN 1434-2:2022,CEN,number,none,AMENDING
32025D1939,2025-09-24,2025,EN 1434-4:2022,CEN,number,none,AMENDING
32025D1939,2025-09-24,2025,EN 1434-5:2022,CEN,number,none,AMENDING
32025D1939,2025-09-24,2025,EN 1434-6:2022,CEN,number,none,AMENDING
32025D1939,2025-09-24,2025,EN 1434-1:2022,CEN,number,addition,AMENDING
32025D1939,2025-09-24,2025,EN 1434-2:2022,CEN,number,addition,AMENDING
32025D1939,2025-09-24,2025,EN 1434-4:2022,CEN,number,addition,AMENDING
32025D1939,2025-09-24,2025,EN 1434-5:2022,CEN,number,addition,AMENDING
32025D1939,2025-09-24,2025,EN 1434-6:2022,CEN,number,addition,AMENDING
32025D2078,2025-10-17,2025,EN 13795-1:2019,CEN,number,none,AMENDING
32025D2078,2025-10-17,2025,EN 13795-2:2019,CEN,number,none,AMENDING
32025D2078,2025-10-17,2025,EN 14683:2019,CEN,number,none,AMENDING
32025D2078,2025-10-17,2025,EN 14180:2014,CEN,number,none,AMENDING
32025D2078,2025-10-17,2025,EN 13795-1:2025,CEN,number,none,AMENDING
32025D2078,2025-10-17,2025,EN 13795-2:2025,CEN,number,none,AMENDING
32025D2078,2025-10-17,2025,EN 14683:2025,CEN,number,none,AMENDING
32025D2078,2025-10-17,2025,EN 14180:2025,CEN,number,none,AMENDING
32025D2078,2025-10-17,2025,EN 13795-1:2025,CEN,number,addition,AMENDING
32025D2078,2025-10-17,2025,EN 13795-2:2025,CEN,number,addition,AMENDING
32025D2078,2025-10-17,2025,EN 14683:2025,CEN,number,addition,AMENDING
32025D2078,2025-10-17,2025,EN 14180:2025,CEN,number,addition,AMENDING
32025D2499,2025-12-09,2025,EN 303 659 V1.1.1,ETSI,spaced,none,AMENDING
32025D2499,2025-12-09,2025,EN 305 550-6 V1.2.1,CEN,number,none,AMENDING
32025D2499,2025-12-09,2025,EN 300 220-2 V3.1.1,ETSI,spaced,none,AMENDING
32025D2499,2025-12-09,2025,EN 302 480 V2.2.1,ETSI,spaced,none,AMENDING
32025D2499,2025-12-09,2025,EN 302 729 V2.1.1,ETSI,spaced,none,AMENDING
32025D2499,2025-12-09,2025,EN 300 220-2 V3.3.1,ETSI,spaced,none,AMENDING
32025D2499,2025-12-09,2025,EN 302 480 V3.1.1,ETSI,spaced,none,AMENDING
32025D2499,2025-12-09,2025,EN 302 729-1 V3.1.1,ETSI,spaced,none,AMENDING
32025D2499,2025-12-09,2025,EN 303 659 V1.1.1,ETSI,spaced,none,AMENDING
32025D2499,2025-12-09,2025,EN 305 550-6 V1.2.1,CEN,number,none,AMENDING
32025D2499,2025-12-09,2025,EN 300 220-2 V3.3.1,ETSI,spaced,none,AMENDING
32025D2499,2025-12-09,2025,EN 302 480 V3.1.1,ETSI,spaced,none,AMENDING
32025D2499,2025-12-09,2025,EN 302 729-1 V3.1.1,ETSI,spaced,none,AMENDING
32025D2499,2025-12-09,2025,EN 303 659 V1.1.1,ETSI,spaced,none,AMENDING
32025D2499,2025-12-09,2025,EN 305 550-6 V1.2.1,CEN,number,none,AMENDING
32025D2499,2025-12-09,2025,EN 300 220-2 V3.3.1,ETSI,spaced,none,AMENDING
32025D2499,2025-12-09,2025,EN 302 480 V3.1.1,ETSI,spaced,none,AMENDING
32025D2499,2025-12-09,2025,EN 300 220-2 V3.1.1,ETSI,spaced,none,AMENDING
32025D2499,2025-12-09,2025,EN 302 480 V2.2.1,ETSI,spaced,none,AMENDING
32025D2499,2025-12-09,2025,EN 302 729 V2.1.1,ETSI,spaced,none,AMENDING
32025D2499,2025-12-09,2025,EN 300 220-2 V3.1.1,ETSI,spaced,none,AMENDING
32025D2499,2025-12-09,2025,EN 302 480 V2.2.1,ETSI,spaced,none,AMENDING
32025D2499,2025-12-09,2025,EN 302 729 V2.1.1,ETSI,spaced,none,AMENDING
32025D2499,2025-12-09,2025,EN 302 480 V3.1.1,ETSI,spaced,addition,AMENDING
32025D2499,2025-12-09,2025,EN 303 659 V1.1.1,ETSI,spaced,addition,AMENDING
32025D2519,2025-12-15,2025,EN 71-13:2021+A1:2022,CEN,number,none,AMENDING
32025D2519,2025-12-15,2025,EN 71-3:2019+A1:2021,CEN,number,none,AMENDING
32025D2519,2025-12-15,2025,EN 71-13:2021+A2:2024,CEN,number,none,AMENDING
32025D2519,2025-12-15,2025,EN 71-3:2019+A2:2024,CEN,number,none,AMENDING
32025D2519,2025-12-15,2025,EN 71-13:2021+A2:2024,CEN,number,none,AMENDING
32025D2519,2025-12-15,2025,EN 71-3:2019+A2:2024,CEN,number,none,AMENDING
32025D2519,2025-12-15,2025,EN 71-13:2021+A2:2024,CEN,number,none,AMENDING
32025D2519,2025-12-15,2025,EN 71-3:2019+A2:2024,CEN,number,none,AMENDING
32025D2519,2025-12-15,2025,EN 71-13:2021+A2:2024,CEN,number,none,AMENDING
32025D2519,2025-12-15,2025,EN 71-3:2019+A2:2024,CEN,number,none,AMENDING
32025D2519,2025-12-15,2025,EN 71-13:2021+A1:2022,CEN,number,none,AMENDING
32025D2519,2025-12-15,2025,EN 71-13:2021+A2:2024,CEN,number,none,AMENDING
32025D2519,2025-12-15,2025,EN 71-3:2019+A2:2024,CEN,number,none,AMENDING
32025D2519,2025-12-15,2025,EN 71-13:2021+A1:2022,CEN,number,none,AMENDING
32025D2519,2025-12-15,2025,EN 71-13:2021+A2:2024,CEN,number,addition,AMENDING
32026D0079,2026-01-12,2026,EN 10216-2:2013,CEN,number,none,AMENDING
32026D0079,2026-01-12,2026,EN 10216-2:2024,CEN,number,none,AMENDING
32026D0079,2026-01-12,2026,EN 10253-4:2008,CEN,number,none,AMENDING
32026D0079,2026-01-12,2026,EN 10253-4:2025,CEN,number,none,AMENDING
32026D0079,2026-01-12,2026,EN 12163:2024,CEN,number,none,AMENDING
32026D0079,2026-01-12,2026,EN 12164:2024,CEN,number,none,AMENDING
32026D0079,2026-01-12,2026,EN 12166:2024,CEN,number,none,AMENDING
32026D0079,2026-01-12,2026,EN 12167:2024,CEN,number,none,AMENDING
32026D0079,2026-01-12,2026,EN 12168:2024,CEN,number,none,AMENDING
32026D0079,2026-01-12,2026,EN 12420:2014,CEN,number,none,AMENDING
32026D0079,2026-01-12,2026,EN 12420:2024,CEN,number,none,AMENDING
32026D0079,2026-01-12,2026,EN 12735-2:2016,CEN,number,none,AMENDING
32026D0079,2026-01-12,2026,EN 12735-2:2024,CEN,number,none,AMENDING
32026D0079,2026-01-12,2026,EN 13445-11:2024,CEN,number,none,AMENDING
32026D0079,2026-01-12,2026,EN 13445-5:2021,CEN,number,none,AMENDING
32026D0079,2026-01-12,2026,EN 13445-5:2021+A1:2024,CEN,number,none,AMENDING
32026D0079,2026-01-12,2026,EN 1591-1:2013,CEN,number,none,AMENDING
32026D0079,2026-01-12,2026,EN 1591-1:2024,CEN,number,none,AMENDING
32026D0079,2026-01-12,2026,EN 16668:2016+A1:2018,CEN,number,none,AMENDING
32026D0079,2026-01-12,2026,EN 16668:2025,CEN,number,none,AMENDING
32026D0079,2026-01-12,2026,EN 1982:2024,CEN,number,none,AMENDING
32026D0079,2026-01-12,2026,EN ISO 4126-10:2024,ISO,explicit,none,AMENDING
32026D0079,2026-01-12,2026,EN 10216-2:2024,CEN,number,none,AMENDING
32026D0079,2026-01-12,2026,EN 10253-4:2025,CEN,number,none,AMENDING
32026D0079,2026-01-12,2026,EN 12163:2024,CEN,number,none,AMENDING
32026D0079,2026-01-12,2026,EN 12164:2024,CEN,number,none,AMENDING
32026D0079,2026-01-12,2026,EN 12166:2024,CEN,number,none,AMENDING
32026D0079,2026-01-12,2026,EN 12167:2024,CEN,number,none,AMENDING
32026D0079,2026-01-12,2026,EN 12168:2024,CEN,number,none,AMENDING
32026D0079,2026-01-12,2026,EN 12420:2024,CEN,number,none,AMENDING
32026D0079,2026-01-12,2026,EN 12735-2:2024,CEN,number,none,AMENDING
32026D0079,2026-01-12,2026,EN 13445-11:2024,CEN,number,none,AMENDING
32026D0079,2026-01-12,2026,EN 13445-5:2021+A1:2024,CEN,number,none,AMENDING
32026D0079,2026-01-12,2026,EN 1591-1:2024,CEN,number,none,AMENDING
32026D0079,2026-01-12,2026,EN 16668:2025,CEN,number,none,AMENDING
32026D0079,2026-01-12,2026,EN 1982:2024,CEN,number,none,AMENDING
32026D0079,2026-01-12,2026,EN ISO 4126-10:2024,ISO,explicit,none,AMENDING
32026D0079,2026-01-12,2026,EN 10216-2:2013,CEN,number,none,AMENDING
32026D0079,2026-01-12,2026,EN 10253-4:2008,CEN,number,none,AMENDING
32026D0079,2026-01-12,2026,EN 12420:2014,CEN,number,none,AMENDING
32026D0079,2026-01-12,2026,EN 12735-2:2016,CEN,number,none,AMENDING
32026D0079,2026-01-12,2026,EN 13445-5:2021,CEN,number,none,AMENDING
32026D0079,2026-01-12,2026,EN 1591-1:2013,CEN,number,none,AMENDING
32026D0079,2026-01-12,2026,EN 16668:2016+A1:2018,CEN,number,none,AMENDING
32026D0079,2026-01-12,2026,EN 10216-2:2013,CEN,number,none,AMENDING
32026D0079,2026-01-12,2026,EN 10253-4:2008,CEN,number,none,AMENDING
32026D0079,2026-01-12,2026,EN 12420:2014,CEN,number,none,AMENDING
32026D0079,2026-01-12,2026,EN 12735-2:2016,CEN,number,none,AMENDING
32026D0079,2026-01-12,2026,EN 13445-5:2021,CEN,number,none,AMENDING
32026D0079,2026-01-12,2026,EN 1591-1:2013,CEN,number,none,AMENDING
32026D0079,2026-01-12,2026,EN 16668:2016+A1:2018,CEN,number,none,AMENDING
32026D0079,2026-01-12,2026,EN 1591-1:2024,CEN,number,addition,AMENDING
32026D0079,2026-01-12,2026,EN 10216-2:2024,CEN,number,addition,AMENDING
32026D0079,2026-01-12,2026,EN 10253-4:2025,CEN,number,addition,AMENDING
32026D0079,2026-01-12,2026,EN 12420:2024,CEN,number,addition,AMENDING
32026D0079,2026-01-12,2026,EN 12735-2:2024,CEN,number,addition,AMENDING
32026D0079,2026-01-12,2026,EN 13445-5:2021+A1:2024,CEN,number,addition,AMENDING
32026D0079,2026-01-12,2026,EN 16668:2025,CEN,number,addition,AMENDING
32026D0079,2026-01-12,2026,EN 12163:2024,CEN,number,addition,AMENDING
32026D0079,2026-01-12,2026,EN 12164:2024,CEN,number,addition,AMENDING
32026D0079,2026-01-12,2026,EN 12166:2024,CEN,number,addition,AMENDING
32026D0079,2026-01-12,2026,EN 12167:2024,CEN,number,addition,AMENDING
32026D0079,2026-01-12,2026,EN 12168:2024,CEN,number,addition,AMENDING
32026D0079,2026-01-12,2026,EN 13445-11:2024,CEN,number,addition,AMENDING
32026D0079,2026-01-12,2026,EN 1982:2024,CEN,number,addition,AMENDING
32026D0079,2026-01-12,2026,EN ISO 4126-10:2024,ISO,explicit,addition,AMENDING
32026D0153,2026-01-23,2026,EN 14717:2024,CEN,number,none,FULL_LIST
32026D0153,2026-01-23,2026,EN 14717:2024,CEN,number,none,FULL_LIST
32026D0153,2026-01-23,2026,EN 14717:2024,CEN,number,none,FULL_LIST
32026D0193,2026-01-28,2026,EN ISO 7197:2009,ISO,explicit,none,AMENDING
32026D0193,2026-01-28,2026,EN ISO 10993-4:2017,ISO,explicit,none,AMENDING
32026D0193,2026-01-28,2026,EN ISO 14155:2020,ISO,explicit,none,AMENDING
32026D0193,2026-01-28,2026,EN ISO 14630:2012,ISO,explicit,none,AMENDING
32026D0193,2026-01-28,2026,EN ISO 21535:2009,ISO,explicit,none,AMENDING
32026D0193,2026-01-28,2026,EN ISO 21536:2009,ISO,explicit,none,AMENDING
32026D0193,2026-01-28,2026,EN ISO 17665-1:2006,ISO,explicit,none,AMENDING
32026D0193,2026-01-28,2026,EN ISO 18562-1:2020,ISO,explicit,none,AMENDING
32026D0193,2026-01-28,2026,EN ISO 18562-2:2020,ISO,explicit,none,AMENDING
32026D0193,2026-01-28,2026,EN ISO 18562-3:2020,ISO,explicit,none,AMENDING
32026D0193,2026-01-28,2026,EN ISO 18562-4:2020,ISO,explicit,none,AMENDING
32026D0193,2026-01-28,2026,EN ISO 7197:2024,ISO,explicit,none,AMENDING
32026D0193,2026-01-28,2026,EN ISO 14630:2024,ISO,explicit,none,AMENDING
32026D0193,2026-01-28,2026,EN ISO 17665:2024,ISO,explicit,none,AMENDING
32026D0193,2026-01-28,2026,EN ISO 18562-1:2024,ISO,explicit,none,AMENDING
32026D0193,2026-01-28,2026,EN ISO 18562-2:2024,ISO,explicit,none,AMENDING
32026D0193,2026-01-28,2026,EN ISO 18562-3:2024,ISO,explicit,none,AMENDING
32026D0193,2026-01-28,2026,EN ISO 18562-4:2024,ISO,explicit,none,AMENDING
32026D0193,2026-01-28,2026,EN ISO 21535:2024,ISO,explicit,none,AMENDING
32026D0193,2026-01-28,2026,EN ISO 21536:2024,ISO,explicit,none,AMENDING
32026D0193,2026-01-28,2026,EN ISO 80369-2:2024,ISO,explicit,none,AMENDING
32026D0193,2026-01-28,2026,EN ISO 10993-4:2017,ISO,explicit,none,AMENDING
32026D0193,2026-01-28,2026,EN ISO 14155:2020,ISO,explicit,none,AMENDING
32026D0193,2026-01-28,2026,EN ISO 7197:2024,ISO,explicit,addition,AMENDING
32026D0193,2026-01-28,2026,EN ISO 10993-4:2017,ISO,explicit,addition,AMENDING
32026D0193,2026-01-28,2026,EN ISO 10993-4:2017,ISO,explicit,addition,AMENDING
32026D0193,2026-01-28,2026,EN ISO 14155:2020,ISO,explicit,addition,AMENDING
32026D0193,2026-01-28,2026,EN ISO 14155:2020,ISO,explicit,addition,AMENDING
32026D0193,2026-01-28,2026,EN ISO 14630:2024,ISO,explicit,addition,AMENDING
32026D0193,2026-01-28,2026,EN ISO 17665:2024,ISO,explicit,addition,AMENDING
32026D0193,2026-01-28,2026,EN ISO 18562-1:2024,ISO,explicit,addition,AMENDING
32026D0193,2026-01-28,2026,EN ISO 18562-2:2024,ISO,explicit,addition,AMENDING
32026D0193,2026-01-28,2026,EN ISO 18562-3:2024,ISO,explicit,addition,AMENDING
32026D0193,2026-01-28,2026,EN ISO 18562-4:2024,ISO,explicit,addition,AMENDING
32026D0193,2026-01-28,2026,EN ISO 21535:2024,ISO,explicit,addition,AMENDING
32026D0193,2026-01-28,2026,EN ISO 21536:2024,ISO,explicit,addition,AMENDING
32026D0193,2026-01-28,2026,EN ISO 80369-2:2024,ISO,explicit,addition,AMENDING
32026D0197,2026-01-28,2026,EN ISO 17665-1:2006,ISO,explicit,none,AMENDING
32026D0197,2026-01-28,2026,EN ISO 18113-1:2011,ISO,explicit,none,AMENDING
32026D0197,2026-01-28,2026,EN ISO 18113-2:2011,ISO,explicit,none,AMENDING
32026D0197,2026-01-28,2026,EN ISO 18113-3:2011,ISO,explicit,none,AMENDING
32026D0197,2026-01-28,2026,EN ISO 18113-4:2011,ISO,explicit,none,AMENDING
32026D0197,2026-01-28,2026,EN ISO 18113-5:2011,ISO,explicit,none,AMENDING
32026D0197,2026-01-28,2026,EN ISO 17665:2024,ISO,explicit,none,AMENDING
32026D0197,2026-01-28,2026,EN ISO 18113-1:2024,ISO,explicit,none,AMENDING
32026D0197,2026-01-28,2026,EN ISO 18113-2:2024,ISO,explicit,none,AMENDING
32026D0197,2026-01-28,2026,EN ISO 18113-3:2024,ISO,explicit,none,AMENDING
32026D0197,2026-01-28,2026,EN ISO 18113-4:2024,ISO,explicit,none,AMENDING
32026D0197,2026-01-28,2026,EN ISO 18113-5:2024,ISO,explicit,none,AMENDING
32026D0197,2026-01-28,2026,EN ISO 17665:2024,ISO,explicit,addition,AMENDING
32026D0197,2026-01-28,2026,EN ISO 18113-1:2024,ISO,explicit,addition,AMENDING
32026D0197,2026-01-28,2026,EN ISO 18113-2:2024,ISO,explicit,addition,AMENDING
32026D0197,2026-01-28,2026,EN ISO 18113-3:2024,ISO,explicit,addition,AMENDING
32026D0197,2026-01-28,2026,EN ISO 18113-4:2024,ISO,explicit,addition,AMENDING
32026D0197,2026-01-28,2026,EN ISO 18113-5:2024,ISO,explicit,addition,AMENDING
32026D0284,2026-02-06,2026,EN 15250:2007,CEN,number,none,AMENDING
32026D0284,2026-02-06,2026,EN 15821:2010,CEN,number,none,AMENDING
32026D0284,2026-02-06,2026,EN 16510-2-5:2025,CEN,number,none,AMENDING
32026D0284,2026-02-06,2026,EN 16510-2-10:2025,CEN,number,none,AMENDING
32026D0284,2026-02-06,2026,EN 16510-2-7:2025,CEN,number,none,AMENDING
32026D0284,2026-02-06,2026,EN 13240:2001,CEN,number,none,AMENDING
32026D0284,2026-02-06,2026,EN 14785:2006,CEN,number,none,AMENDING
32026D0284,2026-02-06,2026,EN 16510-2-7:2025,CEN,number,none,AMENDING
32026D0284,2026-02-06,2026,EN 17235:2024,CEN,number,none,AMENDING
32026D0284,2026-02-06,2026,EN 17235:2024,CEN,number,none,AMENDING
32026D0284,2026-02-06,2026,EN 17235:2024,CEN,number,none,AMENDING
32026D0284,2026-02-06,2026,EN 17235:2024,CEN,number,none,AMENDING
32026D0284,2026-02-06,2026,EN 16510-2-10:2025,CEN,number,none,AMENDING
32026D0284,2026-02-06,2026,EN 16510-2-5:2025,CEN,number,none,AMENDING
32026D0284,2026-02-06,2026,EN 16510-2-7:2025,CEN,number,none,AMENDING
32026D0284,2026-02-06,2026,EN 17235:2024,CEN,number,none,AMENDING
32026D0284,2026-02-06,2026,EN 16510-2-5:2025,CEN,number,addition,AMENDING
32026D0284,2026-02-06,2026,EN 15250:2007,CEN,number,addition,AMENDING
32026D0284,2026-02-06,2026,EN 16510-2-7:2025,CEN,number,addition,AMENDING
32026D0284,2026-02-06,2026,EN 13240:2001,CEN,number,addition,AMENDING
32026D0284,2026-02-06,2026,EN 14785:2006,CEN,number,addition,AMENDING
32026D0284,2026-02-06,2026,EN 16510-2-10:2025,CEN,number,addition,AMENDING
32026D0284,2026-02-06,2026,EN 15821:2010,CEN,number,addition,AMENDING
32026D0284,2026-02-06,2026,EN 17235:2024,CEN,number,addition,AMENDING
32026D0375,2026-02-20,2026,EN ISO 20387:2020,ISO,explicit,none,FULL_LIST
32026D0375,2026-02-20,2026,EN ISO 20387:2020,ISO,explicit,none,FULL_LIST
32026D0375,2026-02-20,2026,EN ISO 20387:2020,ISO,explicit,none,FULL_LIST
32026D0375,2026-02-20,2026,EN ISO 20387:2020,ISO,explicit,none,FULL_LIST
32026D0375,2026-02-20,2026,EN ISO 20387:2020,ISO,explicit,none,FULL_LIST
32026D0375,2026-02-20,2026,EN ISO 20387:2020,ISO,explicit,none,FULL_LIST
32026D0375,2026-02-20,2026,EN ISO 20387:2020,ISO,explicit,none,FULL_LIST
32026D0375,2026-02-20,2026,EN ISO 20387:2020,ISO,explicit,none,FULL_LIST
32025D1810R(01),2026-03-03,2026,EN 14373:2021,CEN,number,none,CORRIGENDUM
32025D1810R(01),2026-03-03,2026,EN 14373:2021+A1:2025,CEN,number,none,CORRIGENDUM
32026D0546,2026-03-12,2026,EN 415-2:2025,CEN,number,none,AMENDING
32026D0546,2026-03-12,2026,EN 1459-4:2020+A1:2025,CEN,number,none,AMENDING
32026D0546,2026-03-12,2026,EN 15180:2025,CEN,number,none,AMENDING
32026D0546,2026-03-12,2026,EN 17076:2020+A1:2025,CEN,number,none,AMENDING
32026D0546,2026-03-12,2026,EN 17639:2025,CEN,number,none,AMENDING
32026D0546,2026-03-12,2026,EN 17923:2025,CEN,number,none,AMENDING
32026D0546,2026-03-12,2026,EN 81-43:2009,CEN,number,none,AMENDING
32026D0546,2026-03-12,2026,EN 1459-1:2017,CEN,number,none,AMENDING
32026D0546,2026-03-12,2026,EN 13001-3-1:2012+A2:2018,CEN,number,none,AMENDING
32026D0546,2026-03-12,2026,EN 13204:2016,CEN,number,none,AMENDING
32026D0546,2026-03-12,2026,EN 13852-1:2013,CEN,number,none,AMENDING
32026D0546,2026-03-12,2026,EN 14439:2006+A2:2009,CEN,number,none,AMENDING
32026D0546,2026-03-12,2026,EN 15895:2011+A1:2018,CEN,number,none,AMENDING
32026D0546,2026-03-12,2026,EN 15954-2:2013,CEN,number,none,AMENDING
32026D0546,2026-03-12,2026,EN 15955-2:2013,CEN,number,none,AMENDING
32026D0546,2026-03-12,2026,EN 415-8:2025,CEN,number,none,AMENDING
32026D0546,2026-03-12,2026,EN 1459-1:2025,CEN,number,none,AMENDING
32026D0546,2026-03-12,2026,EN 13001-3-1:2025,CEN,number,none,AMENDING
32026D0546,2026-03-12,2026,EN 13204:2025,CEN,number,none,AMENDING
32026D0546,2026-03-12,2026,EN 13852-1:2025,CEN,number,none,AMENDING
32026D0546,2026-03-12,2026,EN 14439:2025,CEN,number,none,AMENDING
32026D0546,2026-03-12,2026,EN 15895:2025,CEN,number,none,AMENDING
32026D0546,2026-03-12,2026,EN 15955-2:2025,CEN,number,none,AMENDING
32026D0546,2026-03-12,2026,EN 1459-5:2020,CEN,number,none,AMENDING
32026D0546,2026-03-12,2026,EN 12312-15:2006+A1:2009,CEN,number,none,AMENDING
32026D0546,2026-03-12,2026,EN 12965:2019,CEN,number,none,AMENDING
32026D0546,2026-03-12,2026,EN 12999:2020,CEN,number,none,AMENDING
32026D0546,2026-03-12,2026,EN 13155:2003+A2:2009,CEN,number,none,AMENDING
32026D0546,2026-03-12,2026,EN 1459-5:2020+A1:2025,CEN,number,none,AMENDING
32026D0546,2026-03-12,2026,EN 12312-15:2020+A2:2025,CEN,number,none,AMENDING
32026D0546,2026-03-12,2026,EN 12965:2019+A1:2025,CEN,number,none,AMENDING
32026D0546,2026-03-12,2026,EN 12999:2020+A1:2025,CEN,number,none,AMENDING
32026D0546,2026-03-12,2026,EN 13155:2020+A1:2025,CEN,number,none,AMENDING
32026D0546,2026-03-12,2026,EN 17744:2025,CEN,number,none,AMENDING
32026D0546,2026-03-12,2026,EN 415-8:2025,CEN,number,none,AMENDING
32026D0546,2026-03-12,2026,EN 1459-1:2025,CEN,number,none,AMENDING
32026D0546,2026-03-12,2026,EN 1459-4:2020+A1:2025,CEN,number,none,AMENDING
32026D0546,2026-03-12,2026,EN 1459-5:2020+A1:2025,CEN,number,none,AMENDING
32026D0546,2026-03-12,2026,EN 12312-15:2020+A2:2025,CEN,number,none,AMENDING
32026D0546,2026-03-12,2026,EN 12965:2019+A1:2025,CEN,number,none,AMENDING
32026D0546,2026-03-12,2026,EN 12999:2020+A1:2025,CEN,number,none,AMENDING
32026D0546,2026-03-12,2026,EN 13001-3-1:2025,CEN,number,none,AMENDING
32026D0546,2026-03-12,2026,EN 13155:2020+A1:2025,CEN,number,none,AMENDING
32026D0546,2026-03-12,2026,EN 13204:2025,CEN,number,none,AMENDING
32026D0546,2026-03-12,2026,EN 13852-1:2025,CEN,number,none,AMENDING
32026D0546,2026-03-12,2026,EN 14439:2025,CEN,number,none,AMENDING
32026D0546,2026-03-12,2026,EN 15180:2025,CEN,number,none,AMENDING
32026D0546,2026-03-12,2026,EN 15895:2025,CEN,number,none,AMENDING
32026D0546,2026-03-12,2026,EN 15955-2:2025,CEN,number,none,AMENDING
32026D0546,2026-03-12,2026,EN 17076:2020+A1:2025,CEN,number,none,AMENDING
32026D0546,2026-03-12,2026,EN 17639:2025,CEN,number,none,AMENDING
32026D0546,2026-03-12,2026,EN 17744:2025,CEN,number,none,AMENDING
32026D0546,2026-03-12,2026,EN 17923:2025,CEN,number,none,AMENDING
32026D0546,2026-03-12,2026,EN 81-43:2025,CEN,number,none,AMENDING
32026D0546,2026-03-12,2026,EN 415-2:2025,CEN,number,none,AMENDING
32026D0546,2026-03-12,2026,EN 415-8:2025,CEN,number,none,AMENDING
32026D0546,2026-03-12,2026,EN 1459-1:2025,CEN,number,none,AMENDING
32026D0546,2026-03-12,2026,EN 1459-4:2020+A1:2025,CEN,number,none,AMENDING
32026D0546,2026-03-12,2026,EN 1459-5:2020+A1:2025,CEN,number,none,AMENDING
32026D0546,2026-03-12,2026,EN 12312-15:2020+A2:2025,CEN,number,none,AMENDING
32026D0546,2026-03-12,2026,EN 12965:2019+A1:2025,CEN,number,none,AMENDING
32026D0546,2026-03-12,2026,EN 12999:2020+A1:2025,CEN,number,none,AMENDING
32026D0546,2026-03-12,2026,EN 13001-3-1:2025,CEN,number,none,AMENDING
32026D0546,2026-03-12,2026,EN 13155:2020+A1:2025,CEN,number,none,AMENDING
32026D0546,2026-03-12,2026,EN 13204:2025,CEN,number,none,AMENDING
32026D0546,2026-03-12,2026,EN 13852-1:2025,CEN,number,none,AMENDING
32026D0546,2026-03-12,2026,EN 14439:2025,CEN,number,none,AMENDING
32026D0546,2026-03-12,2026,EN 15180:2025,CEN,number,none,AMENDING
32026D0546,2026-03-12,2026,EN 15895:2025,CEN,number,none,AMENDING
32026D0546,2026-03-12,2026,EN 15955-2:2025,CEN,number,none,AMENDING
32026D0546,2026-03-12,2026,EN 17076:2020+A1:2025,CEN,number,none,AMENDING
32026D0546,2026-03-12,2026,EN 17639:2025,CEN,number,none,AMENDING
32026D0546,2026-03-12,2026,EN 17744:2025,CEN,number,none,AMENDING
32026D0546,2026-03-12,2026,EN 17923:2025,CEN,number,none,AMENDING
32026D0546,2026-03-12,2026,EN 81-43:2009,CEN,number,none,AMENDING
32026D0546,2026-03-12,2026,EN 415-8:2008,CEN,number,none,AMENDING
32026D0546,2026-03-12,2026,EN 1459-1:2017,CEN,number,none,AMENDING
32026D0546,2026-03-12,2026,EN 1459-5:2020,CEN,number,none,AMENDING
32026D0546,2026-03-12,2026,EN 12312-15:2006+A1:2009,CEN,number,none,AMENDING
32026D0546,2026-03-12,2026,EN 12965:2019,CEN,number,none,AMENDING
32026D0546,2026-03-12,2026,EN 12999:2020,CEN,number,none,AMENDING
32026D0546,2026-03-12,2026,EN 13001-3-1:2012+A2:2018,CEN,number,none,AMENDING
32026D0546,2026-03-12,2026,EN 13155:2003+A2:2009,CEN,number,none,AMENDING
32026D0546,2026-03-12,2026,EN 13204:2016,CEN,number,none,AMENDING
32026D0546,2026-03-12,2026,EN 13852-1:2013,CEN,number,none,AMENDING
32026D0546,2026-03-12,2026,EN 14439:2006+A2:2009,CEN,number,none,AMENDING
32026D0546,2026-03-12,2026,EN 15895:2011+A1:2018,CEN,number,none,AMENDING
32026D0546,2026-03-12,2026,EN 15954-2:2013,CEN,number,none,AMENDING
32026D0546,2026-03-12,2026,EN 15955-2:2013,CEN,number,none,AMENDING
32026D0546,2026-03-12,2026,EN 81-43:2009,CEN,number,none,AMENDING
32026D0546,2026-03-12,2026,EN 415-8:2008,CEN,number,none,AMENDING
32026D0546,2026-03-12,2026,EN 1459-1:2017,CEN,number,none,AMENDING
32026D0546,2026-03-12,2026,EN 1459-5:2020,CEN,number,none,AMENDING
32026D0546,2026-03-12,2026,EN 12312-15:2006+A1:2009,CEN,number,none,AMENDING
32026D0546,2026-03-12,2026,EN 12965:2019,CEN,number,none,AMENDING
32026D0546,2026-03-12,2026,EN 12999:2020,CEN,number,none,AMENDING
32026D0546,2026-03-12,2026,EN 13001-3-1:2012+A2:2018,CEN,number,none,AMENDING
32026D0546,2026-03-12,2026,EN 13155:2003+A2:2009,CEN,number,none,AMENDING
32026D0546,2026-03-12,2026,EN 13204:2016,CEN,number,none,AMENDING
32026D0546,2026-03-12,2026,EN 13852-1:2013,CEN,number,none,AMENDING
32026D0546,2026-03-12,2026,EN 14439:2006+A2:2009,CEN,number,none,AMENDING
32026D0546,2026-03-12,2026,EN 15895:2011+A1:2018,CEN,number,none,AMENDING
32026D0546,2026-03-12,2026,EN 15954-2:2013,CEN,number,none,AMENDING
32026D0546,2026-03-12,2026,EN 15955-2:2013,CEN,number,none,AMENDING
32026D0546,2026-03-12,2026,EN 474-1:2022,CEN,number,none,AMENDING
32026D0546,2026-03-12,2026,EN 1501-5:2021,CEN,number,none,AMENDING
32026D0546,2026-03-12,2026,EN 1501-5:2021,CEN,number,none,AMENDING
32026D0546,2026-03-12,2026,EN 1501-5:2021,CEN,number,none,AMENDING
32026D0546,2026-03-12,2026,EN 1501-5:2021,CEN,number,none,AMENDING
32026D0546,2026-03-12,2026,EN 1501-5:2021,CEN,number,none,AMENDING
32026D0546,2026-03-12,2026,EN 474-1:2022,CEN,number,none,AMENDING
32026D0546,2026-03-12,2026,EN 1501-5:2021,CEN,number,none,AMENDING
32026D0546,2026-03-12,2026,EN 81-43:2025,CEN,number,addition,AMENDING
32026D0546,2026-03-12,2026,EN 415-2:2025,CEN,number,addition,AMENDING
32026D0546,2026-03-12,2026,EN 415-8:2025,CEN,number,addition,AMENDING
32026D0546,2026-03-12,2026,EN 474-1:2022,CEN,number,addition,AMENDING
32026D0546,2026-03-12,2026,EN 1459-1:2025,CEN,number,addition,AMENDING
32026D0546,2026-03-12,2026,EN 1459-4:2020+A1:2025,CEN,number,addition,AMENDING
32026D0546,2026-03-12,2026,EN 1459-5:2020+A1:2025,CEN,number,addition,AMENDING
32026D0546,2026-03-12,2026,EN 1501-5:2021,CEN,number,addition,AMENDING
32026D0546,2026-03-12,2026,EN 12312-15:2020+A2:2025,CEN,number,addition,AMENDING
32026D0546,2026-03-12,2026,EN 12965:2019+A1:2025,CEN,number,addition,AMENDING
32026D0546,2026-03-12,2026,EN 12999:2020+A1:2025,CEN,number,addition,AMENDING
32026D0546,2026-03-12,2026,EN 13001-3-1:2025,CEN,number,addition,AMENDING
32026D0546,2026-03-12,2026,EN 13155:2020+A1:2025,CEN,number,addition,AMENDING
32026D0546,2026-03-12,2026,EN 13204:2025,CEN,number,addition,AMENDING
32026D0546,2026-03-12,2026,EN 13852-1:2025,CEN,number,addition,AMENDING
32026D0546,2026-03-12,2026,EN 14439:2025,CEN,number,addition,AMENDING
32026D0546,2026-03-12,2026,EN 15180:2025,CEN,number,addition,AMENDING
32026D0546,2026-03-12,2026,EN 15895:2025,CEN,number,addition,AMENDING
32026D0546,2026-03-12,2026,EN 15955-2:2025,CEN,number,addition,AMENDING
32026D0546,2026-03-12,2026,EN 17076:2020+A1:2025,CEN,number,addition,AMENDING
32026D0546,2026-03-12,2026,EN 17639:2025,CEN,number,addition,AMENDING
32026D0546,2026-03-12,2026,EN 17744:2025,CEN,number,addition,AMENDING
32026D0546,2026-03-12,2026,EN 17923:2025,CEN,number,addition,AMENDING
32026D0550,2026-03-12,2026,EN ISO 15085:2003,ISO,explicit,none,AMENDING
32026D0550,2026-03-12,2026,EN ISO 15085:2003,ISO,explicit,none,AMENDING
32026D0550,2026-03-12,2026,EN ISO 15085:2003,ISO,explicit,none,AMENDING
32026D0550,2026-03-12,2026,EN ISO 15085:2024,ISO,explicit,none,AMENDING
32026D0550,2026-03-12,2026,EN ISO 8665-2:2024,ISO,explicit,none,AMENDING
32026D0550,2026-03-12,2026,EN ISO 8665-2:2024,ISO,explicit,none,AMENDING
32026D0550,2026-03-12,2026,EN ISO 15085:2024,ISO,explicit,none,AMENDING
32026D0550,2026-03-12,2026,EN ISO 8665-2:2024,ISO,explicit,none,AMENDING
32026D0550,2026-03-12,2026,EN ISO 15085:2024,ISO,explicit,none,AMENDING
32026D0550,2026-03-12,2026,EN ISO 8665-2:2024,ISO,explicit,none,AMENDING
32026D0550,2026-03-12,2026,EN ISO 15085:2024,ISO,explicit,none,AMENDING
32026D0550,2026-03-12,2026,EN ISO 15085:2003,ISO,explicit,none,AMENDING
32026D0550,2026-03-12,2026,EN ISO 15085:2003,ISO,explicit,none,AMENDING
32026D0550,2026-03-12,2026,EN ISO 15085:2003,ISO,explicit,none,AMENDING
32026D0550,2026-03-12,2026,EN ISO 15085:2024,ISO,explicit,none,AMENDING
32026D0550,2026-03-12,2026,EN ISO 15085:2003,ISO,explicit,none,AMENDING
32026D0550,2026-03-12,2026,EN ISO 15085:2003,ISO,explicit,none,AMENDING
32026D0550,2026-03-12,2026,EN ISO 15085:2003,ISO,explicit,none,AMENDING
32026D0550,2026-03-12,2026,EN ISO 8665-2:2024,ISO,explicit,addition,AMENDING
32026D0550,2026-03-12,2026,EN ISO 15085:2024,ISO,explicit,addition,AMENDING
32025D2519R(01),2026-03-13,2026,EN 71-3:2019+A2:2024,CEN,number,none,CORRIGENDUM
32026D0760,2026-04-01,2026,EN 13060:2014+A1:2018,CEN,number,none,AMENDING
32026D0760,2026-04-01,2026,EN 60118-0:2015,IEC,inferred-60000,none,AMENDING
32026D0760,2026-04-01,2026,EN 13060:2025,CEN,number,none,AMENDING
32026D0760,2026-04-01,2026,EN 14222:2021+A1:2025,CEN,number,none,AMENDING
32026D0760,2026-04-01,2026,EN IEC 60118-0:2024,IEC,explicit,none,AMENDING
32026D0760,2026-04-01,2026,EN 13060:2025,CEN,number,addition,AMENDING
32026D0760,2026-04-01,2026,EN 14222:2021+A1:2025,CEN,number,addition,AMENDING
32026D0760,2026-04-01,2026,EN IEC 60118-0:2024,IEC,explicit,addition,AMENDING
32026D1231,2026-06-11,2026,EN ISO 10993-23:2021,ISO,explicit,none,AMENDING
32026D1231,2026-06-11,2026,EN ISO 10993-12:2021,ISO,explicit,none,AMENDING
32026D1231,2026-06-11,2026,EN ISO 10993-17:2023,ISO,explicit,none,AMENDING
32026D1231,2026-06-11,2026,EN IEC 60601-2-83:2020,IEC,explicit,none,AMENDING
32026D1231,2026-06-11,2026,EN IEC 60601-2-83:2020,IEC,explicit,none,AMENDING
32026D1231,2026-06-11,2026,EN ISO 15223-1:2021,ISO,explicit,none,AMENDING
32026D1231,2026-06-11,2026,EN ISO 10993-23:2021,ISO,explicit,none,AMENDING
32026D1231,2026-06-11,2026,EN ISO 10993-12:2021,ISO,explicit,none,AMENDING
32026D1231,2026-06-11,2026,EN ISO 10993-17:2023,ISO,explicit,none,AMENDING
32026D1231,2026-06-11,2026,EN IEC 60601-2-83:2020,IEC,explicit,none,AMENDING
32026D1231,2026-06-11,2026,EN ISO 15223-1:2021,ISO,explicit,none,AMENDING
32026D1231,2026-06-11,2026,EN ISO 1135-4:2015,ISO,explicit,none,AMENDING
32026D1231,2026-06-11,2026,EN ISO 1135-5:2015,ISO,explicit,none,AMENDING
32026D1231,2026-06-11,2026,EN ISO 10993-1:2020,ISO,explicit,none,AMENDING
32026D1231,2026-06-11,2026,EN ISO 10993-5:2009,ISO,explicit,none,AMENDING
32026D1231,2026-06-11,2026,EN ISO 12870:2018,ISO,explicit,none,AMENDING
32026D1231,2026-06-11,2026,EN ISO 14889:2013,ISO,explicit,none,AMENDING
32026D1231,2026-06-11,2026,EN ISO 14889:2013,ISO,explicit,none,AMENDING
32026D1231,2026-06-11,2026,EN ISO 14607:2018,ISO,explicit,none,AMENDING
32026D1231,2026-06-11,2026,EN ISO 15883-1:2009,ISO,explicit,none,AMENDING
32026D1231,2026-06-11,2026,EN ISO 15883-1:2009,ISO,explicit,none,AMENDING
32026D1231,2026-06-11,2026,EN ISO 15883-2:2009,ISO,explicit,none,AMENDING
32026D1231,2026-06-11,2026,EN ISO 15883-3:2009,ISO,explicit,none,AMENDING
32026D1231,2026-06-11,2026,EN ISO 15883-7:2016,ISO,explicit,none,AMENDING
32026D1231,2026-06-11,2026,EN ISO 22675:2016,ISO,explicit,none,AMENDING
32026D1231,2026-06-11,2026,EN ISO 23908:2013,ISO,explicit,none,AMENDING
32026D1231,2026-06-11,2026,EN 60601-1:2006,IEC,inferred-60000,none,AMENDING
32026D1231,2026-06-11,2026,EN ISO 1135-4:2025,ISO,explicit,none,AMENDING
32026D1231,2026-06-11,2026,EN ISO 1135-5:2025,ISO,explicit,none,AMENDING
32026D1231,2026-06-11,2026,EN ISO 10993-1:2025,ISO,explicit,none,AMENDING
32026D1231,2026-06-11,2026,EN ISO 10993-5:2009,ISO,explicit,none,AMENDING
32026D1231,2026-06-11,2026,EN ISO 10993-5:2009,ISO,explicit,none,AMENDING
32026D1231,2026-06-11,2026,EN ISO 12870:2025,ISO,explicit,none,AMENDING
32026D1231,2026-06-11,2026,EN ISO 14889:2025,ISO,explicit,none,AMENDING
32026D1231,2026-06-11,2026,EN ISO 14607:2025,ISO,explicit,none,AMENDING
32026D1231,2026-06-11,2026,EN ISO 15883-1:2025,ISO,explicit,none,AMENDING
32026D1231,2026-06-11,2026,EN ISO 15883-2:2025,ISO,explicit,none,AMENDING
32026D1231,2026-06-11,2026,EN ISO 15883-3:2025,ISO,explicit,none,AMENDING
32026D1231,2026-06-11,2026,EN ISO 15883-7:2025,ISO,explicit,none,AMENDING
32026D1231,2026-06-11,2026,EN ISO 22675:2025,ISO,explicit,none,AMENDING
32026D1231,2026-06-11,2026,EN ISO 23908:2025,ISO,explicit,none,AMENDING
32026D1231,2026-06-11,2026,EN 60601-1:2006,IEC,inferred-60000,none,AMENDING
32026D1231,2026-06-11,2026,EN 60601-1:2006,IEC,inferred-60000,none,AMENDING
32026D1231,2026-06-11,2026,EN ISO 10993-23:2021,ISO,explicit,none,AMENDING
32026D1231,2026-06-11,2026,EN ISO 10993-12:2021,ISO,explicit,none,AMENDING
32026D1231,2026-06-11,2026,EN ISO 10993-17:2023,ISO,explicit,none,AMENDING
32026D1231,2026-06-11,2026,EN IEC 60601-2-83:2020,IEC,explicit,none,AMENDING
32026D1231,2026-06-11,2026,EN IEC 60601-2-83:2020,IEC,explicit,none,AMENDING
32026D1231,2026-06-11,2026,EN ISO 15223-1:2021,ISO,explicit,none,AMENDING
32026D1231,2026-06-11,2026,EN ISO 10993-23:2021,ISO,explicit,none,AMENDING
32026D1231,2026-06-11,2026,EN ISO 10993-12:2021,ISO,explicit,none,AMENDING
32026D1231,2026-06-11,2026,EN ISO 10993-17:2023,ISO,explicit,none,AMENDING
32026D1231,2026-06-11,2026,EN IEC 60601-2-83:2020,IEC,explicit,none,AMENDING
32026D1231,2026-06-11,2026,EN IEC 60601-2-83:2020,IEC,explicit,none,AMENDING
32026D1231,2026-06-11,2026,EN ISO 15223-1:2021,ISO,explicit,none,AMENDING
32026D1231,2026-06-11,2026,EN ISO 15223-1:2021,ISO,explicit,none,AMENDING
32026D1231,2026-06-11,2026,EN ISO 10993-23:2021,ISO,explicit,addition,AMENDING
32026D1231,2026-06-11,2026,EN ISO 10993-23:2021,ISO,explicit,addition,AMENDING
32026D1231,2026-06-11,2026,EN ISO 10993-12:2021,ISO,explicit,addition,AMENDING
32026D1231,2026-06-11,2026,EN ISO 10993-12:2021,ISO,explicit,addition,AMENDING
32026D1231,2026-06-11,2026,EN ISO 15223-1:2021,ISO,explicit,addition,AMENDING
32026D1231,2026-06-11,2026,EN ISO 15223-1:2021,ISO,explicit,addition,AMENDING
32026D1231,2026-06-11,2026,EN IEC 60601-2-83:2020,IEC,explicit,addition,AMENDING
32026D1231,2026-06-11,2026,EN IEC 60601-2-83:2020,IEC,explicit,addition,AMENDING
32026D1231,2026-06-11,2026,EN IEC 60601-2-83:2020,IEC,explicit,addition,AMENDING
32026D1231,2026-06-11,2026,EN ISO 10993-17:2023,ISO,explicit,addition,AMENDING
32026D1231,2026-06-11,2026,EN ISO 10993-17:2023,ISO,explicit,addition,AMENDING
32026D1231,2026-06-11,2026,EN ISO 1135-4:2025,ISO,explicit,addition,AMENDING
32026D1231,2026-06-11,2026,EN ISO 1135-5:2025,ISO,explicit,addition,AMENDING
32026D1231,2026-06-11,2026,EN ISO 10993-1:2025,ISO,explicit,addition,AMENDING
32026D1231,2026-06-11,2026,EN ISO 10993-5:2009,ISO,explicit,addition,AMENDING
32026D1231,2026-06-11,2026,EN ISO 10993-5:2009,ISO,explicit,addition,AMENDING
32026D1231,2026-06-11,2026,EN ISO 12870:2025,ISO,explicit,addition,AMENDING
32026D1231,2026-06-11,2026,EN ISO 14607:2025,ISO,explicit,addition,AMENDING
32026D1231,2026-06-11,2026,EN ISO 14889:2025,ISO,explicit,addition,AMENDING
32026D1231,2026-06-11,2026,EN ISO 15883-1:2025,ISO,explicit,addition,AMENDING
32026D1231,2026-06-11,2026,EN ISO 15883-2:2025,ISO,explicit,addition,AMENDING
32026D1231,2026-06-11,2026,EN ISO 15883-3:2025,ISO,explicit,addition,AMENDING
32026D1231,2026-06-11,2026,EN ISO 15883-7:2025,ISO,explicit,addition,AMENDING
32026D1231,2026-06-11,2026,EN ISO 22675:2025,ISO,explicit,addition,AMENDING
32026D1231,2026-06-11,2026,EN ISO 23908:2025,ISO,explicit,addition,AMENDING
32026D1231,2026-06-11,2026,EN 60601-1:2006,IEC,inferred-60000,addition,AMENDING
32026D1231,2026-06-11,2026,EN 60601-1:2006,IEC,inferred-60000,addition,AMENDING
32026D1279,2026-06-12,2026,EN ISO 10256-1:2024,ISO,explicit,none,FULL_LIST
32026D1279,2026-06-12,2026,EN ISO 10256-2:2024,ISO,explicit,none,FULL_LIST
32026D1279,2026-06-12,2026,EN ISO 10256-3:2024,ISO,explicit,none,FULL_LIST
32026D1279,2026-06-12,2026,EN ISO 10256-4:2024,ISO,explicit,none,FULL_LIST
32026D1279,2026-06-12,2026,EN 17961:2025,CEN,number,none,FULL_LIST
32026D1279,2026-06-12,2026,EN 18100:2025,CEN,number,none,FULL_LIST
32026D1279,2026-06-12,2026,EN 397:2012+A1:2012,CEN,number,none,FULL_LIST
32026D1279,2026-06-12,2026,EN 420:2003+A1:2009,CEN,number,none,FULL_LIST
32026D1279,2026-06-12,2026,EN ISO 12312-1:2013,ISO,explicit,none,FULL_LIST
32026D1279,2026-06-12,2026,EN ISO 12312-1:2013,ISO,explicit,none,FULL_LIST
32026D1279,2026-06-12,2026,EN 12492:2012,CEN,number,none,FULL_LIST
32026D1279,2026-06-12,2026,EN 17353:2020,CEN,number,none,FULL_LIST
32026D1279,2026-06-12,2026,EN 397:2025,CEN,number,none,FULL_LIST
32026D1279,2026-06-12,2026,EN 397:2025,CEN,number,none,FULL_LIST
32026D1279,2026-06-12,2026,EN ISO 12312-1:2022,ISO,explicit,none,FULL_LIST
32026D1279,2026-06-12,2026,EN ISO 12312-1:2022,ISO,explicit,none,FULL_LIST
32026D1279,2026-06-12,2026,EN 12492:2025,CEN,number,none,FULL_LIST
32026D1279,2026-06-12,2026,EN 17353:2020+A1:2025,CEN,number,none,FULL_LIST
32026D1279,2026-06-12,2026,EN ISO 21420:2020,ISO,explicit,none,FULL_LIST
32026D1279,2026-06-12,2026,EN ISO 21420:2020,ISO,explicit,none,FULL_LIST
32026D1279,2026-06-12,2026,EN 397:2025,CEN,number,none,FULL_LIST
32026D1279,2026-06-12,2026,EN 397:2025,CEN,number,none,FULL_LIST
32026D1279,2026-06-12,2026,EN ISO 10256-1:2024,ISO,explicit,none,FULL_LIST
32026D1279,2026-06-12,2026,EN ISO 10256-2:2024,ISO,explicit,none,FULL_LIST
32026D1279,2026-06-12,2026,EN ISO 10256-3:2024,ISO,explicit,none,FULL_LIST
32026D1279,2026-06-12,2026,EN ISO 10256-4:2024,ISO,explicit,none,FULL_LIST
32026D1279,2026-06-12,2026,EN ISO 12312-1:2022,ISO,explicit,none,FULL_LIST
32026D1279,2026-06-12,2026,EN ISO 12312-1:2022,ISO,explicit,none,FULL_LIST
32026D1279,2026-06-12,2026,EN 12492:2025,CEN,number,none,FULL_LIST
32026D1279,2026-06-12,2026,EN 17353:2020+A1:2025,CEN,number,none,FULL_LIST
32026D1279,2026-06-12,2026,EN 17961:2025,CEN,number,none,FULL_LIST
32026D1279,2026-06-12,2026,EN 18100:2025,CEN,number,none,FULL_LIST
32026D1279,2026-06-12,2026,EN ISO 21420:2020,ISO,explicit,none,FULL_LIST
32026D1279,2026-06-12,2026,EN ISO 21420:2020,ISO,explicit,none,FULL_LIST
32026D1279,2026-06-12,2026,EN 397:2025,CEN,number,none,FULL_LIST
32026D1279,2026-06-12,2026,EN ISO 10256-1:2024,ISO,explicit,none,FULL_LIST
32026D1279,2026-06-12,2026,EN ISO 10256-2:2024,ISO,explicit,none,FULL_LIST
32026D1279,2026-06-12,2026,EN ISO 10256-3:2024,ISO,explicit,none,FULL_LIST
32026D1279,2026-06-12,2026,EN ISO 10256-4:2024,ISO,explicit,none,FULL_LIST
32026D1279,2026-06-12,2026,EN ISO 12312-1:2022,ISO,explicit,none,FULL_LIST
32026D1279,2026-06-12,2026,EN ISO 12312-1:2022,ISO,explicit,none,FULL_LIST
32026D1279,2026-06-12,2026,EN 12492:2025,CEN,number,none,FULL_LIST
32026D1279,2026-06-12,2026,EN 17353:2020+A1:2025,CEN,number,none,FULL_LIST
32026D1279,2026-06-12,2026,EN 17961:2025,CEN,number,none,FULL_LIST
32026D1279,2026-06-12,2026,EN 18100:2025,CEN,number,none,FULL_LIST
32026D1279,2026-06-12,2026,EN ISO 21420:2020,ISO,explicit,none,FULL_LIST
32026D1279,2026-06-12,2026,EN ISO 21420:2020,ISO,explicit,none,FULL_LIST
32026D1279,2026-06-12,2026,EN 397:2025,CEN,number,none,FULL_LIST
32026D1279,2026-06-12,2026,EN 397:2012+A1:2012,CEN,number,none,FULL_LIST
32026D1279,2026-06-12,2026,EN 420:2003+A1:2009,CEN,number,none,FULL_LIST
32026D1279,2026-06-12,2026,EN ISO 12312-1:2013,ISO,explicit,none,FULL_LIST
32026D1279,2026-06-12,2026,EN ISO 12312-1:2013,ISO,explicit,none,FULL_LIST
32026D1279,2026-06-12,2026,EN 12492:2012,CEN,number,none,FULL_LIST
32026D1279,2026-06-12,2026,EN 17353:2020,CEN,number,none,FULL_LIST
32026D1279,2026-06-12,2026,EN 136:1998,CEN,number,none,FULL_LIST
32026D1279,2026-06-12,2026,EN 136:1998,CEN,number,none,FULL_LIST
32026D1279,2026-06-12,2026,EN 137:2006,CEN,number,none,FULL_LIST
32026D1279,2026-06-12,2026,EN 140:1998,CEN,number,none,FULL_LIST
32026D1279,2026-06-12,2026,EN 140:1998,CEN,number,none,FULL_LIST
32026D1279,2026-06-12,2026,EN 142:2002,CEN,number,none,FULL_LIST
32026D1279,2026-06-12,2026,EN 143:2021,CEN,number,none,FULL_LIST
32026D1279,2026-06-12,2026,EN 144-1:2000,CEN,number,none,FULL_LIST
32026D1279,2026-06-12,2026,EN 144-1:2000,CEN,number,none,FULL_LIST
32026D1279,2026-06-12,2026,EN 144-1:2000,CEN,number,none,FULL_LIST
32026D1279,2026-06-12,2026,EN 144-2:1998,CEN,number,none,FULL_LIST
32026D1279,2026-06-12,2026,EN 144-3:2003,CEN,number,none,FULL_LIST
32026D1279,2026-06-12,2026,EN 144-3:2003,CEN,number,none,FULL_LIST
32026D1279,2026-06-12,2026,EN 145:1997,CEN,number,none,FULL_LIST
32026D1279,2026-06-12,2026,EN 145:1997,CEN,number,none,FULL_LIST
32026D1279,2026-06-12,2026,EN 148-1:1999,CEN,number,none,FULL_LIST
32026D1279,2026-06-12,2026,EN 148-2:1999,CEN,number,none,FULL_LIST
32026D1279,2026-06-12,2026,EN 148-3:1999,CEN,number,none,FULL_LIST
32026D1279,2026-06-12,2026,EN 149:2001+A1:2009,CEN,number,none,FULL_LIST
32026D1279,2026-06-12,2026,EN 207:2017,CEN,number,none,FULL_LIST
32026D1279,2026-06-12,2026,EN 208:2009,CEN,number,none,FULL_LIST
32026D1279,2026-06-12,2026,EN 250:2014,CEN,number,none,FULL_LIST
32026D1279,2026-06-12,2026,EN 342:2017,CEN,number,none,FULL_LIST
32026D1279,2026-06-12,2026,EN 343:2019,CEN,number,none,FULL_LIST
32026D1279,2026-06-12,2026,EN 352-1:2020,CEN,number,none,FULL_LIST
32026D1279,2026-06-12,2026,EN 352-2:2020+A1:2024,CEN,number,none,FULL_LIST
32026D1279,2026-06-12,2026,EN 352-3:2020,CEN,number,none,FULL_LIST
32026D1279,2026-06-12,2026,EN 352-4:2020,CEN,number,none,FULL_LIST
32026D1279,2026-06-12,2026,EN 352-5:2020,CEN,number,none,FULL_LIST
32026D1279,2026-06-12,2026,EN 352-6:2020+A1:2024,CEN,number,none,FULL_LIST
32026D1279,2026-06-12,2026,EN 352-7:2020,CEN,number,none,FULL_LIST
32026D1279,2026-06-12,2026,EN 352-8:2020+A1:2024,CEN,number,none,FULL_LIST
32026D1279,2026-06-12,2026,EN 352-9:2020+A1:2024,CEN,number,none,FULL_LIST
32026D1279,2026-06-12,2026,EN 352-10:2020+A1:2024,CEN,number,none,FULL_LIST
32026D1279,2026-06-12,2026,EN 353-1:2014+A1:2017,CEN,number,none,FULL_LIST
32026D1279,2026-06-12,2026,EN 353-2:2024,CEN,number,none,FULL_LIST
32026D1279,2026-06-12,2026,EN 354:2010,CEN,number,none,FULL_LIST
32026D1279,2026-06-12,2026,EN 355:2002,CEN,number,none,FULL_LIST
32026D1279,2026-06-12,2026,EN 358:2018,CEN,number,none,FULL_LIST
32026D1279,2026-06-12,2026,EN 360:2023,CEN,number,none,FULL_LIST
32026D1279,2026-06-12,2026,EN 361:2002,CEN,number,none,FULL_LIST
32026D1279,2026-06-12,2026,EN 362:2004,CEN,number,none,FULL_LIST
32026D1279,2026-06-12,2026,EN 365:2004,CEN,number,none,FULL_LIST
32026D1279,2026-06-12,2026,EN 365:2004,CEN,number,none,FULL_LIST
32026D1279,2026-06-12,2026,EN ISO 374-1:2016,ISO,explicit,none,FULL_LIST
32026D1279,2026-06-12,2026,EN ISO 374-5:2016,ISO,explicit,none,FULL_LIST
32026D1279,2026-06-12,2026,EN 388:2016+A1:2018,CEN,number,none,FULL_LIST
32026D1279,2026-06-12,2026,EN 397:2025,CEN,number,none,FULL_LIST
32026D1279,2026-06-12,2026,EN 397:2025,CEN,number,none,FULL_LIST
32026D1279,2026-06-12,2026,EN 402:2003,CEN,number,none,FULL_LIST
32026D1279,2026-06-12,2026,EN 403:2004,CEN,number,none,FULL_LIST
32026D1279,2026-06-12,2026,EN 404:2005,CEN,number,none,FULL_LIST
32026D1279,2026-06-12,2026,EN 405:2001+A1:2009,CEN,number,none,FULL_LIST
32026D1279,2026-06-12,2026,EN 407:2004,CEN,number,none,FULL_LIST
32026D1279,2026-06-12,2026,EN 421:2010,CEN,number,none,FULL_LIST
32026D1279,2026-06-12,2026,EN 443:2008,CEN,number,none,FULL_LIST
32026D1279,2026-06-12,2026,EN 469:2020,CEN,number,none,FULL_LIST
32026D1279,2026-06-12,2026,EN 510:2019,CEN,number,none,FULL_LIST
32026D1279,2026-06-12,2026,EN 511:2006,CEN,number,none,FULL_LIST
32026D1279,2026-06-12,2026,EN 564:2023,CEN,number,none,FULL_LIST
32026D1279,2026-06-12,2026,EN 565:2017,CEN,number,none,FULL_LIST
32026D1279,2026-06-12,2026,EN 566:2017,CEN,number,none,FULL_LIST
32026D1279,2026-06-12,2026,EN 567:2013,CEN,number,none,FULL_LIST
32026D1279,2026-06-12,2026,EN 568:2015,CEN,number,none,FULL_LIST
32026D1279,2026-06-12,2026,EN 569:2007,CEN,number,none,FULL_LIST
32026D1279,2026-06-12,2026,EN 659:2003+A1:2008,CEN,number,none,FULL_LIST
32026D1279,2026-06-12,2026,EN 659:2003+A1:2008,CEN,number,none,FULL_LIST
32026D1279,2026-06-12,2026,EN 795:2012,CEN,number,none,FULL_LIST
32026D1279,2026-06-12,2026,EN 812:2012,CEN,number,none,FULL_LIST
32026D1279,2026-06-12,2026,EN 813:2024,CEN,number,none,FULL_LIST
32026D1279,2026-06-12,2026,EN 892:2012+A3:2023,CEN,number,none,FULL_LIST
32026D1279,2026-06-12,2026,EN 893:2019,CEN,number,none,FULL_LIST
32026D1279,2026-06-12,2026,EN 943-1:2015+A1:2019,CEN,number,none,FULL_LIST
32026D1279,2026-06-12,2026,EN 943-2:2019,CEN,number,none,FULL_LIST
32026D1279,2026-06-12,2026,EN 958:2024,CEN,number,none,FULL_LIST
32026D1279,2026-06-12,2026,EN 966:2012+A1:2012,CEN,number,none,FULL_LIST
32026D1279,2026-06-12,2026,EN 1073-1:2016+A1:2018,CEN,number,none,FULL_LIST
32026D1279,2026-06-12,2026,EN 1073-2:2002,CEN,number,none,FULL_LIST
32026D1279,2026-06-12,2026,EN 1077:2007,CEN,number,none,FULL_LIST
32026D1279,2026-06-12,2026,EN 1078:2012+A1:2012,CEN,number,none,FULL_LIST
32026D1279,2026-06-12,2026,EN 1080:2013,CEN,number,none,FULL_LIST
32026D1279,2026-06-12,2026,EN 1082-1:1996,CEN,number,none,FULL_LIST
32026D1279,2026-06-12,2026,EN 1082-2:2000,CEN,number,none,FULL_LIST
32026D1279,2026-06-12,2026,EN 1146:2005,CEN,number,none,FULL_LIST
32026D1279,2026-06-12,2026,EN 1149-5:2018,CEN,number,none,FULL_LIST
32026D1279,2026-06-12,2026,EN 1384:2023,CEN,number,none,FULL_LIST
32026D1279,2026-06-12,2026,EN 1385:2012,CEN,number,none,FULL_LIST
32026D1279,2026-06-12,2026,EN 1486:2007,CEN,number,none,FULL_LIST
32026D1279,2026-06-12,2026,EN 1497:2007,CEN,number,none,FULL_LIST
32026D1279,2026-06-12,2026,EN 1827:1999+A1:2009,CEN,number,none,FULL_LIST
32026D1279,2026-06-12,2026,EN 1891:1998,CEN,number,none,FULL_LIST
32026D1279,2026-06-12,2026,EN 1938:2010,CEN,number,none,FULL_LIST
32026D1279,2026-06-12,2026,EN ISO 10256-1:2024,ISO,explicit,none,FULL_LIST
32026D1279,2026-06-12,2026,EN ISO 10256-2:2024,ISO,explicit,none,FULL_LIST
32026D1279,2026-06-12,2026,EN ISO 10256-3:2024,ISO,explicit,none,FULL_LIST
32026D1279,2026-06-12,2026,EN ISO 10256-4:2024,ISO,explicit,none,FULL_LIST
32026D1279,2026-06-12,2026,EN ISO 10819:2013,ISO,explicit,none,FULL_LIST
32026D1279,2026-06-12,2026,EN ISO 10819:2013,ISO,explicit,none,FULL_LIST
32026D1279,2026-06-12,2026,EN ISO 10819:2013,ISO,explicit,none,FULL_LIST
32026D1279,2026-06-12,2026,EN ISO 10862:2009,ISO,explicit,none,FULL_LIST
32026D1279,2026-06-12,2026,EN ISO 11393-2:2019,ISO,explicit,none,FULL_LIST
32026D1279,2026-06-12,2026,EN ISO 11393-4:2019,ISO,explicit,none,FULL_LIST
32026D1279,2026-06-12,2026,EN ISO 11393-5:2019,ISO,explicit,none,FULL_LIST
32026D1279,2026-06-12,2026,EN ISO 11393-6:2019,ISO,explicit,none,FULL_LIST
32026D1279,2026-06-12,2026,EN 12021:2014,CEN,number,none,FULL_LIST
32026D1279,2026-06-12,2026,EN 12083:1998,CEN,number,none,FULL_LIST
32026D1279,2026-06-12,2026,EN 12083:1998,CEN,number,none,FULL_LIST
32026D1279,2026-06-12,2026,EN 12270:2013,CEN,number,none,FULL_LIST
32026D1279,2026-06-12,2026,EN 12275:2013,CEN,number,none,FULL_LIST
32026D1279,2026-06-12,2026,EN 12276:2013,CEN,number,none,FULL_LIST
32026D1279,2026-06-12,2026,EN 12277:2015+A1:2018,CEN,number,none,FULL_LIST
32026D1279,2026-06-12,2026,EN 12278:2007,CEN,number,none,FULL_LIST
32026D1279,2026-06-12,2026,EN ISO 12312-1:2022,ISO,explicit,none,FULL_LIST
32026D1279,2026-06-12,2026,EN ISO 12312-1:2022,ISO,explicit,none,FULL_LIST
32026D1279,2026-06-12,2026,EN ISO 12312-2:2015,ISO,explicit,none,FULL_LIST
32026D1279,2026-06-12,2026,EN ISO 12401:2009,ISO,explicit,none,FULL_LIST
32026D1279,2026-06-12,2026,EN ISO 12402-2:2020,ISO,explicit,none,FULL_LIST
32026D1279,2026-06-12,2026,EN ISO 12402-3:2020,ISO,explicit,none,FULL_LIST
32026D1279,2026-06-12,2026,EN ISO 12402-4:2020,ISO,explicit,none,FULL_LIST
32026D1279,2026-06-12,2026,EN ISO 12402-5:2020,ISO,explicit,none,FULL_LIST
32026D1279,2026-06-12,2026,EN ISO 12402-6:2020,ISO,explicit,none,FULL_LIST
32026D1279,2026-06-12,2026,EN ISO 12402-8:2020,ISO,explicit,none,FULL_LIST
32026D1279,2026-06-12,2026,EN 12477:2001,CEN,number,none,FULL_LIST
32026D1279,2026-06-12,2026,EN 12477:2001,CEN,number,none,FULL_LIST
32026D1279,2026-06-12,2026,EN 12492:2025,CEN,number,none,FULL_LIST
32026D1279,2026-06-12,2026,EN 12841:2024,CEN,number,none,FULL_LIST
32026D1279,2026-06-12,2026,EN 12941:2023,CEN,number,none,FULL_LIST
32026D1279,2026-06-12,2026,EN 12942:2023,CEN,number,none,FULL_LIST
32026D1279,2026-06-12,2026,EN 13034:2005+A1:2009,CEN,number,none,FULL_LIST
32026D1279,2026-06-12,2026,EN 13061:2009,CEN,number,none,FULL_LIST
32026D1279,2026-06-12,2026,EN 13089:2011+A3:2023,CEN,number,none,FULL_LIST
32026D1279,2026-06-12,2026,EN 13138-1:2021,CEN,number,none,FULL_LIST
32026D1279,2026-06-12,2026,EN 13138-1:2021,CEN,number,none,FULL_LIST
32026D1279,2026-06-12,2026,EN 13158:2018,CEN,number,none,FULL_LIST
32026D1279,2026-06-12,2026,EN 13178:2000,CEN,number,none,FULL_LIST
32026D1279,2026-06-12,2026,EN 13277-1:2000,CEN,number,none,FULL_LIST
32026D1279,2026-06-12,2026,EN 13277-2:2000,CEN,number,none,FULL_LIST
32026D1279,2026-06-12,2026,EN 13277-3:2013,CEN,number,none,FULL_LIST
32026D1279,2026-06-12,2026,EN 13277-4:2001,CEN,number,none,FULL_LIST
32026D1279,2026-06-12,2026,EN 13277-4:2001,CEN,number,none,FULL_LIST
32026D1279,2026-06-12,2026,EN 13277-5:2002,CEN,number,none,FULL_LIST
32026D1279,2026-06-12,2026,EN 13277-6:2003,CEN,number,none,FULL_LIST
32026D1279,2026-06-12,2026,EN 13277-7:2009,CEN,number,none,FULL_LIST
32026D1279,2026-06-12,2026,EN 13277-8:2017,CEN,number,none,FULL_LIST
32026D1279,2026-06-12,2026,EN 13484:2012,CEN,number,none,FULL_LIST
32026D1279,2026-06-12,2026,EN 13546:2002+A1:2007,CEN,number,none,FULL_LIST
32026D1279,2026-06-12,2026,EN 13567:2002+A1:2007,CEN,number,none,FULL_LIST
32026D1279,2026-06-12,2026,EN 13594:2015,CEN,number,none,FULL_LIST
32026D1279,2026-06-12,2026,EN 13634:2017,CEN,number,none,FULL_LIST
32026D1279,2026-06-12,2026,EN ISO 13688:2013,ISO,explicit,none,FULL_LIST
32026D1279,2026-06-12,2026,EN ISO 13688:2013,ISO,explicit,none,FULL_LIST
32026D1279,2026-06-12,2026,EN 13781:2012,CEN,number,none,FULL_LIST
32026D1279,2026-06-12,2026,EN 13794:2002,CEN,number,none,FULL_LIST
32026D1279,2026-06-12,2026,EN 13832-2:2018,CEN,number,none,FULL_LIST
32026D1279,2026-06-12,2026,EN 13832-3:2018,CEN,number,none,FULL_LIST
32026D1279,2026-06-12,2026,EN 13949:2003,CEN,number,none,FULL_LIST
32026D1279,2026-06-12,2026,EN ISO 13982-1:2004,ISO,explicit,none,FULL_LIST
32026D1279,2026-06-12,2026,EN ISO 13982-1:2004,ISO,explicit,none,FULL_LIST
32026D1279,2026-06-12,2026,EN ISO 13998:2003,ISO,explicit,none,FULL_LIST
32026D1279,2026-06-12,2026,EN 14021:2003,CEN,number,none,FULL_LIST
32026D1279,2026-06-12,2026,EN 14052:2012+A1:2012,CEN,number,none,FULL_LIST
32026D1279,2026-06-12,2026,EN 14058:2017+A1:2023,CEN,number,none,FULL_LIST
32026D1279,2026-06-12,2026,EN 14120:2003+A1:2007,CEN,number,none,FULL_LIST
32026D1279,2026-06-12,2026,EN 14126:2003,CEN,number,none,FULL_LIST
32026D1279,2026-06-12,2026,EN 14126:2003,CEN,number,none,FULL_LIST
32026D1279,2026-06-12,2026,EN 14143:2013,CEN,number,none,FULL_LIST
32026D1279,2026-06-12,2026,EN 14225-1:2017,CEN,number,none,FULL_LIST
32026D1279,2026-06-12,2026,EN 14225-2:2017,CEN,number,none,FULL_LIST
32026D1279,2026-06-12,2026,EN 14225-3:2017,CEN,number,none,FULL_LIST
32026D1279,2026-06-12,2026,EN 14328:2005,CEN,number,none,FULL_LIST
32026D1279,2026-06-12,2026,EN 14387:2004+A1:2008,CEN,number,none,FULL_LIST
32026D1279,2026-06-12,2026,EN 14404-2:2024,CEN,number,none,FULL_LIST
32026D1279,2026-06-12,2026,EN 14404-3:2024,CEN,number,none,FULL_LIST
32026D1279,2026-06-12,2026,EN 14404-4:2024,CEN,number,none,FULL_LIST
32026D1279,2026-06-12,2026,EN 14404-6:2024,CEN,number,none,FULL_LIST
32026D1279,2026-06-12,2026,EN 14435:2004,CEN,number,none,FULL_LIST
32026D1279,2026-06-12,2026,EN 14458:2018,CEN,number,none,FULL_LIST
32026D1279,2026-06-12,2026,EN ISO 14460:1999,ISO,explicit,none,FULL_LIST
32026D1279,2026-06-12,2026,EN ISO 14460:1999,ISO,explicit,none,FULL_LIST
32026D1279,2026-06-12,2026,EN ISO 14460:1999,ISO,explicit,none,FULL_LIST
32026D1279,2026-06-12,2026,EN 14529:2005,CEN,number,none,FULL_LIST
32026D1279,2026-06-12,2026,EN 14593-1:2005,CEN,number,none,FULL_LIST
32026D1279,2026-06-12,2026,EN 14594:2018,CEN,number,none,FULL_LIST
32026D1279,2026-06-12,2026,EN 14605:2005+A1:2009,CEN,number,none,FULL_LIST
32026D1279,2026-06-12,2026,EN ISO 14877:2002,ISO,explicit,none,FULL_LIST
32026D1279,2026-06-12,2026,EN ISO 15027-1:2012,ISO,explicit,none,FULL_LIST
32026D1279,2026-06-12,2026,EN ISO 15027-2:2012,ISO,explicit,none,FULL_LIST
32026D1279,2026-06-12,2026,EN 15090:2012,CEN,number,none,FULL_LIST
32026D1279,2026-06-12,2026,EN 15151-1:2012,CEN,number,none,FULL_LIST
32026D1279,2026-06-12,2026,EN 15333-1:2008,CEN,number,none,FULL_LIST
32026D1279,2026-06-12,2026,EN 15333-1:2008,CEN,number,none,FULL_LIST
32026D1279,2026-06-12,2026,EN 15333-2:2009,CEN,number,none,FULL_LIST
32026D1279,2026-06-12,2026,EN 15613:2008,CEN,number,none,FULL_LIST
32026D1279,2026-06-12,2026,EN 16027:2011,CEN,number,none,FULL_LIST
32026D1279,2026-06-12,2026,EN ISO 16321-1:2022,ISO,explicit,none,FULL_LIST
32026D1279,2026-06-12,2026,EN ISO 16321-2:2021,ISO,explicit,none,FULL_LIST
32026D1279,2026-06-12,2026,EN ISO 16321-1:2020,ISO,explicit,none,FULL_LIST
32026D1279,2026-06-12,2026,EN ISO 16321-1:2022,ISO,explicit,none,FULL_LIST
32026D1279,2026-06-12,2026,EN ISO 16321-3:2022,ISO,explicit,none,FULL_LIST
32026D1279,2026-06-12,2026,EN ISO 16321-1:2020,ISO,explicit,none,FULL_LIST
32026D1279,2026-06-12,2026,EN ISO 16321-1:2022,ISO,explicit,none,FULL_LIST
32026D1279,2026-06-12,2026,EN 16350:2014,CEN,number,none,FULL_LIST
32026D1279,2026-06-12,2026,EN 16473:2014,CEN,number,none,FULL_LIST
32026D1279,2026-06-12,2026,EN 16716:2017,CEN,number,none,FULL_LIST
32026D1279,2026-06-12,2026,EN 17092-2:2020,CEN,number,none,FULL_LIST
32026D1279,2026-06-12,2026,EN 17092-3:2020,CEN,number,none,FULL_LIST
32026D1279,2026-06-12,2026,EN 17092-4:2020,CEN,number,none,FULL_LIST
32026D1279,2026-06-12,2026,EN 17092-5:2020,CEN,number,none,FULL_LIST
32026D1279,2026-06-12,2026,EN 17092-6:2020,CEN,number,none,FULL_LIST
32026D1279,2026-06-12,2026,EN 17109:2020+A1:2024,CEN,number,none,FULL_LIST
32026D1279,2026-06-12,2026,EN ISO 17249:2013,ISO,explicit,none,FULL_LIST
32026D1279,2026-06-12,2026,EN ISO 17249:2013,ISO,explicit,none,FULL_LIST
32026D1279,2026-06-12,2026,EN 17353:2020+A1:2025,CEN,number,none,FULL_LIST
32026D1279,2026-06-12,2026,EN 17487:2024,CEN,number,none,FULL_LIST
32026D1279,2026-06-12,2026,EN 17520:2021,CEN,number,none,FULL_LIST
32026D1279,2026-06-12,2026,EN 17961:2025,CEN,number,none,FULL_LIST
32026D1279,2026-06-12,2026,EN 18100:2025,CEN,number,none,FULL_LIST
32026D1279,2026-06-12,2026,EN ISO 18527-1:2022,ISO,explicit,none,FULL_LIST
32026D1279,2026-06-12,2026,EN ISO 18527-2:2021,ISO,explicit,none,FULL_LIST
32026D1279,2026-06-12,2026,EN ISO 20320:2020,ISO,explicit,none,FULL_LIST
32026D1279,2026-06-12,2026,EN ISO 20345:2022,ISO,explicit,none,FULL_LIST
32026D1279,2026-06-12,2026,EN ISO 20345:2022,ISO,explicit,none,FULL_LIST
32026D1279,2026-06-12,2026,EN ISO 20346:2022,ISO,explicit,none,FULL_LIST
32026D1279,2026-06-12,2026,EN ISO 20346:2022,ISO,explicit,none,FULL_LIST
32026D1279,2026-06-12,2026,EN ISO 20347:2022,ISO,explicit,none,FULL_LIST
32026D1279,2026-06-12,2026,EN ISO 20347:2022,ISO,explicit,none,FULL_LIST
32026D1279,2026-06-12,2026,EN ISO 20349-1:2017,ISO,explicit,none,FULL_LIST
32026D1279,2026-06-12,2026,EN ISO 20349-1:2017,ISO,explicit,none,FULL_LIST
32026D1279,2026-06-12,2026,EN ISO 20349-2:2017,ISO,explicit,none,FULL_LIST
32026D1279,2026-06-12,2026,EN ISO 20349-2:2017,ISO,explicit,none,FULL_LIST
32026D1279,2026-06-12,2026,EN ISO 20471:2013,ISO,explicit,none,FULL_LIST
32026D1279,2026-06-12,2026,EN ISO 20471:2013,ISO,explicit,none,FULL_LIST
32026D1279,2026-06-12,2026,EN ISO 21420:2020,ISO,explicit,none,FULL_LIST
32026D1279,2026-06-12,2026,EN ISO 21420:2020,ISO,explicit,none,FULL_LIST
32026D1279,2026-06-12,2026,EN ISO 27065:2017,ISO,explicit,none,FULL_LIST
32026D1279,2026-06-12,2026,EN ISO 27065:2017,ISO,explicit,none,FULL_LIST
32026D1279,2026-06-12,2026,EN 50321-1:2018,CENELEC,number,none,FULL_LIST
32026D1279,2026-06-12,2026,EN 50321-1:2018,CENELEC,number,none,FULL_LIST
32026D1279,2026-06-12,2026,EN 50365:2023,CENELEC,number,none,FULL_LIST
32026D1279,2026-06-12,2026,EN 50365:2023,CENELEC,number,none,FULL_LIST
32026D1279,2026-06-12,2026,EN 61482-2:2020,IEC,inferred-60000,none,FULL_LIST
32026D1279,2026-06-12,2026,EN 352-2:2020,CEN,number,none,FULL_LIST
32026D1279,2026-06-12,2026,EN 352-6:2020,CEN,number,none,FULL_LIST
32026D1279,2026-06-12,2026,EN 352-8:2020,CEN,number,none,FULL_LIST
32026D1279,2026-06-12,2026,EN 352-9:2020,CEN,number,none,FULL_LIST
32026D1279,2026-06-12,2026,EN 352-10:2020,CEN,number,none,FULL_LIST
32026D1279,2026-06-12,2026,EN 353-2:2002,CEN,number,none,FULL_LIST
32026D1279,2026-06-12,2026,EN 397:2012+A1:2012,CEN,number,none,FULL_LIST
32026D1279,2026-06-12,2026,EN 420:2003+A1:2009,CEN,number,none,FULL_LIST
32026D1279,2026-06-12,2026,EN 813:2008,CEN,number,none,FULL_LIST
32026D1279,2026-06-12,2026,EN 958:2017,CEN,number,none,FULL_LIST
32026D1279,2026-06-12,2026,EN ISO 12312-1:2013,ISO,explicit,none,FULL_LIST
32026D1279,2026-06-12,2026,EN ISO 12312-1:2013,ISO,explicit,none,FULL_LIST
32026D1279,2026-06-12,2026,EN 12492:2012,CEN,number,none,FULL_LIST
32026D1279,2026-06-12,2026,EN 12941:1998,CEN,number,none,FULL_LIST
32026D1279,2026-06-12,2026,EN 12941:1998,CEN,number,none,FULL_LIST
32026D1279,2026-06-12,2026,EN 12941:1998,CEN,number,none,FULL_LIST
32026D1279,2026-06-12,2026,EN 12942:1998,CEN,number,none,FULL_LIST
32026D1279,2026-06-12,2026,EN 12942:1998,CEN,number,none,FULL_LIST
32026D1279,2026-06-12,2026,EN 12942:1998,CEN,number,none,FULL_LIST
32026D1279,2026-06-12,2026,EN 17109:2020,CEN,number,none,FULL_LIST
32026D1279,2026-06-12,2026,EN 17353:2020,CEN,number,none,FULL_LIST
32026D1736,2026-07-14,2026,EN 18216:2026,CEN,number,none,FULL_LIST
32026D1736,2026-07-14,2026,EN 18219:2026,CEN,number,none,FULL_LIST
32026D1736,2026-07-14,2026,EN 18220:2026,CEN,number,none,FULL_LIST
32026D1736,2026-07-14,2026,EN 18221:2026,CEN,number,none,FULL_LIST
32026D1736,2026-07-14,2026,EN 18222:2026,CEN,number,none,FULL_LIST
32026D1736,2026-07-14,2026,EN 18223:2026,CEN,number,none,FULL_LIST
32026D1736,2026-07-14,2026,EN 18216:2026,CEN,number,none,FULL_LIST
32026D1736,2026-07-14,2026,EN 18219:2026,CEN,number,none,FULL_LIST
32026D1736,2026-07-14,2026,EN 18220:2026,CEN,number,none,FULL_LIST
32026D1736,2026-07-14,2026,EN 18221:2026,CEN,number,none,FULL_LIST
32026D1736,2026-07-14,2026,EN 18222:2026,CEN,number,none,FULL_LIST
32026D1736,2026-07-14,2026,EN 18223:2026,CEN,number,none,FULL_LIST
32026D1736,2026-07-14,2026,EN 18216:2026,CEN,number,none,FULL_LIST
32026D1736,2026-07-14,2026,EN 18219:2026,CEN,number,none,FULL_LIST
32026D1736,2026-07-14,2026,EN 18220:2026,CEN,number,none,FULL_LIST
32026D1736,2026-07-14,2026,EN 18221:2026,CEN,number,none,FULL_LIST
32026D1736,2026-07-14,2026,EN 18222:2026,CEN,number,none,FULL_LIST
32026D1736,2026-07-14,2026,EN 18223:2026,CEN,number,none,FULL_LIST
32026D1736,2026-07-14,2026,EN 18216:2026,CEN,number,none,FULL_LIST
32026D1736,2026-07-14,2026,EN 18219:2026,CEN,number,none,FULL_LIST
32026D1736,2026-07-14,2026,EN 18220:2026,CEN,number,none,FULL_LIST
32026D1736,2026-07-14,2026,EN 18221:2026,CEN,number,none,FULL_LIST
32026D1736,2026-07-14,2026,EN 18222:2026,CEN,number,none,FULL_LIST
32026D1736,2026-07-14,2026,EN 18223:2026,CEN,number,none,FULL_LIST
32026D1717,2026-07-20,2026,EN 13203-1:2025,CEN,number,none,FULL_LIST
32026D1717,2026-07-20,2026,EN 13203-1:2025,CEN,number,none,FULL_LIST
32026D1717,2026-07-20,2026,EN 89:1999,CEN,number,none,FULL_LIST
32026D1717,2026-07-20,2026,EN 13203-2:2006,CEN,number,none,FULL_LIST
32026D1717,2026-07-20,2026,EN 15036-1:2006,CEN,number,none,FULL_LIST
32026D1717,2026-07-20,2026,EN 13203-1:2025,CEN,number,none,FULL_LIST
32026D1717,2026-07-20,2026,EN 13203-1:2025,CEN,number,none,FULL_LIST
32026D1750,2026-07-20,2026,EN 17476:2021,CEN,number,none,FULL_LIST
32026D1750,2026-07-20,2026,EN 497:2022,CEN,number,none,FULL_LIST
32026D1750,2026-07-20,2026,EN 497:2022,CEN,number,none,FULL_LIST
32026D1750,2026-07-20,2026,EN 17476:2021,CEN,number,none,FULL_LIST
32026D1750,2026-07-20,2026,EN 17476:2021,CEN,number,none,FULL_LIST
32026D1750,2026-07-20,2026,EN 17476:2021,CEN,number,none,FULL_LIST
32026D1750,2026-07-20,2026,EN 17476:2021,CEN,number,none,FULL_LIST
32026D1750,2026-07-20,2026,EN 17476:2021,CEN,number,none,FULL_LIST
32026D1750,2026-07-20,2026,EN 17476:2021,CEN,number,none,FULL_LIST
32026D1750,2026-07-20,2026,EN 17476:2021,CEN,number,none,FULL_LIST
32026D1750,2026-07-20,2026,EN 17476:2021,CEN,number,none,FULL_LIST
32026D1750,2026-07-20,2026,EN 497:2022,CEN,number,none,FULL_LIST
32026D1750,2026-07-20,2026,EN 497:2022,CEN,number,none,FULL_LIST
32026D1750,2026-07-20,2026,EN 17476:2021,CEN,number,none,FULL_LIST
32026D1750,2026-07-20,2026,EN 17476:2021,CEN,number,none,FULL_LIST
32026D1750,2026-07-20,2026,EN 497:2022,CEN,number,none,FULL_LIST
32026D1750,2026-07-20,2026,EN 17476:2021,CEN,number,none,FULL_LIST
32026D1750,2026-07-20,2026,EN 17476:2021,CEN,number,none,FULL_LIST
32026D1750,2026-07-20,2026,EN 497:2022,CEN,number,none,FULL_LIST
